
===========================================================================
HoloNet TEST INFERENCE
===========================================================================
Device:              cuda
Model:               best_model_fft_final.pth
Patch size:          256
Patches/image:      64

Training Z normalization:
  Z mean = 30.59822877
  Z std  = 21.75293980

Number of test images: 5653
Model loaded successfully.

Image | Z_GT | Z_pred | Abs Error | Time(s)
--------------------------------------------------------------------------------
infer_fft_final.py:251: UserWarning: Specified kernel cache directory could not be created! This disables kernel caching. Specified directory is /Home/Users/celachkar/.cache/torch/kernels. This warning will appear only once per process. (Triggered internally at ../aten/src/ATen/native/cuda/jit_utils.cpp:1442.)
  torch.abs(fft)
73749.tiff | 5.099 | 4.285 | 0.814 | 5.6226
75216.tiff | 40.831 | 42.880 | 2.050 | 0.0452
74701.tiff | 14.274 | 18.961 | 4.687 | 0.0452
67859.tiff | 34.328 | 40.691 | 6.363 | 0.0452
69623.tiff | 9.522 | 9.855 | 0.333 | 0.0452
69636.tiff | 10.482 | 10.695 | 0.213 | 0.0453
66689.tiff | 19.812 | 18.587 | 1.225 | 0.0452
70641.tiff | 5.827 | 7.275 | 1.448 | 0.0453
67583.tiff | 13.897 | 14.760 | 0.863 | 0.0452
75772.tiff | 2.684 | 3.604 | 0.920 | 0.0411
70720.tiff | 0.804 | 3.691 | 2.887 | 0.0411
65901.tiff | 47.530 | 49.149 | 1.619 | 0.0411
68456.tiff | 28.533 | 28.793 | 0.260 | 0.0332
68442.tiff | 29.715 | 30.156 | 0.441 | 0.0332
72851.tiff | 21.623 | 21.370 | 0.253 | 0.0332
68230.tiff | 46.934 | 51.565 | 4.631 | 0.0330
75759.tiff | 1.677 | 3.816 | 2.138 | 0.0330
65625.tiff | 26.589 | 26.170 | 0.418 | 0.0330
75223.tiff | 40.344 | 43.004 | 2.661 | 0.0330
68376.tiff | 35.269 | 37.652 | 2.384 | 0.0330
71696.tiff | 7.389 | 5.193 | 2.196 | 0.0330
68788.tiff | 0.882 | 3.749 | 2.867 | 0.0330
73993.tiff | 23.882 | 21.292 | 2.591 | 0.0330
67910.tiff | 38.221 | 44.346 | 6.125 | 0.0330
66351.tiff | 47.790 | 50.392 | 2.602 | 0.0330
65968.tiff | 52.527 | 53.542 | 1.015 | 0.0330
70481.tiff | 19.048 | 20.951 | 1.904 | 0.0330
75347.tiff | 30.383 | 34.603 | 4.220 | 0.0330
67997.tiff | 44.844 | 50.035 | 5.191 | 0.0330
65796.tiff | 39.472 | 41.441 | 1.969 | 0.0330
75292.tiff | 34.964 | 39.516 | 4.552 | 0.0330
74776.tiff | 20.343 | 24.960 | 4.617 | 0.0330
69419.tiff | 5.604 | 5.566 | 0.038 | 0.0330
71612.tiff | 0.862 | 3.783 | 2.921 | 0.0330
71557.tiff | 3.396 | 6.244 | 2.847 | 0.0330
72753.tiff | 13.526 | 13.951 | 0.425 | 0.0330
75720.tiff | 1.290 | 5.997 | 4.707 | 0.0330
65462.tiff | 14.200 | 14.682 | 0.482 | 0.0330
68004.tiff | 45.379 | 50.761 | 5.382 | 0.0330
65102.tiff | 5.604 | 8.281 | 2.677 | 0.0330
73152.tiff | 43.911 | 44.013 | 0.102 | 0.0330
66122.tiff | 64.328 | 65.151 | 0.822 | 0.0330
68762.tiff | 3.002 | 3.964 | 0.962 | 0.0330
73486.tiff | 15.585 | 16.268 | 0.683 | 0.0330
67808.tiff | 30.416 | 36.321 | 5.906 | 0.0330
75305.tiff | 34.009 | 38.461 | 4.451 | 0.0330
70617.tiff | 7.840 | 9.291 | 1.452 | 0.0330
68756.tiff | 3.503 | 4.323 | 0.820 | 0.0330
75100.tiff | 45.925 | 44.761 | 1.164 | 0.0330
65867.tiff | 44.910 | 47.048 | 2.138 | 0.0330
68820.tiff | 1.819 | 4.661 | 2.843 | 0.0330
69025.tiff | 19.108 | 17.192 | 1.916 | 0.0330
68947.tiff | 12.409 | 15.156 | 2.747 | 0.0330
69727.tiff | 17.419 | 16.994 | 0.425 | 0.0330
69124.tiff | 26.939 | 24.186 | 2.754 | 0.0330
75428.tiff | 23.595 | 26.416 | 2.820 | 0.0330
66984.tiff | 8.002 | 6.079 | 1.923 | 0.0330
69171.tiff | 24.473 | 22.216 | 2.257 | 0.0330
70583.tiff | 10.686 | 11.865 | 1.179 | 0.0330
66161.tiff | 63.043 | 63.644 | 0.601 | 0.0330
68520.tiff | 23.180 | 22.521 | 0.658 | 0.0330
65458.tiff | 13.885 | 14.328 | 0.443 | 0.0330
74944.tiff | 34.367 | 40.970 | 6.603 | 0.0330
69289.tiff | 15.396 | 15.021 | 0.375 | 0.0330
74958.tiff | 35.534 | 41.911 | 6.377 | 0.0330
73166.tiff | 42.852 | 43.345 | 0.492 | 0.0330
68419.tiff | 31.687 | 33.449 | 1.762 | 0.0330
76192.tiff | 31.998 | 69.171 | 37.172 | 0.0330
74265.tiff | 22.669 | 18.920 | 3.749 | 0.0330
72024.tiff | 31.380 | 34.885 | 3.505 | 0.0330
71322.tiff | 21.476 | 22.386 | 0.910 | 0.0330
70066.tiff | 43.529 | 44.244 | 0.715 | 0.0330
72542.tiff | 3.995 | 5.279 | 1.284 | 0.0330
76066.tiff | 25.467 | 19.330 | 6.138 | 0.0330
65020.tiff | 1.247 | 2.790 | 1.543 | 0.0330
68205.tiff | 48.995 | 54.074 | 5.079 | 0.0330
74481.tiff | 3.950 | 3.356 | 0.595 | 0.0330
73630.tiff | 4.085 | 5.558 | 1.473 | 0.0330
65851.tiff | 43.639 | 45.955 | 2.316 | 0.0330
76253.tiff | 36.325 | 24.589 | 11.736 | 0.0330
71018.tiff | 27.043 | 26.505 | 0.538 | 0.0330
67378.tiff | 1.842 | 3.629 | 1.787 | 0.0330
76108.tiff | 28.791 | 22.422 | 6.369 | 0.0330
73860.tiff | 13.669 | 11.970 | 1.699 | 0.0330
69218.tiff | 20.905 | 19.161 | 1.744 | 0.0330
69191.tiff | 22.957 | 20.965 | 1.992 | 0.0330
71661.tiff | 4.729 | 3.812 | 0.917 | 0.0330
66286.tiff | 53.278 | 55.403 | 2.125 | 0.0330
73140.tiff | 44.829 | 44.490 | 0.339 | 0.0330
68995.tiff | 16.564 | 15.131 | 1.433 | 0.0330
67847.tiff | 33.411 | 39.814 | 6.402 | 0.0330
69803.tiff | 23.303 | 23.018 | 0.285 | 0.0330
74239.tiff | 24.820 | 21.274 | 3.546 | 0.0330
67907.tiff | 38.047 | 44.088 | 6.040 | 0.0330
72827.tiff | 19.706 | 19.349 | 0.357 | 0.0330
66985.tiff | 8.109 | 6.424 | 1.685 | 0.0330
65252.tiff | 0.889 | 2.636 | 1.747 | 0.0330
69588.tiff | 6.824 | 7.599 | 0.775 | 0.0330
73016.tiff | 35.361 | 36.519 | 1.158 | 0.0330
71132.tiff | 36.123 | 37.860 | 1.736 | 0.0330
73035.tiff | 36.972 | 38.141 | 1.169 | 0.0330
68583.tiff | 17.948 | 17.104 | 0.844 | 0.0330
75663.tiff | 5.706 | 10.292 | 4.586 | 0.0330
65108.tiff | 6.154 | 8.648 | 2.493 | 0.0330
66745.tiff | 15.096 | 14.263 | 0.833 | 0.0330
65674.tiff | 30.279 | 29.782 | 0.496 | 0.0330
65305.tiff | 3.128 | 4.630 | 1.502 | 0.0330
74909.tiff | 31.483 | 38.991 | 7.507 | 0.0330
71922.tiff | 23.586 | 27.187 | 3.601 | 0.0330
68547.tiff | 20.930 | 20.584 | 0.346 | 0.0330
73236.tiff | 37.421 | 39.495 | 2.073 | 0.0330
71932.tiff | 24.313 | 27.826 | 3.513 | 0.0330
66573.tiff | 29.656 | 28.975 | 0.682 | 0.0330
73171.tiff | 42.458 | 43.542 | 1.084 | 0.0330
70426.tiff | 23.605 | 26.027 | 2.423 | 0.0330
68953.tiff | 12.631 | 15.510 | 2.879 | 0.0330
67109.tiff | 18.493 | 16.083 | 2.411 | 0.0330
74013.tiff | 25.388 | 22.772 | 2.616 | 0.0330
75945.tiff | 16.067 | 10.075 | 5.992 | 0.0330
65219.tiff | 3.712 | 3.359 | 0.354 | 0.0330
67486.tiff | 6.437 | 7.943 | 1.506 | 0.0330
69120.tiff | 26.631 | 23.978 | 2.653 | 0.0330
73849.tiff | 12.823 | 11.069 | 1.754 | 0.0330
70363.tiff | 28.548 | 32.142 | 3.595 | 0.0330
73989.tiff | 23.510 | 21.025 | 2.485 | 0.0330
67246.tiff | 11.945 | 11.361 | 0.584 | 0.0330
76031.tiff | 22.703 | 16.265 | 6.437 | 0.0330
67168.tiff | 17.851 | 15.882 | 1.968 | 0.0330
75934.tiff | 15.226 | 9.254 | 5.971 | 0.0330
65563.tiff | 21.872 | 21.647 | 0.225 | 0.0330
69950.tiff | 34.536 | 35.586 | 1.050 | 0.0330
66702.tiff | 18.831 | 17.438 | 1.394 | 0.0330
70609.tiff | 8.493 | 9.684 | 1.191 | 0.0330
67155.tiff | 18.898 | 16.319 | 2.579 | 0.0330
76174.tiff | 31.996 | 69.048 | 37.052 | 0.0330
66403.tiff | 43.791 | 46.440 | 2.649 | 0.0330
68289.tiff | 41.999 | 46.585 | 4.586 | 0.0330
69844.tiff | 26.373 | 26.347 | 0.027 | 0.0330
71316.tiff | 21.945 | 22.831 | 0.887 | 0.0330
73515.tiff | 13.320 | 14.269 | 0.949 | 0.0330
75145.tiff | 46.404 | 44.878 | 1.526 | 0.0330
71783.tiff | 12.528 | 16.396 | 3.868 | 0.0330
72266.tiff | 26.936 | 29.358 | 2.421 | 0.0330
72045.tiff | 32.981 | 36.598 | 3.617 | 0.0330
68434.tiff | 30.430 | 31.239 | 0.810 | 0.0330
75820.tiff | 6.404 | 3.509 | 2.894 | 0.0330
72650.tiff | 5.042 | 5.376 | 0.334 | 0.0330
68239.tiff | 46.154 | 50.831 | 4.677 | 0.0330
73883.tiff | 15.436 | 13.515 | 1.921 | 0.0331
70969.tiff | 22.963 | 22.651 | 0.312 | 0.0330
66513.tiff | 34.620 | 35.718 | 1.099 | 0.0330
75108.tiff | 46.585 | 45.173 | 1.412 | 0.0330
76138.tiff | 31.298 | 34.970 | 3.672 | 0.0330
67086.tiff | 16.558 | 14.531 | 2.027 | 0.0330
65762.tiff | 36.889 | 38.371 | 1.482 | 0.0330
73924.tiff | 18.615 | 16.221 | 2.394 | 0.0330
72708.tiff | 9.838 | 10.048 | 0.210 | 0.0330
66759.tiff | 13.921 | 13.011 | 0.910 | 0.0330
70837.tiff | 11.944 | 12.035 | 0.092 | 0.0330
72056.tiff | 33.820 | 37.476 | 3.655 | 0.0330
71792.tiff | 13.158 | 16.848 | 3.689 | 0.0330
67837.tiff | 32.600 | 38.700 | 6.100 | 0.0330
70507.tiff | 16.955 | 18.295 | 1.339 | 0.0330
68563.tiff | 19.553 | 19.060 | 0.493 | 0.0330
76100.tiff | 28.128 | 21.646 | 6.482 | 0.0330
69467.tiff | 1.896 | 3.795 | 1.900 | 0.0330
74086.tiff | 31.074 | 28.111 | 2.963 | 0.0330
65909.tiff | 48.035 | 49.618 | 1.584 | 0.0330
73288.tiff | 33.367 | 35.586 | 2.219 | 0.0330
66982.tiff | 7.826 | 5.999 | 1.827 | 0.0330
71579.tiff | 1.712 | 5.027 | 3.315 | 0.0330
72338.tiff | 20.919 | 22.914 | 1.995 | 0.0330
74799.tiff | 22.362 | 27.265 | 4.903 | 0.0330
68326.tiff | 39.406 | 41.973 | 2.567 | 0.0330
70215.tiff | 41.491 | 41.118 | 0.373 | 0.0330
70130.tiff | 48.409 | 48.589 | 0.180 | 0.0330
69755.tiff | 19.569 | 19.190 | 0.378 | 0.0330
76019.tiff | 21.803 | 15.420 | 6.383 | 0.0330
72437.tiff | 12.672 | 14.350 | 1.679 | 0.0330
75873.tiff | 10.496 | 5.672 | 4.824 | 0.0330
74738.tiff | 17.329 | 22.191 | 4.862 | 0.0330
75583.tiff | 11.791 | 15.750 | 3.959 | 0.0330
71187.tiff | 31.833 | 32.308 | 0.475 | 0.0330
67749.tiff | 25.926 | 30.794 | 4.868 | 0.0330
65593.tiff | 24.143 | 23.860 | 0.283 | 0.0330
75589.tiff | 11.378 | 15.331 | 3.953 | 0.0330
66492.tiff | 36.405 | 38.118 | 1.713 | 0.0330
67692.tiff | 21.215 | 25.468 | 4.253 | 0.0330
66512.tiff | 34.767 | 35.664 | 0.897 | 0.0330
71809.tiff | 14.424 | 17.948 | 3.525 | 0.0330
65609.tiff | 25.311 | 25.265 | 0.045 | 0.0330
73401.tiff | 22.129 | 21.723 | 0.407 | 0.0330
73819.tiff | 10.511 | 9.018 | 1.492 | 0.0330
69635.tiff | 10.396 | 10.609 | 0.214 | 0.0330
73132.tiff | 45.479 | 44.746 | 0.732 | 0.0330
73861.tiff | 13.744 | 11.925 | 1.820 | 0.0330
73618.tiff | 5.000 | 6.436 | 1.436 | 0.0330
72689.tiff | 8.234 | 8.313 | 0.079 | 0.0330
73573.tiff | 8.496 | 9.854 | 1.358 | 0.0330
69076.tiff | 23.242 | 20.614 | 2.628 | 0.0330
71401.tiff | 15.430 | 17.215 | 1.785 | 0.0330
66942.tiff | 4.414 | 3.693 | 0.721 | 0.0330
72372.tiff | 18.068 | 19.900 | 1.832 | 0.0330
69170.tiff | 24.587 | 22.384 | 2.203 | 0.0330
69562.tiff | 4.838 | 5.916 | 1.077 | 0.0330
67426.tiff | 1.824 | 4.454 | 2.631 | 0.0330
73797.tiff | 8.862 | 7.440 | 1.422 | 0.0330
69128.tiff | 27.317 | 24.442 | 2.875 | 0.0330
72837.tiff | 20.482 | 20.183 | 0.299 | 0.0330
70966.tiff | 22.729 | 22.378 | 0.351 | 0.0330
68099.tiff | 52.588 | 57.778 | 5.189 | 0.0330
68459.tiff | 28.279 | 28.655 | 0.376 | 0.0330
75043.tiff | 41.257 | 42.794 | 1.537 | 0.0330
66767.tiff | 13.278 | 12.257 | 1.021 | 0.0330
76251.tiff | 36.438 | 24.750 | 11.688 | 0.0330
69554.tiff | 4.203 | 5.490 | 1.288 | 0.0330
72772.tiff | 15.118 | 15.340 | 0.223 | 0.0330
72149.tiff | 36.629 | 40.040 | 3.411 | 0.0330
74769.tiff | 19.825 | 24.312 | 4.487 | 0.0330
71640.tiff | 3.056 | 3.256 | 0.201 | 0.0330
73010.tiff | 34.882 | 36.098 | 1.216 | 0.0330
69922.tiff | 32.390 | 33.500 | 1.110 | 0.0330
70681.tiff | 2.450 | 4.596 | 2.146 | 0.0330
76218.tiff | 32.008 | 69.099 | 37.091 | 0.0330
68861.tiff | 5.245 | 7.566 | 2.321 | 0.0330
72337.tiff | 20.990 | 23.053 | 2.063 | 0.0330
68060.tiff | 49.650 | 55.122 | 5.472 | 0.0330
69824.tiff | 24.859 | 24.598 | 0.261 | 0.0330
68048.tiff | 48.747 | 54.235 | 5.488 | 0.0330
72243.tiff | 28.884 | 31.099 | 2.215 | 0.0330
72300.tiff | 24.103 | 26.300 | 2.197 | 0.0330
72526.tiff | 5.294 | 6.430 | 1.136 | 0.0330
70408.tiff | 24.836 | 27.191 | 2.355 | 0.0330
71826.tiff | 15.777 | 19.717 | 3.939 | 0.0330
68593.tiff | 17.085 | 16.272 | 0.813 | 0.0330
69962.tiff | 35.468 | 36.459 | 0.991 | 0.0330
71150.tiff | 34.703 | 35.647 | 0.944 | 0.0330
72444.tiff | 12.064 | 13.652 | 1.588 | 0.0330
74314.tiff | 18.621 | 14.831 | 3.790 | 0.0330
72581.tiff | 0.762 | 3.439 | 2.677 | 0.0330
67391.tiff | 0.853 | 3.647 | 2.795 | 0.0330
65034.tiff | 0.189 | 3.449 | 3.260 | 0.0330
72626.tiff | 2.983 | 3.947 | 0.964 | 0.0330
75062.tiff | 42.833 | 43.774 | 0.942 | 0.0330
68038.tiff | 48.016 | 53.532 | 5.517 | 0.0330
70949.tiff | 21.262 | 21.227 | 0.035 | 0.0330
65120.tiff | 7.156 | 9.262 | 2.106 | 0.0330
72615.tiff | 2.096 | 3.621 | 1.525 | 0.0330
65322.tiff | 4.455 | 5.670 | 1.215 | 0.0330
66784.tiff | 11.823 | 11.148 | 0.676 | 0.0330
68892.tiff | 7.781 | 10.331 | 2.550 | 0.0330
70170.tiff | 45.152 | 45.426 | 0.274 | 0.0330
68188.tiff | 50.455 | 55.453 | 4.999 | 0.0330
73664.tiff | 1.441 | 4.058 | 2.617 | 0.0330
66693.tiff | 19.518 | 18.356 | 1.162 | 0.0330
75417.tiff | 25.478 | 28.541 | 3.063 | 0.0330
74276.tiff | 21.743 | 18.135 | 3.608 | 0.0330
74307.tiff | 19.155 | 15.302 | 3.853 | 0.0330
66214.tiff | 58.613 | 59.062 | 0.448 | 0.0330
72457.tiff | 11.018 | 12.493 | 1.475 | 0.0330
74746.tiff | 17.995 | 22.722 | 4.727 | 0.0330
72950.tiff | 29.906 | 30.321 | 0.416 | 0.0330
70466.tiff | 20.384 | 22.297 | 1.913 | 0.0330
73373.tiff | 24.303 | 23.508 | 0.795 | 0.0330
72877.tiff | 23.787 | 23.412 | 0.375 | 0.0330
66670.tiff | 21.451 | 20.343 | 1.109 | 0.0330
65150.tiff | 7.240 | 9.593 | 2.353 | 0.0330
67914.tiff | 38.530 | 44.667 | 6.137 | 0.0330
67911.tiff | 38.258 | 44.349 | 6.091 | 0.0330
66419.tiff | 42.496 | 45.030 | 2.534 | 0.0330
73217.tiff | 38.868 | 40.172 | 1.304 | 0.0330
69902.tiff | 30.821 | 31.555 | 0.734 | 0.0330
75463.tiff | 21.129 | 24.321 | 3.192 | 0.0330
74355.tiff | 14.586 | 10.894 | 3.692 | 0.0330
73523.tiff | 12.726 | 13.753 | 1.027 | 0.0330
70786.tiff | 6.754 | 6.770 | 0.016 | 0.0330
68528.tiff | 22.443 | 22.057 | 0.386 | 0.0330
73757.tiff | 5.750 | 4.753 | 0.997 | 0.0330
70612.tiff | 8.261 | 9.498 | 1.237 | 0.0330
74848.tiff | 26.426 | 32.858 | 6.431 | 0.0330
76093.tiff | 27.576 | 21.005 | 6.571 | 0.0330
74178.tiff | 29.887 | 26.829 | 3.058 | 0.0330
70145.tiff | 47.246 | 47.547 | 0.301 | 0.0330
68777.tiff | 1.777 | 3.702 | 1.925 | 0.0330
69203.tiff | 22.025 | 20.243 | 1.781 | 0.0330
66480.tiff | 37.455 | 39.031 | 1.576 | 0.0330
72342.tiff | 20.595 | 22.673 | 2.077 | 0.0330
68990.tiff | 16.176 | 14.701 | 1.475 | 0.0330
66567.tiff | 30.102 | 29.529 | 0.573 | 0.0330
65884.tiff | 46.145 | 47.944 | 1.800 | 0.0330
66905.tiff | 1.314 | 3.725 | 2.410 | 0.0330
69996.tiff | 38.088 | 38.739 | 0.651 | 0.0330
75368.tiff | 28.768 | 32.485 | 3.717 | 0.0330
70698.tiff | 1.057 | 3.880 | 2.823 | 0.0330
65347.tiff | 6.318 | 7.295 | 0.977 | 0.0330
73639.tiff | 3.388 | 5.239 | 1.852 | 0.0330
65669.tiff | 29.887 | 29.655 | 0.232 | 0.0330
73374.tiff | 24.174 | 23.606 | 0.568 | 0.0330
73325.tiff | 30.437 | 32.586 | 2.150 | 0.0330
72038.tiff | 32.436 | 36.111 | 3.676 | 0.0330
65544.tiff | 20.447 | 20.396 | 0.051 | 0.0330
69004.tiff | 17.341 | 15.514 | 1.827 | 0.0330
72812.tiff | 18.439 | 18.401 | 0.038 | 0.0330
71046.tiff | 29.344 | 28.558 | 0.787 | 0.0330
72679.tiff | 7.432 | 7.698 | 0.265 | 0.0330
65748.tiff | 35.902 | 37.118 | 1.216 | 0.0330
69490.tiff | 0.143 | 3.786 | 3.643 | 0.0330
65933.tiff | 49.885 | 51.426 | 1.541 | 0.0330
74347.tiff | 15.778 | 12.079 | 3.699 | 0.0330
69027.tiff | 19.265 | 17.336 | 1.930 | 0.0330
74397.tiff | 10.877 | 7.221 | 3.656 | 0.0330
65399.tiff | 10.306 | 11.307 | 1.001 | 0.0330
69975.tiff | 36.479 | 37.431 | 0.952 | 0.0330
73963.tiff | 21.548 | 18.982 | 2.566 | 0.0330
68245.tiff | 45.697 | 50.185 | 4.488 | 0.0330
72654.tiff | 5.406 | 5.563 | 0.157 | 0.0330
69620.tiff | 9.272 | 9.741 | 0.469 | 0.0330
76265.tiff | 38.586 | 24.817 | 13.769 | 0.0330
65380.tiff | 8.810 | 9.797 | 0.987 | 0.0330
74485.tiff | 3.634 | 3.354 | 0.280 | 0.0330
66054.tiff | 59.185 | 60.186 | 1.001 | 0.0330
71954.tiff | 25.980 | 29.585 | 3.604 | 0.0330
69280.tiff | 16.125 | 15.531 | 0.594 | 0.0330
75390.tiff | 27.012 | 30.033 | 3.021 | 0.0330
65709.tiff | 32.858 | 33.453 | 0.595 | 0.0330
69903.tiff | 30.922 | 31.494 | 0.572 | 0.0330
66892.tiff | 0.264 | 4.223 | 3.959 | 0.0330
65215.tiff | 4.025 | 3.454 | 0.571 | 0.0330
70715.tiff | 0.383 | 3.558 | 3.175 | 0.0330
71128.tiff | 36.180 | 38.099 | 1.918 | 0.0330
65042.tiff | 0.595 | 3.830 | 3.235 | 0.0330
66435.tiff | 41.190 | 43.844 | 2.655 | 0.0330
65534.tiff | 19.737 | 19.921 | 0.185 | 0.0330
71144.tiff | 35.171 | 35.925 | 0.754 | 0.0330
66627.tiff | 25.052 | 23.835 | 1.217 | 0.0330
71166.tiff | 33.560 | 34.459 | 0.899 | 0.0330
72387.tiff | 16.791 | 18.352 | 1.560 | 0.0330
72873.tiff | 23.460 | 23.097 | 0.363 | 0.0330
74331.tiff | 17.153 | 13.524 | 3.629 | 0.0330
74484.tiff | 3.722 | 3.216 | 0.506 | 0.0330
70166.tiff | 45.458 | 45.724 | 0.266 | 0.0330
73363.tiff | 25.057 | 24.393 | 0.663 | 0.0330
68081.tiff | 51.217 | 56.614 | 5.397 | 0.0330
66209.tiff | 59.022 | 59.608 | 0.587 | 0.0330
70590.tiff | 10.126 | 11.566 | 1.440 | 0.0330
71299.tiff | 23.241 | 23.883 | 0.642 | 0.0330
70769.tiff | 4.849 | 5.167 | 0.318 | 0.0330
66684.tiff | 20.264 | 18.932 | 1.333 | 0.0330
71845.tiff | 17.273 | 21.128 | 3.854 | 0.0330
68886.tiff | 7.365 | 9.825 | 2.461 | 0.0330
69084.tiff | 23.938 | 21.477 | 2.461 | 0.0330
69615.tiff | 8.915 | 9.290 | 0.376 | 0.0330
66414.tiff | 42.889 | 45.545 | 2.656 | 0.0330
68313.tiff | 40.507 | 43.044 | 2.537 | 0.0330
70251.tiff | 37.848 | 41.916 | 4.068 | 0.0330
68317.tiff | 40.182 | 42.807 | 2.624 | 0.0330
69302.tiff | 14.478 | 14.214 | 0.264 | 0.0330
71682.tiff | 6.351 | 4.411 | 1.941 | 0.0330
65765.tiff | 37.112 | 38.492 | 1.380 | 0.0330
72546.tiff | 3.663 | 4.875 | 1.212 | 0.0330
71735.tiff | 9.331 | 6.638 | 2.693 | 0.0330
71074.tiff | 31.745 | 31.938 | 0.192 | 0.0330
66719.tiff | 17.307 | 16.282 | 1.026 | 0.0330
65136.tiff | 8.279 | 10.209 | 1.930 | 0.0330
69141.tiff | 26.788 | 24.251 | 2.537 | 0.0330
73026.tiff | 36.185 | 37.324 | 1.139 | 0.0330
72370.tiff | 18.250 | 20.052 | 1.802 | 0.0330
66394.tiff | 44.622 | 47.436 | 2.814 | 0.0330
67621.tiff | 15.791 | 20.471 | 4.680 | 0.0330
70472.tiff | 19.856 | 21.991 | 2.135 | 0.0330
65319.tiff | 4.233 | 5.383 | 1.149 | 0.0330
66220.tiff | 58.073 | 58.504 | 0.430 | 0.0330
66374.tiff | 45.936 | 48.455 | 2.519 | 0.0330
66397.tiff | 44.360 | 46.914 | 2.553 | 0.0330
73582.tiff | 7.804 | 8.924 | 1.121 | 0.0330
72539.tiff | 4.223 | 5.323 | 1.100 | 0.0331
68920.tiff | 10.122 | 13.020 | 2.898 | 0.0330
69607.tiff | 8.245 | 8.841 | 0.595 | 0.0330
67456.tiff | 4.155 | 6.130 | 1.975 | 0.0330
70852.tiff | 13.147 | 13.454 | 0.307 | 0.0330
71274.tiff | 25.170 | 25.774 | 0.604 | 0.0330
75238.tiff | 39.183 | 42.249 | 3.066 | 0.0330
67596.tiff | 14.870 | 15.446 | 0.576 | 0.0330
68273.tiff | 43.375 | 47.761 | 4.386 | 0.0330
75877.tiff | 10.804 | 5.885 | 4.920 | 0.0330
71720.tiff | 9.200 | 6.472 | 2.728 | 0.0330
73218.tiff | 38.834 | 40.326 | 1.492 | 0.0330
70419.tiff | 23.881 | 26.103 | 2.222 | 0.0330
71762.tiff | 10.843 | 14.752 | 3.908 | 0.0330
74690.tiff | 13.371 | 18.203 | 4.832 | 0.0330
76235.tiff | 33.181 | 25.878 | 7.302 | 0.0330
69846.tiff | 26.577 | 26.595 | 0.018 | 0.0330
76212.tiff | 32.003 | 68.982 | 36.979 | 0.0330
69032.tiff | 19.666 | 17.708 | 1.958 | 0.0330
75376.tiff | 28.143 | 31.522 | 3.379 | 0.0330
69206.tiff | 21.841 | 20.028 | 1.812 | 0.0330
65857.tiff | 44.099 | 46.560 | 2.461 | 0.0330
74028.tiff | 26.533 | 23.519 | 3.014 | 0.0330
73732.tiff | 3.813 | 3.761 | 0.051 | 0.0330
66769.tiff | 13.139 | 12.357 | 0.782 | 0.0330
73695.tiff | 0.969 | 3.459 | 2.489 | 0.0330
74598.tiff | 5.787 | 10.493 | 4.706 | 0.0330
74721.tiff | 15.887 | 20.888 | 5.001 | 0.0330
70984.tiff | 24.201 | 23.668 | 0.533 | 0.0330
65071.tiff | 3.043 | 5.791 | 2.748 | 0.0330
72421.tiff | 14.033 | 15.588 | 1.555 | 0.0330
67523.tiff | 9.271 | 10.631 | 1.360 | 0.0330
67233.tiff | 12.941 | 12.080 | 0.861 | 0.0330
73063.tiff | 39.297 | 40.516 | 1.219 | 0.0330
73205.tiff | 39.818 | 41.330 | 1.513 | 0.0330
67215.tiff | 14.315 | 13.209 | 1.106 | 0.0330
66062.tiff | 59.753 | 60.783 | 1.029 | 0.0330
65361.tiff | 7.440 | 8.594 | 1.154 | 0.0330
74704.tiff | 14.556 | 19.495 | 4.939 | 0.0330
71330.tiff | 20.915 | 22.004 | 1.089 | 0.0330
71233.tiff | 28.319 | 28.660 | 0.342 | 0.0330
75790.tiff | 4.073 | 3.249 | 0.824 | 0.0330
66808.tiff | 9.800 | 8.942 | 0.858 | 0.0330
67338.tiff | 4.908 | 4.721 | 0.188 | 0.0330
74366.tiff | 13.506 | 10.031 | 3.475 | 0.0330
67125.tiff | 19.870 | 17.302 | 2.567 | 0.0330
72319.tiff | 22.517 | 24.564 | 2.047 | 0.0330
73636.tiff | 3.660 | 5.287 | 1.627 | 0.0330
73917.tiff | 18.032 | 15.605 | 2.427 | 0.0330
72112.tiff | 37.068 | 40.438 | 3.370 | 0.0330
67184.tiff | 16.674 | 15.010 | 1.664 | 0.0330
74540.tiff | 0.883 | 5.787 | 4.903 | 0.0330
75326.tiff | 31.972 | 36.506 | 4.534 | 0.0330
73750.tiff | 5.163 | 4.427 | 0.736 | 0.0330
70860.tiff | 13.859 | 14.061 | 0.203 | 0.0330
66158.tiff | 63.280 | 64.023 | 0.743 | 0.0330
72460.tiff | 10.769 | 12.413 | 1.644 | 0.0330
72608.tiff | 1.505 | 3.511 | 2.006 | 0.0330
66656.tiff | 22.641 | 21.247 | 1.394 | 0.0330
68647.tiff | 12.597 | 11.954 | 0.643 | 0.0330
67345.tiff | 4.371 | 4.393 | 0.023 | 0.0330
69103.tiff | 25.479 | 22.799 | 2.679 | 0.0330
69689.tiff | 14.523 | 14.421 | 0.102 | 0.0330
65304.tiff | 3.060 | 4.634 | 1.574 | 0.0330
69031.tiff | 19.563 | 17.632 | 1.931 | 0.0330
73445.tiff | 18.730 | 18.874 | 0.144 | 0.0330
71871.tiff | 19.326 | 23.205 | 3.879 | 0.0330
74105.tiff | 32.513 | 29.834 | 2.679 | 0.0330
76148.tiff | 32.184 | 53.026 | 20.842 | 0.0330
69065.tiff | 22.407 | 20.168 | 2.239 | 0.0330
68126.tiff | 54.686 | 59.151 | 4.465 | 0.0330
67814.tiff | 30.903 | 37.105 | 6.202 | 0.0330
72518.tiff | 5.955 | 6.987 | 1.032 | 0.0330
71860.tiff | 18.417 | 22.368 | 3.950 | 0.0330
72580.tiff | 0.810 | 3.487 | 2.677 | 0.0330
72822.tiff | 19.214 | 19.059 | 0.155 | 0.0330
68334.tiff | 38.760 | 41.369 | 2.609 | 0.0330
69465.tiff | 2.029 | 3.876 | 1.848 | 0.0330
66804.tiff | 10.163 | 9.267 | 0.896 | 0.0330
67120.tiff | 19.411 | 16.972 | 2.439 | 0.0330
66497.tiff | 35.957 | 37.150 | 1.193 | 0.0330
72573.tiff | 1.388 | 3.733 | 2.345 | 0.0330
71766.tiff | 11.125 | 14.873 | 3.749 | 0.0330
70815.tiff | 10.092 | 10.195 | 0.102 | 0.0330
67955.tiff | 41.650 | 47.109 | 5.459 | 0.0330
69780.tiff | 21.505 | 21.424 | 0.081 | 0.0330
67390.tiff | 0.913 | 3.684 | 2.770 | 0.0330
73697.tiff | 1.122 | 3.331 | 2.209 | 0.0330
74465.tiff | 5.292 | 3.278 | 2.014 | 0.0330
75363.tiff | 29.067 | 32.985 | 3.917 | 0.0330
74125.tiff | 34.078 | 32.062 | 2.016 | 0.0330
74129.tiff | 33.898 | 31.640 | 2.258 | 0.0330
71324.tiff | 21.307 | 22.288 | 0.982 | 0.0330
69081.tiff | 23.710 | 21.334 | 2.376 | 0.0330
66579.tiff | 29.087 | 28.386 | 0.701 | 0.0330
66346.tiff | 48.273 | 50.487 | 2.213 | 0.0330
72248.tiff | 28.465 | 30.588 | 2.123 | 0.0330
67070.tiff | 15.224 | 13.482 | 1.742 | 0.0330
74535.tiff | 0.450 | 5.508 | 5.058 | 0.0330
68996.tiff | 16.681 | 15.150 | 1.532 | 0.0330
69701.tiff | 15.486 | 15.100 | 0.386 | 0.0330
65652.tiff | 28.566 | 28.231 | 0.335 | 0.0330
74632.tiff | 8.577 | 13.484 | 4.907 | 0.0330
70642.tiff | 5.752 | 7.144 | 1.392 | 0.0330
72839.tiff | 20.673 | 20.453 | 0.221 | 0.0330
72765.tiff | 14.598 | 14.807 | 0.209 | 0.0330
66458.tiff | 39.206 | 41.257 | 2.051 | 0.0330
66924.tiff | 2.891 | 3.447 | 0.556 | 0.0330
75352.tiff | 29.980 | 34.273 | 4.293 | 0.0330
69437.tiff | 4.164 | 4.622 | 0.459 | 0.0330
72742.tiff | 12.611 | 12.787 | 0.176 | 0.0330
68025.tiff | 46.966 | 52.409 | 5.443 | 0.0330
72229.tiff | 30.017 | 32.728 | 2.711 | 0.0330
66721.tiff | 17.154 | 15.848 | 1.305 | 0.0330
70744.tiff | 2.753 | 3.985 | 1.232 | 0.0330
70272.tiff | 36.130 | 39.638 | 3.508 | 0.0330
68350.tiff | 37.433 | 40.049 | 2.617 | 0.0330
72190.tiff | 33.181 | 36.331 | 3.149 | 0.0330
66936.tiff | 3.930 | 3.499 | 0.431 | 0.0330
70528.tiff | 15.190 | 16.467 | 1.277 | 0.0330
71445.tiff | 12.043 | 14.253 | 2.209 | 0.0330
73367.tiff | 24.706 | 23.948 | 0.758 | 0.0330
68291.tiff | 41.804 | 46.263 | 4.459 | 0.0330
74751.tiff | 18.390 | 23.203 | 4.813 | 0.0330
72707.tiff | 9.756 | 10.149 | 0.393 | 0.0330
72253.tiff | 28.015 | 30.550 | 2.535 | 0.0330
71075.tiff | 31.816 | 31.617 | 0.200 | 0.0330
72298.tiff | 24.249 | 26.667 | 2.417 | 0.0330
68466.tiff | 27.660 | 27.870 | 0.210 | 0.0330
73851.tiff | 12.952 | 11.293 | 1.659 | 0.0330
73846.tiff | 12.613 | 11.015 | 1.598 | 0.0330
69044.tiff | 20.658 | 18.502 | 2.156 | 0.0330
75785.tiff | 3.656 | 3.280 | 0.377 | 0.0330
68785.tiff | 1.115 | 3.748 | 2.633 | 0.0330
75181.tiff | 43.643 | 44.161 | 0.518 | 0.0330
68709.tiff | 7.444 | 7.100 | 0.345 | 0.0330
73172.tiff | 42.346 | 43.518 | 1.173 | 0.0330
73112.tiff | 43.325 | 44.072 | 0.747 | 0.0330
71395.tiff | 15.850 | 17.513 | 1.663 | 0.0330
70995.tiff | 25.105 | 24.496 | 0.609 | 0.0330
65484.tiff | 15.849 | 16.298 | 0.449 | 0.0330
76272.tiff | 38.505 | 24.811 | 13.694 | 0.0330
73655.tiff | 2.157 | 4.287 | 2.130 | 0.0330
75686.tiff | 3.894 | 8.239 | 4.345 | 0.0330
71598.tiff | 0.198 | 4.028 | 3.830 | 0.0330
74227.tiff | 25.824 | 22.448 | 3.376 | 0.0330
74277.tiff | 21.700 | 18.026 | 3.674 | 0.0330
71246.tiff | 27.341 | 27.560 | 0.219 | 0.0330
67620.tiff | 15.699 | 20.287 | 4.588 | 0.0330
66609.tiff | 26.629 | 25.490 | 1.139 | 0.0330
67949.tiff | 41.225 | 46.854 | 5.629 | 0.0330
72224.tiff | 30.431 | 33.352 | 2.922 | 0.0330
73345.tiff | 26.369 | 25.652 | 0.717 | 0.0330
69008.tiff | 17.700 | 15.981 | 1.719 | 0.0330
67440.tiff | 2.917 | 4.995 | 2.077 | 0.0330
75073.tiff | 43.732 | 43.907 | 0.175 | 0.0330
73857.tiff | 13.466 | 11.738 | 1.729 | 0.0330
67169.tiff | 17.801 | 16.005 | 1.796 | 0.0330
72690.tiff | 8.332 | 8.382 | 0.050 | 0.0330
66733.tiff | 16.124 | 15.224 | 0.900 | 0.0330
72272.tiff | 26.362 | 28.692 | 2.329 | 0.0330
70683.tiff | 2.302 | 4.439 | 2.137 | 0.0330
70029.tiff | 40.648 | 40.916 | 0.268 | 0.0330
73807.tiff | 9.595 | 8.107 | 1.488 | 0.0330
73405.tiff | 21.821 | 21.571 | 0.249 | 0.0330
71200.tiff | 30.883 | 31.083 | 0.200 | 0.0330
66278.tiff | 53.524 | 51.424 | 2.099 | 0.0330
70748.tiff | 3.131 | 4.045 | 0.915 | 0.0330
69094.tiff | 24.748 | 22.374 | 2.374 | 0.0330
71946.tiff | 25.325 | 28.987 | 3.662 | 0.0330
71658.tiff | 4.460 | 3.675 | 0.785 | 0.0330
66965.tiff | 6.343 | 4.581 | 1.762 | 0.0330
67923.tiff | 39.178 | 45.130 | 5.952 | 0.0330
74046.tiff | 27.907 | 24.744 | 3.162 | 0.0330
75743.tiff | 0.418 | 4.757 | 4.339 | 0.0330
65036.tiff | 0.097 | 3.422 | 3.325 | 0.0330
65915.tiff | 48.493 | 50.040 | 1.547 | 0.0330
65051.tiff | 1.308 | 4.220 | 2.912 | 0.0330
73926.tiff | 18.714 | 16.294 | 2.420 | 0.0330
66624.tiff | 25.342 | 24.283 | 1.060 | 0.0330
75535.tiff | 15.581 | 19.304 | 3.722 | 0.0330
75874.tiff | 10.585 | 5.633 | 4.952 | 0.0330
76060.tiff | 25.029 | 18.481 | 6.548 | 0.0330
69430.tiff | 4.670 | 4.960 | 0.290 | 0.0330
65429.tiff | 11.722 | 12.604 | 0.882 | 0.0330
73240.tiff | 37.090 | 38.655 | 1.566 | 0.0330
66577.tiff | 29.297 | 28.267 | 1.029 | 0.0330
65096.tiff | 5.195 | 7.813 | 2.617 | 0.0330
67479.tiff | 5.943 | 7.533 | 1.590 | 0.0330
73721.tiff | 2.984 | 3.442 | 0.458 | 0.0330
75634.tiff | 7.912 | 11.952 | 4.040 | 0.0330
70910.tiff | 18.003 | 18.155 | 0.151 | 0.0330
75609.tiff | 9.821 | 13.702 | 3.881 | 0.0330
71857.tiff | 18.200 | 21.764 | 3.564 | 0.0330
66143.tiff | 64.521 | 64.999 | 0.478 | 0.0330
76266.tiff | 38.464 | 25.185 | 13.278 | 0.0330
70088.tiff | 45.183 | 45.692 | 0.509 | 0.0330
73612.tiff | 5.514 | 6.887 | 1.374 | 0.0330
65409.tiff | 10.625 | 11.317 | 0.692 | 0.0330
75219.tiff | 40.588 | 43.094 | 2.507 | 0.0330
72986.tiff | 32.826 | 33.612 | 0.786 | 0.0330
70271.tiff | 36.228 | 40.088 | 3.860 | 0.0330
66400.tiff | 44.035 | 46.367 | 2.332 | 0.0330
68405.tiff | 32.852 | 34.767 | 1.915 | 0.0330
71210.tiff | 30.120 | 30.421 | 0.302 | 0.0330
67616.tiff | 15.423 | 20.002 | 4.579 | 0.0330
75854.tiff | 9.078 | 4.779 | 4.300 | 0.0330
73978.tiff | 22.738 | 20.270 | 2.468 | 0.0330
70128.tiff | 48.297 | 48.601 | 0.304 | 0.0330
68695.tiff | 8.573 | 8.110 | 0.463 | 0.0330
69085.tiff | 24.012 | 21.647 | 2.365 | 0.0330
68017.tiff | 46.425 | 51.755 | 5.330 | 0.0330
70668.tiff | 3.612 | 5.509 | 1.897 | 0.0330
66979.tiff | 7.555 | 5.623 | 1.932 | 0.0330
73753.tiff | 5.435 | 4.461 | 0.974 | 0.0330
74155.tiff | 31.789 | 28.614 | 3.175 | 0.0330
75870.tiff | 10.252 | 5.492 | 4.760 | 0.0330
75379.tiff | 27.951 | 31.736 | 3.785 | 0.0330
65400.tiff | 10.363 | 11.446 | 1.083 | 0.0330
75116.tiff | 47.268 | 45.674 | 1.595 | 0.0330
73470.tiff | 16.783 | 17.206 | 0.423 | 0.0330
72848.tiff | 21.401 | 21.085 | 0.316 | 0.0330
74316.tiff | 18.442 | 14.594 | 3.848 | 0.0330
66644.tiff | 23.663 | 22.454 | 1.209 | 0.0330
67535.tiff | 10.063 | 11.262 | 1.199 | 0.0330
68464.tiff | 27.871 | 27.902 | 0.030 | 0.0330
68027.tiff | 47.130 | 52.600 | 5.470 | 0.0330
72965.tiff | 31.114 | 31.836 | 0.722 | 0.0330
72866.tiff | 22.867 | 22.439 | 0.428 | 0.0330
74596.tiff | 5.547 | 10.281 | 4.734 | 0.0330
76200.tiff | 31.992 | 69.023 | 37.031 | 0.0330
74681.tiff | 12.665 | 17.543 | 4.877 | 0.0330
66434.tiff | 41.280 | 43.669 | 2.389 | 0.0330
73038.tiff | 37.206 | 38.087 | 0.880 | 0.0330
70527.tiff | 15.287 | 16.479 | 1.192 | 0.0330
75042.tiff | 41.117 | 42.916 | 1.800 | 0.0330
67040.tiff | 12.774 | 10.780 | 1.994 | 0.0330
73215.tiff | 39.044 | 40.467 | 1.423 | 0.0330
68773.tiff | 2.159 | 3.794 | 1.635 | 0.0330
74668.tiff | 11.533 | 16.257 | 4.724 | 0.0330
66906.tiff | 1.419 | 3.730 | 2.311 | 0.0330
70615.tiff | 8.026 | 9.268 | 1.242 | 0.0330
72769.tiff | 14.895 | 14.975 | 0.080 | 0.0330
74645.tiff | 9.605 | 14.366 | 4.760 | 0.0330
73043.tiff | 37.584 | 38.641 | 1.058 | 0.0330
73232.tiff | 37.669 | 39.564 | 1.895 | 0.0330
69292.tiff | 15.169 | 14.774 | 0.395 | 0.0330
65428.tiff | 11.648 | 12.500 | 0.852 | 0.0330
75963.tiff | 17.396 | 11.183 | 6.213 | 0.0330
70207.tiff | 42.038 | 41.806 | 0.232 | 0.0330
72037.tiff | 32.361 | 35.851 | 3.489 | 0.0330
75921.tiff | 14.243 | 8.623 | 5.621 | 0.0330
75312.tiff | 33.429 | 38.043 | 4.614 | 0.0330
76215.tiff | 31.997 | 69.072 | 37.075 | 0.0330
74512.tiff | 1.391 | 4.093 | 2.702 | 0.0330
67589.tiff | 14.376 | 14.911 | 0.535 | 0.0330
73040.tiff | 37.371 | 38.521 | 1.149 | 0.0330
72589.tiff | 0.053 | 3.488 | 3.435 | 0.0330
72798.tiff | 17.341 | 17.271 | 0.071 | 0.0330
69505.tiff | 1.092 | 3.987 | 2.895 | 0.0330
71383.tiff | 16.821 | 18.328 | 1.507 | 0.0330
67679.tiff | 20.188 | 24.583 | 4.395 | 0.0330
74068.tiff | 29.661 | 26.584 | 3.077 | 0.0330
75869.tiff | 10.206 | 5.395 | 4.811 | 0.0330
69439.tiff | 4.021 | 4.636 | 0.615 | 0.0330
69239.tiff | 19.250 | 17.854 | 1.396 | 0.0330
74483.tiff | 3.844 | 3.336 | 0.508 | 0.0330
69396.tiff | 7.302 | 7.019 | 0.283 | 0.0330
73024.tiff | 36.017 | 37.027 | 1.010 | 0.0330
65555.tiff | 21.278 | 21.330 | 0.052 | 0.0330
74115.tiff | 33.261 | 30.945 | 2.316 | 0.0330
71376.tiff | 17.389 | 18.937 | 1.548 | 0.0330
70810.tiff | 9.606 | 9.444 | 0.161 | 0.0330
74425.tiff | 8.603 | 5.174 | 3.429 | 0.0331
68449.tiff | 29.156 | 29.496 | 0.340 | 0.0330
74736.tiff | 17.154 | 22.029 | 4.875 | 0.0330
75825.tiff | 6.791 | 3.678 | 3.113 | 0.0330
65574.tiff | 22.725 | 22.817 | 0.092 | 0.0330
66422.tiff | 42.284 | 45.003 | 2.720 | 0.0330
65001.tiff | 2.824 | 2.596 | 0.228 | 0.0330
70606.tiff | 8.763 | 10.071 | 1.308 | 0.0330
73266.tiff | 35.079 | 37.170 | 2.092 | 0.0330
68772.tiff | 2.219 | 3.836 | 1.617 | 0.0330
71740.tiff | 9.094 | 13.082 | 3.988 | 0.0330
75516.tiff | 17.067 | 20.537 | 3.471 | 0.0330
66663.tiff | 22.060 | 20.915 | 1.145 | 0.0330
67110.tiff | 18.568 | 16.384 | 2.185 | 0.0330
73331.tiff | 30.039 | 32.171 | 2.132 | 0.0330
67392.tiff | 0.777 | 3.647 | 2.870 | 0.0330
66826.tiff | 8.314 | 7.336 | 0.978 | 0.0330
67499.tiff | 7.407 | 8.864 | 1.457 | 0.0330
68617.tiff | 15.098 | 14.329 | 0.769 | 0.0330
71796.tiff | 13.495 | 17.201 | 3.705 | 0.0330
73404.tiff | 21.942 | 21.712 | 0.231 | 0.0330
67454.tiff | 4.003 | 5.835 | 1.832 | 0.0330
71706.tiff | 8.116 | 5.745 | 2.370 | 0.0330
71181.tiff | 32.353 | 32.991 | 0.638 | 0.0330
69992.tiff | 37.771 | 38.550 | 0.779 | 0.0330
75078.tiff | 44.175 | 44.542 | 0.367 | 0.0330
66618.tiff | 25.845 | 24.634 | 1.211 | 0.0330
65759.tiff | 36.680 | 38.056 | 1.377 | 0.0330
68699.tiff | 8.248 | 7.787 | 0.460 | 0.0330
73210.tiff | 39.415 | 40.697 | 1.282 | 0.0330
73527.tiff | 12.374 | 13.184 | 0.811 | 0.0330
76113.tiff | 29.138 | 22.426 | 6.712 | 0.0330
65217.tiff | 3.915 | 3.377 | 0.539 | 0.0330
67630.tiff | 16.463 | 21.029 | 4.566 | 0.0330
69422.tiff | 5.306 | 5.390 | 0.084 | 0.0330
71248.tiff | 27.176 | 27.677 | 0.501 | 0.0330
72210.tiff | 31.534 | 34.610 | 3.076 | 0.0330
70012.tiff | 39.304 | 39.706 | 0.402 | 0.0330
67996.tiff | 44.796 | 50.042 | 5.246 | 0.0330
68884.tiff | 7.114 | 9.654 | 2.541 | 0.0330
75171.tiff | 44.358 | 44.694 | 0.336 | 0.0330
66179.tiff | 61.587 | 62.268 | 0.682 | 0.0330
72533.tiff | 4.693 | 5.795 | 1.101 | 0.0330
68493.tiff | 25.390 | 25.028 | 0.362 | 0.0330
71434.tiff | 12.878 | 14.845 | 1.967 | 0.0330
68838.tiff | 3.376 | 5.966 | 2.590 | 0.0330
68353.tiff | 37.209 | 39.630 | 2.421 | 0.0330
69047.tiff | 20.913 | 18.829 | 2.084 | 0.0330
72377.tiff | 17.678 | 19.437 | 1.759 | 0.0330
68144.tiff | 54.136 | 58.692 | 4.556 | 0.0330
74979.tiff | 37.214 | 43.185 | 5.971 | 0.0330
73396.tiff | 22.540 | 21.989 | 0.551 | 0.0330
73378.tiff | 23.873 | 23.338 | 0.535 | 0.0330
69013.tiff | 18.102 | 16.496 | 1.606 | 0.0330
65928.tiff | 49.583 | 51.025 | 1.442 | 0.0330
71799.tiff | 13.737 | 17.392 | 3.655 | 0.0330
76025.tiff | 22.269 | 16.033 | 6.237 | 0.0330
75284.tiff | 35.543 | 39.903 | 4.360 | 0.0330
76048.tiff | 24.058 | 17.216 | 6.843 | 0.0330
67373.tiff | 2.212 | 3.606 | 1.394 | 0.0330
70505.tiff | 17.152 | 18.443 | 1.290 | 0.0330
75142.tiff | 46.615 | 45.344 | 1.270 | 0.0330
72582.tiff | 0.683 | 3.612 | 2.929 | 0.0330
71312.tiff | 22.288 | 23.212 | 0.924 | 0.0330
73091.tiff | 41.580 | 42.252 | 0.672 | 0.0330
75548.tiff | 14.550 | 18.336 | 3.785 | 0.0330
65519.tiff | 18.504 | 18.669 | 0.165 | 0.0330
65040.tiff | 0.433 | 3.662 | 3.229 | 0.0330
70883.tiff | 15.756 | 15.927 | 0.171 | 0.0330
67013.tiff | 10.416 | 8.774 | 1.641 | 0.0330
69930.tiff | 33.026 | 34.108 | 1.081 | 0.0330
67035.tiff | 12.327 | 10.774 | 1.553 | 0.0330
74573.tiff | 3.692 | 8.500 | 4.808 | 0.0330
66603.tiff | 27.115 | 25.871 | 1.244 | 0.0330
68680.tiff | 9.797 | 9.223 | 0.574 | 0.0330
75375.tiff | 28.199 | 31.767 | 3.568 | 0.0330
68066.tiff | 50.126 | 55.489 | 5.363 | 0.0330
76161.tiff | 32.007 | 69.110 | 37.103 | 0.0330
73047.tiff | 37.953 | 38.860 | 0.908 | 0.0330
66651.tiff | 23.061 | 21.767 | 1.294 | 0.0330
70915.tiff | 18.430 | 18.559 | 0.129 | 0.0330
68545.tiff | 21.062 | 20.530 | 0.532 | 0.0330
74268.tiff | 22.384 | 18.797 | 3.587 | 0.0330
67848.tiff | 33.467 | 39.709 | 6.242 | 0.0330
68078.tiff | 51.013 | 56.500 | 5.487 | 0.0330
69914.tiff | 31.788 | 32.571 | 0.783 | 0.0330
73820.tiff | 10.565 | 9.043 | 1.523 | 0.0330
72557.tiff | 2.727 | 4.369 | 1.642 | 0.0330
73502.tiff | 14.355 | 15.194 | 0.839 | 0.0330
70663.tiff | 3.994 | 5.445 | 1.452 | 0.0330
74441.tiff | 7.252 | 4.098 | 3.154 | 0.0330
67190.tiff | 16.183 | 14.604 | 1.579 | 0.0330
70274.tiff | 35.949 | 39.687 | 3.739 | 0.0330
70413.tiff | 24.381 | 26.749 | 2.368 | 0.0330
69066.tiff | 22.478 | 20.098 | 2.380 | 0.0330
66238.tiff | 56.540 | 56.734 | 0.194 | 0.0330
71106.tiff | 34.408 | 35.536 | 1.128 | 0.0330
72325.tiff | 22.016 | 23.934 | 1.918 | 0.0330
66671.tiff | 21.344 | 20.158 | 1.186 | 0.0330
75103.tiff | 46.215 | 45.095 | 1.120 | 0.0330
70361.tiff | 28.712 | 31.999 | 3.286 | 0.0330
72787.tiff | 16.415 | 16.381 | 0.035 | 0.0330
66836.tiff | 7.486 | 6.609 | 0.876 | 0.0330
72329.tiff | 21.629 | 23.877 | 2.248 | 0.0330
72406.tiff | 15.273 | 16.841 | 1.568 | 0.0330
74787.tiff | 21.353 | 25.986 | 4.632 | 0.0330
70385.tiff | 26.728 | 29.434 | 2.706 | 0.0330
75744.tiff | 0.557 | 4.541 | 3.984 | 0.0330
68061.tiff | 49.718 | 55.158 | 5.440 | 0.0330
69526.tiff | 2.634 | 4.617 | 1.984 | 0.0330
68035.tiff | 47.751 | 53.330 | 5.579 | 0.0330
69340.tiff | 11.505 | 11.285 | 0.220 | 0.0330
69743.tiff | 18.695 | 18.604 | 0.091 | 0.0330
65174.tiff | 7.144 | 5.734 | 1.410 | 0.0330
75066.tiff | 43.171 | 43.982 | 0.810 | 0.0330
65170.tiff | 7.427 | 5.985 | 1.442 | 0.0330
66596.tiff | 27.726 | 26.831 | 0.895 | 0.0330
73355.tiff | 25.680 | 24.978 | 0.702 | 0.0330
72143.tiff | 37.136 | 40.631 | 3.496 | 0.0330
65745.tiff | 35.641 | 37.049 | 1.408 | 0.0330
74361.tiff | 13.896 | 10.277 | 3.619 | 0.0330
68101.tiff | 52.755 | 57.802 | 5.047 | 0.0330
71587.tiff | 1.032 | 4.451 | 3.419 | 0.0330
73969.tiff | 22.007 | 19.401 | 2.606 | 0.0330
74595.tiff | 5.499 | 10.170 | 4.671 | 0.0330
73704.tiff | 1.667 | 3.321 | 1.654 | 0.0330
68574.tiff | 18.704 | 17.996 | 0.708 | 0.0330
69602.tiff | 7.948 | 8.338 | 0.391 | 0.0330
74318.tiff | 18.230 | 14.543 | 3.688 | 0.0330
69048.tiff | 20.990 | 18.868 | 2.122 | 0.0330
73421.tiff | 20.532 | 20.447 | 0.084 | 0.0330
72643.tiff | 4.473 | 4.869 | 0.396 | 0.0330
74739.tiff | 17.364 | 22.169 | 4.805 | 0.0330
74073.tiff | 30.017 | 26.946 | 3.071 | 0.0330
75362.tiff | 29.205 | 33.357 | 4.152 | 0.0330
68248.tiff | 45.372 | 49.825 | 4.453 | 0.0330
67272.tiff | 9.967 | 9.096 | 0.871 | 0.0330
72417.tiff | 14.339 | 15.713 | 1.374 | 0.0330
70710.tiff | 0.066 | 3.648 | 3.582 | 0.0330
73855.tiff | 13.246 | 11.578 | 1.668 | 0.0330
73041.tiff | 37.453 | 38.765 | 1.313 | 0.0330
71679.tiff | 6.112 | 4.373 | 1.738 | 0.0330
75780.tiff | 3.336 | 3.385 | 0.048 | 0.0330
72955.tiff | 30.313 | 30.751 | 0.438 | 0.0330
67423.tiff | 1.621 | 4.379 | 2.758 | 0.0330
72378.tiff | 17.653 | 19.551 | 1.898 | 0.0330
75907.tiff | 13.095 | 7.741 | 5.354 | 0.0330
70546.tiff | 13.747 | 15.152 | 1.405 | 0.0330
72091.tiff | 35.542 | 39.205 | 3.663 | 0.0330
73179.tiff | 41.814 | 43.159 | 1.345 | 0.0330
73117.tiff | 43.690 | 44.001 | 0.312 | 0.0330
73269.tiff | 34.827 | 37.037 | 2.210 | 0.0330
66585.tiff | 28.709 | 27.817 | 0.892 | 0.0330
65435.tiff | 12.149 | 13.015 | 0.866 | 0.0330
70793.tiff | 8.175 | 7.948 | 0.227 | 0.0330
73342.tiff | 27.282 | 31.793 | 4.510 | 0.0330
65587.tiff | 23.740 | 23.412 | 0.328 | 0.0330
69454.tiff | 2.889 | 4.147 | 1.258 | 0.0330
65048.tiff | 1.061 | 4.123 | 3.062 | 0.0330
66011.tiff | 55.865 | 56.748 | 0.883 | 0.0330
69011.tiff | 17.925 | 16.221 | 1.704 | 0.0330
67255.tiff | 11.222 | 10.311 | 0.910 | 0.0330
74732.tiff | 16.799 | 21.702 | 4.903 | 0.0330
75004.tiff | 39.323 | 44.115 | 4.792 | 0.0330
69412.tiff | 6.107 | 6.224 | 0.117 | 0.0330
69177.tiff | 24.021 | 21.732 | 2.290 | 0.0330
68422.tiff | 31.445 | 32.797 | 1.352 | 0.0330
68320.tiff | 39.948 | 42.547 | 2.599 | 0.0330
65701.tiff | 32.294 | 32.567 | 0.273 | 0.0330
73539.tiff | 11.446 | 12.505 | 1.059 | 0.0330
74167.tiff | 30.804 | 27.649 | 3.156 | 0.0330
71384.tiff | 16.732 | 18.302 | 1.571 | 0.0330
73349.tiff | 26.180 | 25.582 | 0.598 | 0.0330
74212.tiff | 27.046 | 23.444 | 3.602 | 0.0330
69794.tiff | 22.574 | 22.181 | 0.393 | 0.0330
68636.tiff | 13.526 | 12.839 | 0.686 | 0.0330
68579.tiff | 18.270 | 17.411 | 0.859 | 0.0330
70690.tiff | 1.687 | 4.215 | 2.528 | 0.0330
66384.tiff | 45.395 | 47.804 | 2.409 | 0.0330
69360.tiff | 10.030 | 9.711 | 0.320 | 0.0330
73589.tiff | 7.265 | 8.375 | 1.110 | 0.0330
74283.tiff | 21.128 | 17.545 | 3.583 | 0.0330
76038.tiff | 23.315 | 16.578 | 6.737 | 0.0330
74531.tiff | 0.080 | 5.148 | 5.069 | 0.0330
75397.tiff | 26.400 | 29.511 | 3.111 | 0.0330
74524.tiff | 0.401 | 4.798 | 4.396 | 0.0330
69190.tiff | 23.047 | 20.853 | 2.194 | 0.0330
75706.tiff | 2.379 | 7.082 | 4.703 | 0.0330
65961.tiff | 52.071 | 53.018 | 0.947 | 0.0330
70841.tiff | 12.254 | 12.250 | 0.004 | 0.0330
66057.tiff | 59.368 | 60.325 | 0.956 | 0.0330
72718.tiff | 10.696 | 10.819 | 0.123 | 0.0330
72054.tiff | 33.656 | 37.456 | 3.800 | 0.0330
65104.tiff | 5.792 | 8.364 | 2.571 | 0.0330
66955.tiff | 5.523 | 4.140 | 1.383 | 0.0330
68435.tiff | 30.367 | 31.247 | 0.879 | 0.0330
76189.tiff | 32.003 | 69.118 | 37.115 | 0.0330
68509.tiff | 24.132 | 23.588 | 0.544 | 0.0330
72088.tiff | 35.275 | 38.864 | 3.589 | 0.0330
72926.tiff | 27.875 | 28.134 | 0.259 | 0.0330
66635.tiff | 24.374 | 23.096 | 1.278 | 0.0330
70050.tiff | 42.273 | 42.686 | 0.413 | 0.0330
67948.tiff | 41.103 | 46.685 | 5.582 | 0.0330
69825.tiff | 24.927 | 24.729 | 0.197 | 0.0330
69760.tiff | 19.922 | 19.793 | 0.130 | 0.0330
75191.tiff | 42.845 | 43.993 | 1.149 | 0.0330
70187.tiff | 43.731 | 43.732 | 0.001 | 0.0330
71473.tiff | 9.890 | 12.147 | 2.257 | 0.0330
70674.tiff | 3.084 | 5.009 | 1.925 | 0.0330
69485.tiff | 0.553 | 3.696 | 3.143 | 0.0330
69574.tiff | 5.761 | 6.503 | 0.743 | 0.0330
73415.tiff | 21.049 | 20.963 | 0.087 | 0.0330
65292.tiff | 2.131 | 3.866 | 1.735 | 0.0330
70425.tiff | 23.749 | 26.082 | 2.333 | 0.0330
73588.tiff | 7.309 | 8.671 | 1.362 | 0.0330
70054.tiff | 42.538 | 42.852 | 0.314 | 0.0330
75705.tiff | 2.483 | 7.039 | 4.557 | 0.0330
73805.tiff | 9.447 | 8.020 | 1.426 | 0.0330
75098.tiff | 45.761 | 45.136 | 0.624 | 0.0330
71031.tiff | 28.168 | 27.504 | 0.664 | 0.0330
73746.tiff | 4.862 | 4.328 | 0.533 | 0.0330
68235.tiff | 46.484 | 51.134 | 4.650 | 0.0330
75639.tiff | 7.510 | 11.703 | 4.193 | 0.0330
66595.tiff | 27.828 | 26.699 | 1.128 | 0.0330
65331.tiff | 5.094 | 6.464 | 1.370 | 0.0330
68543.tiff | 21.253 | 20.661 | 0.592 | 0.0330
74719.tiff | 15.714 | 20.721 | 5.007 | 0.0330
74000.tiff | 24.405 | 21.837 | 2.568 | 0.0330
76304.tiff | 37.535 | 35.449 | 2.086 | 0.0330
74826.tiff | 24.520 | 30.000 | 5.480 | 0.0330
75090.tiff | 45.124 | 44.783 | 0.341 | 0.0330
65015.tiff | 1.651 | 2.778 | 1.127 | 0.0330
74487.tiff | 3.567 | 3.279 | 0.289 | 0.0330
72756.tiff | 13.811 | 14.082 | 0.271 | 0.0330
68300.tiff | 40.784 | 45.489 | 4.705 | 0.0330
70796.tiff | 8.472 | 8.392 | 0.080 | 0.0330
76268.tiff | 38.686 | 24.836 | 13.850 | 0.0330
65488.tiff | 16.154 | 16.564 | 0.410 | 0.0330
69377.tiff | 8.714 | 8.448 | 0.266 | 0.0330
65903.tiff | 47.618 | 49.473 | 1.855 | 0.0330
75341.tiff | 30.817 | 35.123 | 4.307 | 0.0330
73740.tiff | 4.406 | 4.016 | 0.390 | 0.0330
76214.tiff | 32.000 | 68.963 | 36.963 | 0.0330
67956.tiff | 41.644 | 47.084 | 5.440 | 0.0330
73143.tiff | 44.634 | 44.768 | 0.134 | 0.0330
72022.tiff | 31.281 | 34.979 | 3.698 | 0.0330
67474.tiff | 5.517 | 7.139 | 1.621 | 0.0330
73188.tiff | 41.105 | 42.633 | 1.528 | 0.0330
72610.tiff | 1.682 | 3.583 | 1.901 | 0.0330
74679.tiff | 12.480 | 17.396 | 4.917 | 0.0330
74402.tiff | 10.555 | 6.920 | 3.636 | 0.0330
65622.tiff | 26.344 | 25.832 | 0.513 | 0.0330
73250.tiff | 36.327 | 38.172 | 1.844 | 0.0330
72781.tiff | 15.896 | 16.139 | 0.242 | 0.0330
67904.tiff | 37.751 | 43.850 | 6.099 | 0.0330
72975.tiff | 31.915 | 32.668 | 0.753 | 0.0330
74253.tiff | 23.667 | 20.132 | 3.535 | 0.0330
68330.tiff | 39.092 | 41.731 | 2.639 | 0.0330
65266.tiff | 0.162 | 2.822 | 2.660 | 0.0330
72938.tiff | 28.871 | 29.230 | 0.359 | 0.0330
75265.tiff | 37.087 | 41.007 | 3.920 | 0.0330
66042.tiff | 58.264 | 59.152 | 0.887 | 0.0330
73991.tiff | 23.726 | 21.423 | 2.303 | 0.0330
71965.tiff | 26.850 | 30.432 | 3.581 | 0.0330
66580.tiff | 29.006 | 28.137 | 0.869 | 0.0330
68388.tiff | 34.292 | 36.677 | 2.385 | 0.0330
68133.tiff | 55.083 | 59.569 | 4.486 | 0.0330
73517.tiff | 13.157 | 14.321 | 1.164 | 0.0330
68859.tiff | 5.059 | 7.498 | 2.439 | 0.0330
65511.tiff | 17.927 | 17.962 | 0.035 | 0.0330
71495.tiff | 8.202 | 10.415 | 2.213 | 0.0330
70222.tiff | 40.274 | 39.937 | 0.337 | 0.0330
72504.tiff | 7.136 | 8.305 | 1.169 | 0.0330
70227.tiff | 39.834 | 39.480 | 0.354 | 0.0330
66255.tiff | 55.162 | 54.933 | 0.229 | 0.0330
75102.tiff | 46.105 | 44.989 | 1.116 | 0.0330
73080.tiff | 40.677 | 41.686 | 1.009 | 0.0330
75241.tiff | 38.970 | 42.290 | 3.320 | 0.0330
66748.tiff | 14.874 | 13.866 | 1.008 | 0.0330
65260.tiff | 0.319 | 2.791 | 2.473 | 0.0330
72927.tiff | 27.922 | 28.040 | 0.118 | 0.0330
70863.tiff | 14.088 | 14.435 | 0.347 | 0.0330
75942.tiff | 15.814 | 9.960 | 5.854 | 0.0330
69717.tiff | 16.663 | 16.362 | 0.301 | 0.0330
68644.tiff | 12.800 | 12.418 | 0.382 | 0.0330
72357.tiff | 19.370 | 21.440 | 2.071 | 0.0330
72721.tiff | 10.900 | 11.099 | 0.199 | 0.0330
66069.tiff | 60.325 | 61.169 | 0.844 | 0.0330
72709.tiff | 9.907 | 9.922 | 0.016 | 0.0330
65757.tiff | 36.532 | 37.791 | 1.259 | 0.0330
65178.tiff | 6.832 | 5.644 | 1.188 | 0.0330
68814.tiff | 1.329 | 4.512 | 3.183 | 0.0330
74756.tiff | 18.780 | 23.449 | 4.670 | 0.0330
72701.tiff | 9.264 | 9.272 | 0.008 | 0.0330
65201.tiff | 5.049 | 4.080 | 0.969 | 0.0330
68913.tiff | 9.549 | 12.430 | 2.881 | 0.0330
74102.tiff | 32.279 | 29.403 | 2.876 | 0.0330
66723.tiff | 16.991 | 15.783 | 1.208 | 0.0330
68738.tiff | 5.026 | 5.190 | 0.164 | 0.0330
74759.tiff | 19.061 | 23.693 | 4.632 | 0.0330
73216.tiff | 38.921 | 40.936 | 2.015 | 0.0330
69000.tiff | 16.959 | 15.480 | 1.480 | 0.0330
73167.tiff | 42.748 | 43.456 | 0.708 | 0.0331
66786.tiff | 11.752 | 10.887 | 0.865 | 0.0330
75587.tiff | 11.518 | 15.668 | 4.150 | 0.0330
65695.tiff | 31.818 | 31.948 | 0.130 | 0.0330
70946.tiff | 20.990 | 20.900 | 0.089 | 0.0330
74608.tiff | 6.539 | 11.370 | 4.831 | 0.0330
73286.tiff | 33.526 | 35.691 | 2.165 | 0.0330
70724.tiff | 1.108 | 3.594 | 2.485 | 0.0330
73567.tiff | 8.962 | 10.253 | 1.291 | 0.0330
75505.tiff | 17.991 | 21.609 | 3.617 | 0.0330
66148.tiff | 64.117 | 64.741 | 0.623 | 0.0330
70287.tiff | 34.920 | 38.822 | 3.902 | 0.0330
71956.tiff | 26.104 | 29.509 | 3.406 | 0.0330
67389.tiff | 0.967 | 3.630 | 2.663 | 0.0330
72252.tiff | 28.089 | 30.517 | 2.429 | 0.0330
68108.tiff | 53.311 | 58.234 | 4.924 | 0.0330
76007.tiff | 20.821 | 14.494 | 6.327 | 0.0330
68049.tiff | 48.828 | 54.481 | 5.653 | 0.0330
70554.tiff | 13.082 | 14.511 | 1.430 | 0.0330
71798.tiff | 13.664 | 17.384 | 3.720 | 0.0330
74910.tiff | 31.580 | 39.077 | 7.498 | 0.0330
72200.tiff | 32.385 | 35.256 | 2.871 | 0.0330
71481.tiff | 9.260 | 11.310 | 2.050 | 0.0330
75545.tiff | 14.768 | 18.652 | 3.885 | 0.0330
69722.tiff | 17.078 | 16.694 | 0.384 | 0.0330
66951.tiff | 5.218 | 3.925 | 1.293 | 0.0330
72948.tiff | 29.758 | 30.048 | 0.290 | 0.0330
69030.tiff | 19.555 | 17.719 | 1.837 | 0.0330
71707.tiff | 8.188 | 5.848 | 2.340 | 0.0330
74191.tiff | 28.805 | 25.262 | 3.544 | 0.0330
71818.tiff | 15.185 | 18.961 | 3.776 | 0.0330
68298.tiff | 40.894 | 45.357 | 4.463 | 0.0330
76153.tiff | 31.989 | 69.120 | 37.131 | 0.0330
75998.tiff | 20.176 | 13.837 | 6.338 | 0.0330
67508.tiff | 8.135 | 9.476 | 1.341 | 0.0330
70980.tiff | 23.833 | 23.229 | 0.604 | 0.0330
75882.tiff | 11.252 | 6.217 | 5.035 | 0.0330
68112.tiff | 53.578 | 58.460 | 4.882 | 0.0330
66348.tiff | 48.113 | 50.211 | 2.098 | 0.0330
67518.tiff | 8.854 | 10.247 | 1.393 | 0.0330
70701.tiff | 0.845 | 3.893 | 3.048 | 0.0330
73690.tiff | 0.542 | 3.375 | 2.833 | 0.0330
73488.tiff | 15.466 | 16.132 | 0.666 | 0.0330
67175.tiff | 17.328 | 15.544 | 1.783 | 0.0330
68329.tiff | 39.173 | 41.989 | 2.816 | 0.0330
70334.tiff | 30.948 | 34.756 | 3.807 | 0.0330
73296.tiff | 32.725 | 34.952 | 2.228 | 0.0330
65840.tiff | 42.833 | 45.113 | 2.280 | 0.0330
71085.tiff | 32.590 | 32.953 | 0.363 | 0.0330
75833.tiff | 7.460 | 3.824 | 3.636 | 0.0330
66428.tiff | 41.692 | 44.275 | 2.584 | 0.0330
75388.tiff | 27.209 | 30.483 | 3.274 | 0.0330
65741.tiff | 35.366 | 36.390 | 1.024 | 0.0330
66251.tiff | 55.445 | 55.372 | 0.073 | 0.0330
69304.tiff | 14.272 | 14.022 | 0.249 | 0.0330
70397.tiff | 25.699 | 28.421 | 2.722 | 0.0330
72367.tiff | 18.510 | 20.306 | 1.795 | 0.0330
72540.tiff | 4.144 | 5.399 | 1.255 | 0.0330
68354.tiff | 37.150 | 39.851 | 2.701 | 0.0330
71885.tiff | 20.390 | 24.218 | 3.827 | 0.0330
66499.tiff | 35.800 | 37.087 | 1.288 | 0.0330
74807.tiff | 23.044 | 28.144 | 5.101 | 0.0330
67632.tiff | 16.619 | 21.090 | 4.471 | 0.0330
65368.tiff | 7.958 | 9.091 | 1.133 | 0.0330
74619.tiff | 7.534 | 12.364 | 4.830 | 0.0330
68014.tiff | 46.158 | 51.614 | 5.456 | 0.0330
68929.tiff | 10.893 | 13.640 | 2.746 | 0.0330
66119.tiff | 64.149 | 64.755 | 0.607 | 0.0330
72078.tiff | 34.476 | 38.096 | 3.620 | 0.0330
65425.tiff | 11.376 | 12.266 | 0.890 | 0.0330
66407.tiff | 43.470 | 46.129 | 2.659 | 0.0330
66863.tiff | 2.879 | 6.369 | 3.490 | 0.0330
69683.tiff | 14.099 | 13.801 | 0.298 | 0.0330
66023.tiff | 56.823 | 57.653 | 0.829 | 0.0330
67217.tiff | 14.198 | 12.953 | 1.245 | 0.0330
65953.tiff | 51.465 | 52.595 | 1.130 | 0.0330
74902.tiff | 30.867 | 38.263 | 7.396 | 0.0330
73543.tiff | 11.139 | 12.245 | 1.106 | 0.0330
72956.tiff | 30.378 | 30.873 | 0.495 | 0.0330
69976.tiff | 36.535 | 37.321 | 0.786 | 0.0330
66454.tiff | 39.647 | 41.915 | 2.268 | 0.0330
71521.tiff | 6.143 | 8.707 | 2.565 | 0.0330
69882.tiff | 29.319 | 29.824 | 0.505 | 0.0330
74962.tiff | 35.802 | 42.581 | 6.779 | 0.0330
71415.tiff | 14.375 | 16.296 | 1.921 | 0.0330
68692.tiff | 8.807 | 8.235 | 0.572 | 0.0331
73641.tiff | 3.263 | 5.028 | 1.765 | 0.0330
71486.tiff | 8.895 | 10.979 | 2.083 | 0.0330
74339.tiff | 16.577 | 12.939 | 3.638 | 0.0330
70584.tiff | 10.576 | 12.165 | 1.590 | 0.0330
69522.tiff | 2.307 | 4.521 | 2.214 | 0.0330
67320.tiff | 6.318 | 5.732 | 0.586 | 0.0330
74060.tiff | 29.027 | 26.050 | 2.977 | 0.0330
66672.tiff | 21.278 | 20.252 | 1.027 | 0.0330
71301.tiff | 23.096 | 23.973 | 0.877 | 0.0330
67639.tiff | 17.129 | 21.366 | 4.236 | 0.0330
68345.tiff | 37.855 | 40.341 | 2.486 | 0.0330
75302.tiff | 34.290 | 38.717 | 4.427 | 0.0330
67987.tiff | 44.096 | 49.104 | 5.008 | 0.0330
65097.tiff | 5.193 | 7.710 | 2.517 | 0.0330
65427.tiff | 11.522 | 12.706 | 1.184 | 0.0330
73137.tiff | 45.091 | 44.651 | 0.440 | 0.0330
67406.tiff | 0.306 | 3.770 | 3.464 | 0.0330
75433.tiff | 23.448 | 26.330 | 2.882 | 0.0330
67975.tiff | 43.219 | 48.402 | 5.183 | 0.0330
72217.tiff | 30.995 | 34.008 | 3.013 | 0.0330
75688.tiff | 3.756 | 8.360 | 4.605 | 0.0330
72079.tiff | 34.569 | 38.170 | 3.601 | 0.0330
76079.tiff | 26.482 | 20.138 | 6.344 | 0.0330
66043.tiff | 58.322 | 59.354 | 1.032 | 0.0330
75414.tiff | 25.416 | 28.705 | 3.289 | 0.0330
75283.tiff | 35.688 | 40.070 | 4.382 | 0.0330
75063.tiff | 42.894 | 43.781 | 0.888 | 0.0330
74820.tiff | 24.065 | 29.492 | 5.428 | 0.0330
71663.tiff | 4.861 | 3.816 | 1.045 | 0.0330
67302.tiff | 7.648 | 6.830 | 0.817 | 0.0330
69333.tiff | 12.045 | 11.729 | 0.316 | 0.0330
65583.tiff | 23.401 | 23.210 | 0.191 | 0.0330
76092.tiff | 27.523 | 21.095 | 6.428 | 0.0330
66787.tiff | 11.560 | 10.680 | 0.880 | 0.0330
67037.tiff | 12.446 | 11.072 | 1.374 | 0.0330
65004.tiff | 2.568 | 2.544 | 0.024 | 0.0330
71038.tiff | 28.756 | 28.251 | 0.505 | 0.0330
75876.tiff | 10.743 | 5.684 | 5.059 | 0.0330
74804.tiff | 22.793 | 27.517 | 4.724 | 0.0330
74257.tiff | 23.371 | 19.755 | 3.616 | 0.0330
72754.tiff | 13.645 | 13.880 | 0.235 | 0.0330
72304.tiff | 23.769 | 26.036 | 2.268 | 0.0330
75647.tiff | 6.904 | 11.303 | 4.398 | 0.0330
71287.tiff | 24.164 | 24.783 | 0.618 | 0.0330
71527.tiff | 5.712 | 8.149 | 2.436 | 0.0330
69519.tiff | 2.164 | 4.357 | 2.194 | 0.0330
65440.tiff | 12.536 | 13.500 | 0.965 | 0.0330
70598.tiff | 9.443 | 10.583 | 1.140 | 0.0330
68959.tiff | 13.474 | 16.081 | 2.607 | 0.0330
67627.tiff | 16.210 | 20.551 | 4.341 | 0.0330
68596.tiff | 16.812 | 15.943 | 0.869 | 0.0330
68950.tiff | 12.675 | 15.360 | 2.684 | 0.0330
67819.tiff | 31.261 | 37.321 | 6.060 | 0.0330
65089.tiff | 4.546 | 6.869 | 2.323 | 0.0330
74991.tiff | 38.257 | 43.336 | 5.079 | 0.0330
69657.tiff | 12.104 | 12.186 | 0.082 | 0.0330
72282.tiff | 25.597 | 27.728 | 2.130 | 0.0330
74495.tiff | 2.914 | 3.504 | 0.590 | 0.0330
69873.tiff | 28.591 | 28.706 | 0.115 | 0.0330
65275.tiff | 0.827 | 3.111 | 2.284 | 0.0330
68064.tiff | 49.997 | 55.478 | 5.481 | 0.0330
69448.tiff | 3.280 | 4.289 | 1.010 | 0.0330
75198.tiff | 42.261 | 43.960 | 1.699 | 0.0330
71023.tiff | 27.423 | 26.774 | 0.650 | 0.0330
71519.tiff | 6.352 | 8.746 | 2.394 | 0.0330
72310.tiff | 23.255 | 25.335 | 2.081 | 0.0330
74490.tiff | 3.233 | 3.315 | 0.082 | 0.0330
68530.tiff | 22.288 | 21.678 | 0.610 | 0.0330
70993.tiff | 24.903 | 24.375 | 0.528 | 0.0330
65416.tiff | 10.935 | 11.910 | 0.974 | 0.0330
71272.tiff | 25.334 | 25.985 | 0.651 | 0.0330
75986.tiff | 19.245 | 12.752 | 6.493 | 0.0330
71674.tiff | 5.710 | 4.293 | 1.417 | 0.0330
75528.tiff | 16.132 | 19.715 | 3.583 | 0.0330
68586.tiff | 17.716 | 17.100 | 0.616 | 0.0330
75445.tiff | 22.544 | 25.494 | 2.950 | 0.0330
65711.tiff | 33.070 | 33.665 | 0.596 | 0.0330
72205.tiff | 32.040 | 35.086 | 3.046 | 0.0330
65408.tiff | 11.053 | 12.060 | 1.008 | 0.0330
69852.tiff | 27.024 | 27.034 | 0.010 | 0.0330
73814.tiff | 10.183 | 8.553 | 1.630 | 0.0330
73745.tiff | 4.819 | 4.296 | 0.522 | 0.0330
75467.tiff | 20.823 | 24.277 | 3.454 | 0.0330
66502.tiff | 35.522 | 36.432 | 0.911 | 0.0330
72225.tiff | 30.341 | 32.998 | 2.657 | 0.0330
70258.tiff | 37.291 | 41.394 | 4.103 | 0.0330
74957.tiff | 35.522 | 42.264 | 6.742 | 0.0330
70217.tiff | 41.568 | 41.139 | 0.429 | 0.0330
69257.tiff | 17.925 | 17.070 | 0.855 | 0.0330
72239.tiff | 29.220 | 31.872 | 2.653 | 0.0330
74714.tiff | 15.354 | 20.244 | 4.890 | 0.0330
67407.tiff | 0.367 | 3.875 | 3.508 | 0.0330
74610.tiff | 6.788 | 11.565 | 4.777 | 0.0330
69061.tiff | 22.011 | 19.644 | 2.367 | 0.0330
66111.tiff | 63.515 | 64.390 | 0.876 | 0.0330
67754.tiff | 26.313 | 31.176 | 4.863 | 0.0330
68079.tiff | 51.110 | 56.384 | 5.273 | 0.0330
75208.tiff | 41.454 | 43.332 | 1.878 | 0.0330
74278.tiff | 21.589 | 17.872 | 3.718 | 0.0330
69090.tiff | 24.437 | 21.909 | 2.528 | 0.0330
68275.tiff | 43.125 | 47.445 | 4.320 | 0.0330
75858.tiff | 9.346 | 4.859 | 4.488 | 0.0330
73665.tiff | 1.360 | 4.052 | 2.691 | 0.0330
67216.tiff | 14.259 | 13.119 | 1.140 | 0.0330
65634.tiff | 27.204 | 26.629 | 0.574 | 0.0330
70290.tiff | 34.625 | 38.541 | 3.916 | 0.0330
73311.tiff | 31.610 | 33.822 | 2.211 | 0.0330
70637.tiff | 6.198 | 7.427 | 1.230 | 0.0330
73113.tiff | 43.395 | 43.788 | 0.393 | 0.0330
65132.tiff | 8.183 | 10.234 | 2.051 | 0.0330
70509.tiff | 16.772 | 18.253 | 1.481 | 0.0330
73905.tiff | 16.996 | 14.687 | 2.309 | 0.0330
71067.tiff | 31.200 | 31.302 | 0.102 | 0.0330
75261.tiff | 37.362 | 41.144 | 3.782 | 0.0330
65775.tiff | 37.906 | 39.332 | 1.426 | 0.0330
75878.tiff | 10.903 | 6.024 | 4.879 | 0.0330
65312.tiff | 3.670 | 5.058 | 1.388 | 0.0330
72585.tiff | 0.390 | 3.614 | 3.224 | 0.0330
67089.tiff | 16.832 | 14.801 | 2.030 | 0.0330
68939.tiff | 11.758 | 14.717 | 2.959 | 0.0330
65470.tiff | 14.802 | 15.157 | 0.355 | 0.0330
67358.tiff | 3.337 | 3.954 | 0.617 | 0.0330
66283.tiff | 54.261 | 52.201 | 2.060 | 0.0330
74819.tiff | 24.023 | 29.270 | 5.247 | 0.0330
70550.tiff | 13.429 | 14.983 | 1.554 | 0.0330
68786.tiff | 1.024 | 3.740 | 2.716 | 0.0330
65994.tiff | 54.589 | 55.376 | 0.787 | 0.0330
66714.tiff | 17.742 | 16.949 | 0.793 | 0.0330
67610.tiff | 14.910 | 19.231 | 4.321 | 0.0330
66282.tiff | 54.370 | 52.381 | 1.989 | 0.0330
74622.tiff | 7.785 | 12.804 | 5.019 | 0.0330
65564.tiff | 21.966 | 21.743 | 0.223 | 0.0330
72238.tiff | 29.209 | 31.647 | 2.438 | 0.0330
75683.tiff | 4.122 | 8.496 | 4.374 | 0.0330
75605.tiff | 10.166 | 14.202 | 4.036 | 0.0330
71303.tiff | 22.915 | 23.549 | 0.634 | 0.0330
70096.tiff | 45.797 | 46.450 | 0.653 | 0.0330
72567.tiff | 1.896 | 3.745 | 1.849 | 0.0330
68616.tiff | 15.165 | 14.277 | 0.888 | 0.0330
67289.tiff | 8.644 | 7.936 | 0.708 | 0.0330
67261.tiff | 10.784 | 10.116 | 0.669 | 0.0330
65080.tiff | 3.768 | 6.473 | 2.704 | 0.0330
67271.tiff | 10.034 | 9.247 | 0.787 | 0.0330
72854.tiff | 21.911 | 21.599 | 0.313 | 0.0330
74409.tiff | 9.941 | 6.291 | 3.651 | 0.0330
75122.tiff | 47.743 | 45.556 | 2.187 | 0.0330
67418.tiff | 1.221 | 4.153 | 2.931 | 0.0330
67143.tiff | 19.750 | 17.300 | 2.450 | 0.0330
68657.tiff | 11.764 | 11.299 | 0.465 | 0.0330
73560.tiff | 9.457 | 10.737 | 1.280 | 0.0330
74881.tiff | 29.150 | 36.416 | 7.266 | 0.0330
70381.tiff | 27.001 | 29.970 | 2.970 | 0.0330
65334.tiff | 5.355 | 6.457 | 1.101 | 0.0330
70039.tiff | 41.389 | 41.703 | 0.313 | 0.0330
72404.tiff | 15.400 | 17.038 | 1.638 | 0.0330
66085.tiff | 61.556 | 62.355 | 0.798 | 0.0330
65451.tiff | 13.349 | 14.085 | 0.736 | 0.0330
70903.tiff | 17.422 | 17.573 | 0.151 | 0.0330
67250.tiff | 11.638 | 10.956 | 0.683 | 0.0330
65294.tiff | 2.280 | 3.957 | 1.677 | 0.0330
66146.tiff | 64.326 | 64.959 | 0.633 | 0.0330
67702.tiff | 22.310 | 26.676 | 4.366 | 0.0330
70734.tiff | 1.931 | 3.790 | 1.859 | 0.0330
72989.tiff | 33.114 | 34.209 | 1.094 | 0.0330
67153.tiff | 19.012 | 16.771 | 2.241 | 0.0330
73276.tiff | 34.278 | 36.448 | 2.170 | 0.0330
74198.tiff | 28.262 | 24.904 | 3.358 | 0.0330
65853.tiff | 43.789 | 46.101 | 2.313 | 0.0330
67253.tiff | 11.483 | 10.530 | 0.954 | 0.0330
74081.tiff | 30.665 | 27.708 | 2.957 | 0.0330
68266.tiff | 43.918 | 48.286 | 4.367 | 0.0330
74100.tiff | 32.151 | 29.544 | 2.607 | 0.0330
68873.tiff | 6.233 | 8.584 | 2.352 | 0.0330
70697.tiff | 1.170 | 3.962 | 2.792 | 0.0330
70664.tiff | 3.915 | 5.460 | 1.545 | 0.0330
68854.tiff | 4.588 | 7.044 | 2.455 | 0.0330
66124.tiff | 64.560 | 64.962 | 0.402 | 0.0330
68899.tiff | 8.377 | 11.013 | 2.636 | 0.0330
70834.tiff | 11.632 | 11.771 | 0.138 | 0.0330
76298.tiff | 38.757 | 35.855 | 2.902 | 0.0330
74044.tiff | 27.797 | 24.729 | 3.068 | 0.0330
75507.tiff | 17.727 | 21.444 | 3.717 | 0.0330
75495.tiff | 18.708 | 22.236 | 3.528 | 0.0330
73964.tiff | 21.605 | 19.283 | 2.322 | 0.0330
74882.tiff | 29.201 | 36.482 | 7.282 | 0.0330
65501.tiff | 17.209 | 17.321 | 0.112 | 0.0330
67022.tiff | 11.160 | 9.265 | 1.895 | 0.0330
73524.tiff | 12.592 | 13.716 | 1.124 | 0.0330
69095.tiff | 24.905 | 22.381 | 2.523 | 0.0330
67313.tiff | 6.762 | 6.290 | 0.472 | 0.0330
73417.tiff | 20.909 | 20.804 | 0.105 | 0.0330
71890.tiff | 20.764 | 24.278 | 3.514 | 0.0330
72856.tiff | 22.093 | 21.845 | 0.248 | 0.0330
72796.tiff | 17.111 | 17.076 | 0.035 | 0.0330
72423.tiff | 13.813 | 15.422 | 1.609 | 0.0330
66563.tiff | 30.466 | 29.777 | 0.689 | 0.0330
72094.tiff | 35.741 | 39.295 | 3.554 | 0.0330
72318.tiff | 22.607 | 24.856 | 2.249 | 0.0330
71522.tiff | 6.071 | 8.513 | 2.441 | 0.0330
75952.tiff | 16.589 | 10.534 | 6.055 | 0.0330
71703.tiff | 7.883 | 5.535 | 2.349 | 0.0330
72195.tiff | 32.808 | 35.750 | 2.942 | 0.0330
70428.tiff | 23.482 | 25.758 | 2.276 | 0.0330
65300.tiff | 2.707 | 4.281 | 1.574 | 0.0330
73986.tiff | 23.340 | 20.788 | 2.552 | 0.0330
66195.tiff | 60.210 | 60.664 | 0.455 | 0.0330
71516.tiff | 6.549 | 9.046 | 2.497 | 0.0330
75204.tiff | 41.785 | 43.694 | 1.908 | 0.0330
75209.tiff | 41.410 | 43.389 | 1.979 | 0.0330
65972.tiff | 52.902 | 53.822 | 0.921 | 0.0330
67228.tiff | 13.400 | 12.569 | 0.832 | 0.0330
72047.tiff | 33.166 | 37.182 | 4.015 | 0.0330
66114.tiff | 63.801 | 64.607 | 0.807 | 0.0330
70618.tiff | 7.775 | 9.204 | 1.429 | 0.0330
69731.tiff | 17.744 | 17.497 | 0.247 | 0.0330
70415.tiff | 24.260 | 26.617 | 2.357 | 0.0330
67343.tiff | 4.480 | 4.445 | 0.035 | 0.0330
67047.tiff | 13.305 | 11.722 | 1.584 | 0.0330
70083.tiff | 44.769 | 45.312 | 0.543 | 0.0330
71292.tiff | 23.770 | 24.500 | 0.730 | 0.0330
69293.tiff | 15.116 | 14.719 | 0.397 | 0.0330
67710.tiff | 22.908 | 27.331 | 4.423 | 0.0330
72321.tiff | 22.323 | 24.296 | 1.972 | 0.0330
72878.tiff | 23.899 | 23.570 | 0.329 | 0.0330
66510.tiff | 34.910 | 35.671 | 0.761 | 0.0330
73031.tiff | 36.621 | 37.474 | 0.852 | 0.0330
76182.tiff | 32.007 | 69.121 | 37.113 | 0.0330
69123.tiff | 26.858 | 24.038 | 2.819 | 0.0330
70939.tiff | 20.469 | 20.288 | 0.181 | 0.0330
68012.tiff | 45.995 | 51.278 | 5.282 | 0.0330
72552.tiff | 3.146 | 4.518 | 1.372 | 0.0330
74337.tiff | 16.659 | 13.015 | 3.644 | 0.0330
67953.tiff | 41.492 | 47.081 | 5.589 | 0.0330
71903.tiff | 22.088 | 25.775 | 3.686 | 0.0330
66150.tiff | 63.922 | 64.465 | 0.543 | 0.0330
69098.tiff | 25.173 | 22.524 | 2.649 | 0.0330
65896.tiff | 47.083 | 48.953 | 1.869 | 0.0330
75898.tiff | 12.428 | 7.011 | 5.416 | 0.0330
73489.tiff | 15.326 | 16.009 | 0.684 | 0.0330
65766.tiff | 37.236 | 38.645 | 1.409 | 0.0330
69303.tiff | 14.400 | 13.993 | 0.407 | 0.0330
70404.tiff | 25.114 | 27.431 | 2.317 | 0.0330
76090.tiff | 27.320 | 20.719 | 6.601 | 0.0330
73974.tiff | 22.412 | 19.943 | 2.469 | 0.0330
70007.tiff | 38.907 | 39.217 | 0.310 | 0.0330
74546.tiff | 1.420 | 6.246 | 4.826 | 0.0330
73328.tiff | 30.274 | 32.754 | 2.480 | 0.0330
68711.tiff | 7.293 | 6.848 | 0.445 | 0.0330
65566.tiff | 22.069 | 21.748 | 0.321 | 0.0330
71216.tiff | 29.643 | 29.785 | 0.141 | 0.0330
73973.tiff | 22.293 | 20.064 | 2.229 | 0.0330
73444.tiff | 18.874 | 19.016 | 0.142 | 0.0330
73212.tiff | 39.263 | 40.835 | 1.573 | 0.0330
66012.tiff | 55.958 | 56.649 | 0.691 | 0.0330
70658.tiff | 4.378 | 5.928 | 1.550 | 0.0330
74847.tiff | 26.302 | 32.585 | 6.283 | 0.0330
67693.tiff | 21.312 | 25.582 | 4.269 | 0.0330
69211.tiff | 21.420 | 19.644 | 1.776 | 0.0330
71698.tiff | 7.501 | 5.252 | 2.249 | 0.0330
73896.tiff | 16.419 | 14.275 | 2.144 | 0.0330
66792.tiff | 11.171 | 10.382 | 0.790 | 0.0330
72655.tiff | 5.414 | 5.535 | 0.121 | 0.0330
69366.tiff | 9.547 | 9.143 | 0.405 | 0.0330
69611.tiff | 8.568 | 8.925 | 0.358 | 0.0330
66741.tiff | 15.470 | 14.511 | 0.959 | 0.0330
71222.tiff | 29.194 | 29.300 | 0.105 | 0.0330
73901.tiff | 16.781 | 14.638 | 2.143 | 0.0330
73049.tiff | 38.109 | 39.327 | 1.218 | 0.0330
68069.tiff | 50.360 | 55.915 | 5.555 | 0.0330
71923.tiff | 23.660 | 27.390 | 3.730 | 0.0330
74038.tiff | 27.305 | 24.165 | 3.140 | 0.0330
72043.tiff | 32.944 | 36.690 | 3.746 | 0.0330
70988.tiff | 24.510 | 24.010 | 0.500 | 0.0330
69216.tiff | 21.032 | 19.368 | 1.664 | 0.0330
75863.tiff | 9.748 | 5.141 | 4.607 | 0.0331
74506.tiff | 1.912 | 3.874 | 1.963 | 0.0330
70771.tiff | 5.026 | 5.135 | 0.109 | 0.0330
75136.tiff | 47.150 | 45.512 | 1.639 | 0.0330
65081.tiff | 3.883 | 6.591 | 2.708 | 0.0330
68705.tiff | 7.772 | 7.248 | 0.523 | 0.0330
68001.tiff | 45.136 | 50.371 | 5.235 | 0.0330
73432.tiff | 19.763 | 19.827 | 0.064 | 0.0330
65336.tiff | 5.490 | 6.632 | 1.141 | 0.0330
71546.tiff | 4.276 | 6.939 | 2.662 | 0.0330
72736.tiff | 12.188 | 12.434 | 0.245 | 0.0330
67689.tiff | 20.986 | 25.372 | 4.386 | 0.0330
74218.tiff | 26.598 | 23.029 | 3.569 | 0.0330
74702.tiff | 14.384 | 19.326 | 4.942 | 0.0330
68548.tiff | 20.801 | 20.110 | 0.691 | 0.0330
69049.tiff | 21.078 | 18.984 | 2.095 | 0.0330
70866.tiff | 14.315 | 14.533 | 0.218 | 0.0330
69924.tiff | 32.539 | 33.435 | 0.896 | 0.0330
72186.tiff | 33.556 | 36.754 | 3.198 | 0.0330
72646.tiff | 4.685 | 5.098 | 0.413 | 0.0330
69092.tiff | 24.629 | 22.223 | 2.406 | 0.0330
75852.tiff | 8.900 | 4.678 | 4.222 | 0.0330
69606.tiff | 8.173 | 8.679 | 0.506 | 0.0331
74003.tiff | 24.608 | 22.021 | 2.586 | 0.0330
72840.tiff | 20.715 | 20.655 | 0.060 | 0.0330
70853.tiff | 13.248 | 13.465 | 0.216 | 0.0330
69373.tiff | 9.043 | 8.610 | 0.433 | 0.0330
67999.tiff | 45.005 | 50.157 | 5.152 | 0.0330
66794.tiff | 11.042 | 10.249 | 0.793 | 0.0330
66184.tiff | 61.121 | 61.623 | 0.502 | 0.0330
65032.tiff | 0.296 | 3.245 | 2.949 | 0.0330
71077.tiff | 32.008 | 32.114 | 0.106 | 0.0330
72196.tiff | 32.714 | 35.702 | 2.989 | 0.0330
68823.tiff | 2.092 | 4.976 | 2.885 | 0.0330
71124.tiff | 35.847 | 37.701 | 1.853 | 0.0330
70800.tiff | 8.790 | 8.701 | 0.089 | 0.0330
66731.tiff | 16.307 | 15.268 | 1.039 | 0.0330
67944.tiff | 40.763 | 46.479 | 5.716 | 0.0330
66531.tiff | 33.189 | 33.610 | 0.421 | 0.0330
73698.tiff | 1.126 | 3.330 | 2.204 | 0.0330
73299.tiff | 32.449 | 34.747 | 2.298 | 0.0330
67311.tiff | 6.978 | 6.406 | 0.572 | 0.0330
71837.tiff | 16.691 | 20.275 | 3.584 | 0.0330
74696.tiff | 13.871 | 18.677 | 4.806 | 0.0330
73709.tiff | 2.015 | 3.365 | 1.349 | 0.0330
72261.tiff | 27.339 | 29.761 | 2.421 | 0.0330
67448.tiff | 3.519 | 5.389 | 1.870 | 0.0330
65374.tiff | 8.379 | 9.494 | 1.116 | 0.0330
74411.tiff | 9.816 | 6.193 | 3.623 | 0.0330
75143.tiff | 46.588 | 45.382 | 1.206 | 0.0330
72128.tiff | 38.335 | 41.937 | 3.602 | 0.0330
73835.tiff | 11.751 | 10.151 | 1.600 | 0.0330
70827.tiff | 11.060 | 11.115 | 0.055 | 0.0330
70203.tiff | 42.417 | 42.427 | 0.010 | 0.0330
75333.tiff | 31.462 | 35.880 | 4.418 | 0.0330
71933.tiff | 24.384 | 28.103 | 3.718 | 0.0330
70520.tiff | 15.879 | 17.253 | 1.374 | 0.0330
66194.tiff | 60.271 | 61.021 | 0.750 | 0.0330
68685.tiff | 9.432 | 8.848 | 0.584 | 0.0330
71693.tiff | 7.108 | 4.955 | 2.154 | 0.0330
66202.tiff | 59.586 | 60.189 | 0.602 | 0.0330
71949.tiff | 25.615 | 29.210 | 3.595 | 0.0330
74183.tiff | 29.480 | 25.783 | 3.697 | 0.0330
66846.tiff | 6.270 | 5.539 | 0.731 | 0.0330
71120.tiff | 35.584 | 37.006 | 1.422 | 0.0330
74123.tiff | 33.875 | 31.509 | 2.366 | 0.0330
71884.tiff | 20.282 | 23.980 | 3.699 | 0.0330
69919.tiff | 32.179 | 32.989 | 0.810 | 0.0331
74809.tiff | 23.148 | 28.192 | 5.044 | 0.0330
67577.tiff | 13.411 | 14.293 | 0.882 | 0.0330
75771.tiff | 2.606 | 3.619 | 1.014 | 0.0330
69983.tiff | 37.081 | 37.730 | 0.650 | 0.0330
68132.tiff | 55.140 | 59.555 | 4.414 | 0.0330
65316.tiff | 3.975 | 5.218 | 1.243 | 0.0330
67885.tiff | 36.290 | 42.428 | 6.138 | 0.0330
71855.tiff | 18.074 | 21.702 | 3.628 | 0.0330
72885.tiff | 24.504 | 24.137 | 0.367 | 0.0330
73837.tiff | 11.848 | 10.287 | 1.561 | 0.0330
69610.tiff | 8.500 | 8.896 | 0.396 | 0.0330
69707.tiff | 15.960 | 15.591 | 0.370 | 0.0330
69767.tiff | 20.470 | 20.231 | 0.240 | 0.0330
71948.tiff | 25.537 | 28.919 | 3.382 | 0.0330
68315.tiff | 40.324 | 42.827 | 2.503 | 0.0330
66409.tiff | 43.293 | 45.909 | 2.616 | 0.0330
69699.tiff | 15.308 | 15.237 | 0.071 | 0.0330
70141.tiff | 47.565 | 47.746 | 0.181 | 0.0330
75751.tiff | 1.114 | 4.159 | 3.045 | 0.0330
66072.tiff | 60.557 | 61.462 | 0.905 | 0.0330
73150.tiff | 44.104 | 44.253 | 0.150 | 0.0330
73764.tiff | 6.299 | 5.245 | 1.054 | 0.0330
69973.tiff | 36.318 | 37.292 | 0.974 | 0.0330
67493.tiff | 6.957 | 8.494 | 1.537 | 0.0330
75117.tiff | 47.329 | 45.518 | 1.812 | 0.0330
68488.tiff | 25.870 | 25.471 | 0.398 | 0.0330
74724.tiff | 16.147 | 21.228 | 5.082 | 0.0330
69949.tiff | 34.430 | 35.298 | 0.867 | 0.0330
70485.tiff | 18.798 | 20.637 | 1.838 | 0.0330
71841.tiff | 16.986 | 20.549 | 3.563 | 0.0330
75199.tiff | 42.133 | 43.526 | 1.393 | 0.0330
67341.tiff | 4.687 | 4.510 | 0.177 | 0.0330
66473.tiff | 38.126 | 39.910 | 1.784 | 0.0330
73004.tiff | 34.403 | 35.669 | 1.266 | 0.0330
68782.tiff | 1.373 | 3.739 | 2.366 | 0.0330
71370.tiff | 17.822 | 19.275 | 1.452 | 0.0330
65714.tiff | 33.261 | 33.803 | 0.542 | 0.0330
73058.tiff | 38.857 | 40.235 | 1.377 | 0.0330
65938.tiff | 50.284 | 51.723 | 1.439 | 0.0330
67239.tiff | 12.477 | 11.637 | 0.840 | 0.0330
66088.tiff | 61.781 | 62.692 | 0.910 | 0.0330
69994.tiff | 37.962 | 38.729 | 0.767 | 0.0330
70776.tiff | 5.440 | 5.638 | 0.198 | 0.0330
76125.tiff | 30.000 | 23.449 | 6.551 | 0.0330
75972.tiff | 18.125 | 11.947 | 6.178 | 0.0330
66495.tiff | 36.152 | 37.520 | 1.368 | 0.0330
71178.tiff | 32.579 | 33.360 | 0.781 | 0.0330
74967.tiff | 36.256 | 42.526 | 6.269 | 0.0330
65882.tiff | 46.047 | 48.039 | 1.992 | 0.0330
74291.tiff | 20.485 | 16.950 | 3.535 | 0.0330
67733.tiff | 24.561 | 29.053 | 4.491 | 0.0330
74665.tiff | 11.308 | 15.912 | 4.604 | 0.0330
66517.tiff | 34.356 | 35.093 | 0.737 | 0.0330
75091.tiff | 45.203 | 44.741 | 0.463 | 0.0330
70362.tiff | 28.635 | 32.009 | 3.374 | 0.0330
74630.tiff | 8.441 | 13.237 | 4.796 | 0.0330
73941.tiff | 19.857 | 17.333 | 2.524 | 0.0330
75914.tiff | 13.601 | 8.156 | 5.445 | 0.0330
74600.tiff | 5.887 | 10.502 | 4.615 | 0.0330
76023.tiff | 22.127 | 15.916 | 6.210 | 0.0330
72432.tiff | 13.117 | 14.510 | 1.393 | 0.0330
75885.tiff | 11.449 | 6.287 | 5.162 | 0.0330
65533.tiff | 19.551 | 19.556 | 0.005 | 0.0330
69741.tiff | 18.534 | 18.290 | 0.244 | 0.0330
69024.tiff | 19.010 | 17.143 | 1.867 | 0.0330
71389.tiff | 16.404 | 17.975 | 1.571 | 0.0330
67212.tiff | 14.554 | 13.399 | 1.154 | 0.0330
71051.tiff | 29.776 | 29.204 | 0.571 | 0.0330
72945.tiff | 29.490 | 29.806 | 0.316 | 0.0330
67928.tiff | 39.592 | 45.532 | 5.939 | 0.0330
71084.tiff | 32.566 | 32.856 | 0.291 | 0.0330
72429.tiff | 13.312 | 14.832 | 1.520 | 0.0330
66181.tiff | 61.378 | 61.808 | 0.430 | 0.0330
69732.tiff | 17.817 | 17.616 | 0.200 | 0.0330
71361.tiff | 18.484 | 19.821 | 1.337 | 0.0330
71366.tiff | 18.150 | 19.412 | 1.262 | 0.0330
71655.tiff | 4.222 | 3.714 | 0.508 | 0.0330
65959.tiff | 51.917 | 53.135 | 1.218 | 0.0330
75220.tiff | 40.583 | 43.141 | 2.557 | 0.0330
71182.tiff | 32.208 | 33.022 | 0.814 | 0.0330
65734.tiff | 34.799 | 35.793 | 0.994 | 0.0330
73541.tiff | 11.313 | 12.699 | 1.386 | 0.0330
66189.tiff | 60.632 | 60.974 | 0.343 | 0.0330
67626.tiff | 16.162 | 20.395 | 4.233 | 0.0330
66796.tiff | 10.816 | 9.990 | 0.826 | 0.0330
69395.tiff | 7.360 | 6.845 | 0.515 | 0.0330
70708.tiff | 0.226 | 3.748 | 3.522 | 0.0330
68704.tiff | 7.821 | 7.540 | 0.281 | 0.0330
74634.tiff | 8.779 | 13.739 | 4.959 | 0.0330
71848.tiff | 17.523 | 21.367 | 3.844 | 0.0330
71183.tiff | 32.198 | 32.546 | 0.348 | 0.0330
75402.tiff | 26.144 | 29.298 | 3.154 | 0.0330
73308.tiff | 31.797 | 34.025 | 2.228 | 0.0330
66524.tiff | 33.750 | 34.368 | 0.617 | 0.0330
68080.tiff | 51.199 | 56.547 | 5.348 | 0.0330
65543.tiff | 20.312 | 20.424 | 0.112 | 0.0330
66211.tiff | 58.792 | 59.105 | 0.313 | 0.0330
72613.tiff | 1.932 | 3.492 | 1.560 | 0.0330
73306.tiff | 31.942 | 34.434 | 2.492 | 0.0330
65124.tiff | 7.467 | 9.602 | 2.135 | 0.0330
75389.tiff | 27.133 | 30.449 | 3.316 | 0.0330
70115.tiff | 47.331 | 47.768 | 0.437 | 0.0330
74839.tiff | 25.611 | 31.470 | 5.859 | 0.0330
66884.tiff | 0.412 | 4.511 | 4.099 | 0.0330
68102.tiff | 52.867 | 57.793 | 4.926 | 0.0330
71728.tiff | 8.843 | 6.196 | 2.648 | 0.0330
72147.tiff | 36.805 | 40.278 | 3.473 | 0.0330
69872.tiff | 28.573 | 28.787 | 0.214 | 0.0330
67677.tiff | 20.059 | 24.189 | 4.129 | 0.0330
69222.tiff | 20.548 | 19.099 | 1.449 | 0.0330
68208.tiff | 48.736 | 53.799 | 5.063 | 0.0330
67010.tiff | 10.173 | 8.447 | 1.726 | 0.0330
74755.tiff | 18.715 | 23.535 | 4.820 | 0.0330
69783.tiff | 21.739 | 21.741 | 0.003 | 0.0330
69002.tiff | 17.181 | 15.517 | 1.664 | 0.0330
68024.tiff | 46.900 | 52.254 | 5.354 | 0.0330
73099.tiff | 42.246 | 42.802 | 0.556 | 0.0330
67349.tiff | 4.033 | 4.268 | 0.234 | 0.0330
66852.tiff | 5.417 | 6.671 | 1.254 | 0.0330
68255.tiff | 44.826 | 49.159 | 4.333 | 0.0330
70191.tiff | 43.397 | 43.601 | 0.204 | 0.0330
75372.tiff | 28.419 | 32.004 | 3.584 | 0.0330
65296.tiff | 2.495 | 4.243 | 1.748 | 0.0330
72086.tiff | 35.099 | 38.856 | 3.757 | 0.0330
70861.tiff | 13.915 | 14.255 | 0.340 | 0.0330
76115.tiff | 29.294 | 23.004 | 6.291 | 0.0330
68575.tiff | 18.583 | 17.830 | 0.753 | 0.0330
65287.tiff | 1.768 | 3.681 | 1.913 | 0.0330
65211.tiff | 4.305 | 3.499 | 0.806 | 0.0330
67528.tiff | 9.642 | 10.954 | 1.312 | 0.0330
75599.tiff | 10.628 | 14.619 | 3.991 | 0.0330
66285.tiff | 54.055 | 52.053 | 2.002 | 0.0330
71014.tiff | 26.737 | 26.264 | 0.473 | 0.0330
70298.tiff | 33.941 | 37.783 | 3.842 | 0.0330
74287.tiff | 20.780 | 17.088 | 3.693 | 0.0330
69703.tiff | 15.625 | 15.380 | 0.245 | 0.0330
72363.tiff | 18.820 | 20.796 | 1.976 | 0.0330
71073.tiff | 31.662 | 31.439 | 0.223 | 0.0330
71149.tiff | 34.781 | 36.026 | 1.245 | 0.0330
69443.tiff | 3.704 | 4.420 | 0.716 | 0.0330
73310.tiff | 31.650 | 34.345 | 2.695 | 0.0330
65550.tiff | 20.871 | 20.732 | 0.139 | 0.0330
70765.tiff | 4.528 | 4.828 | 0.300 | 0.0330
65677.tiff | 30.457 | 30.034 | 0.423 | 0.0330
71045.tiff | 29.278 | 28.857 | 0.421 | 0.0330
71283.tiff | 24.474 | 25.119 | 0.645 | 0.0330
69429.tiff | 4.768 | 5.047 | 0.280 | 0.0330
67803.tiff | 30.074 | 35.756 | 5.682 | 0.0330
69640.tiff | 10.835 | 11.053 | 0.218 | 0.0330
72303.tiff | 23.868 | 26.041 | 2.173 | 0.0330
74607.tiff | 6.509 | 11.339 | 4.830 | 0.0330
72863.tiff | 22.658 | 22.326 | 0.332 | 0.0330
70370.tiff | 27.973 | 31.191 | 3.218 | 0.0330
69630.tiff | 10.049 | 10.257 | 0.208 | 0.0330
70552.tiff | 13.228 | 14.500 | 1.273 | 0.0330
75237.tiff | 39.229 | 42.247 | 3.019 | 0.0330
73356.tiff | 25.591 | 24.740 | 0.851 | 0.0330
74680.tiff | 12.533 | 17.371 | 4.838 | 0.0330
68887.tiff | 7.345 | 9.810 | 2.465 | 0.0330
68853.tiff | 4.557 | 7.050 | 2.493 | 0.0330
73813.tiff | 10.101 | 8.624 | 1.478 | 0.0330
67933.tiff | 39.946 | 45.793 | 5.847 | 0.0330
67993.tiff | 44.552 | 49.655 | 5.103 | 0.0330
66433.tiff | 41.345 | 43.964 | 2.619 | 0.0330
67665.tiff | 19.128 | 23.170 | 4.041 | 0.0330
69608.tiff | 8.344 | 8.823 | 0.480 | 0.0330
70633.tiff | 6.489 | 7.781 | 1.292 | 0.0330
67936.tiff | 40.214 | 46.037 | 5.823 | 0.0330
72728.tiff | 11.460 | 12.098 | 0.638 | 0.0330
72513.tiff | 6.357 | 7.381 | 1.025 | 0.0330
70021.tiff | 40.023 | 40.529 | 0.506 | 0.0330
69681.tiff | 13.969 | 13.691 | 0.277 | 0.0330
75180.tiff | 43.729 | 44.178 | 0.449 | 0.0330
75704.tiff | 2.495 | 7.192 | 4.697 | 0.0330
70937.tiff | 20.264 | 20.046 | 0.218 | 0.0330
66845.tiff | 6.426 | 5.843 | 0.583 | 0.0330
66262.tiff | 54.503 | 54.476 | 0.027 | 0.0330
68474.tiff | 27.040 | 26.886 | 0.154 | 0.0330
75927.tiff | 14.725 | 8.777 | 5.948 | 0.0330
66304.tiff | 51.806 | 53.714 | 1.908 | 0.0330
75655.tiff | 6.226 | 10.541 | 4.315 | 0.0330
71931.tiff | 24.173 | 27.732 | 3.559 | 0.0330
68670.tiff | 10.632 | 9.981 | 0.651 | 0.0330
73420.tiff | 20.663 | 20.582 | 0.081 | 0.0330
72501.tiff | 7.341 | 8.473 | 1.131 | 0.0330
74216.tiff | 26.694 | 23.171 | 3.523 | 0.0330
70964.tiff | 22.543 | 22.121 | 0.422 | 0.0330
73244.tiff | 36.803 | 38.697 | 1.893 | 0.0330
75448.tiff | 22.309 | 25.565 | 3.256 | 0.0330
74084.tiff | 30.889 | 27.961 | 2.927 | 0.0330
72285.tiff | 25.352 | 27.484 | 2.132 | 0.0330
70864.tiff | 14.187 | 14.420 | 0.233 | 0.0330
70564.tiff | 12.297 | 13.411 | 1.114 | 0.0330
74948.tiff | 34.693 | 41.297 | 6.604 | 0.0330
71497.tiff | 7.997 | 10.366 | 2.369 | 0.0330
74906.tiff | 31.209 | 38.783 | 7.574 | 0.0330
68781.tiff | 1.426 | 3.737 | 2.311 | 0.0330
73911.tiff | 17.566 | 15.268 | 2.298 | 0.0330
69336.tiff | 11.816 | 11.499 | 0.316 | 0.0330
65468.tiff | 14.684 | 15.295 | 0.611 | 0.0330
66840.tiff | 7.165 | 6.343 | 0.822 | 0.0330
66692.tiff | 19.555 | 18.240 | 1.315 | 0.0330
70480.tiff | 19.165 | 20.891 | 1.726 | 0.0330
74745.tiff | 17.879 | 22.602 | 4.723 | 0.0330
67237.tiff | 12.538 | 11.579 | 0.959 | 0.0330
69711.tiff | 16.265 | 15.821 | 0.443 | 0.0330
65107.tiff | 6.043 | 8.394 | 2.351 | 0.0330
73629.tiff | 4.162 | 5.653 | 1.491 | 0.0330
73148.tiff | 44.242 | 44.635 | 0.393 | 0.0330
65591.tiff | 24.044 | 24.006 | 0.037 | 0.0330
67211.tiff | 14.618 | 13.614 | 1.004 | 0.0330
74996.tiff | 38.669 | 43.748 | 5.078 | 0.0330
68874.tiff | 6.309 | 8.687 | 2.378 | 0.0330
70754.tiff | 3.558 | 4.463 | 0.906 | 0.0330
71835.tiff | 16.534 | 20.190 | 3.656 | 0.0330
74258.tiff | 23.265 | 19.657 | 3.608 | 0.0330
70150.tiff | 46.772 | 46.988 | 0.216 | 0.0330
70936.tiff | 20.216 | 20.145 | 0.071 | 0.0330
66460.tiff | 39.070 | 41.112 | 2.042 | 0.0330
65800.tiff | 39.820 | 41.678 | 1.858 | 0.0330
74567.tiff | 3.129 | 7.719 | 4.589 | 0.0330
75959.tiff | 17.182 | 11.051 | 6.130 | 0.0330
75013.tiff | 39.975 | 44.569 | 4.594 | 0.0330
75067.tiff | 43.212 | 43.853 | 0.642 | 0.0330
68308.tiff | 40.962 | 43.667 | 2.705 | 0.0330
73646.tiff | 2.818 | 4.778 | 1.960 | 0.0330
75640.tiff | 7.411 | 11.568 | 4.157 | 0.0330
72213.tiff | 31.357 | 34.381 | 3.024 | 0.0330
73142.tiff | 44.744 | 44.286 | 0.458 | 0.0330
69416.tiff | 5.749 | 5.743 | 0.006 | 0.0330
72714.tiff | 10.353 | 10.643 | 0.290 | 0.0330
68280.tiff | 42.784 | 47.050 | 4.266 | 0.0330
76146.tiff | 30.889 | 46.492 | 15.603 | 0.0330
75001.tiff | 39.114 | 43.924 | 4.810 | 0.0330
69113.tiff | 26.393 | 23.591 | 2.802 | 0.0330
75427.tiff | 23.679 | 26.742 | 3.063 | 0.0330
73864.tiff | 13.977 | 12.387 | 1.590 | 0.0330
71597.tiff | 0.332 | 4.204 | 3.871 | 0.0330
71716.tiff | 8.983 | 6.384 | 2.600 | 0.0330
71606.tiff | 0.451 | 3.715 | 3.264 | 0.0330
72823.tiff | 19.382 | 19.220 | 0.162 | 0.0330
69355.tiff | 10.364 | 10.019 | 0.345 | 0.0330
67575.tiff | 13.232 | 14.241 | 1.009 | 0.0330
65030.tiff | 0.390 | 3.179 | 2.789 | 0.0330
73493.tiff | 15.027 | 15.774 | 0.747 | 0.0330
68828.tiff | 2.481 | 5.220 | 2.739 | 0.0330
74553.tiff | 2.037 | 6.691 | 4.654 | 0.0330
75382.tiff | 27.656 | 30.915 | 3.258 | 0.0330
65466.tiff | 14.500 | 14.927 | 0.427 | 0.0330
73841.tiff | 12.253 | 10.544 | 1.710 | 0.0330
69506.tiff | 1.072 | 4.096 | 3.025 | 0.0330
66598.tiff | 27.556 | 26.522 | 1.034 | 0.0330
65569.tiff | 22.370 | 22.083 | 0.287 | 0.0330
70651.tiff | 4.968 | 6.332 | 1.364 | 0.0330
68394.tiff | 33.738 | 35.769 | 2.031 | 0.0330
74734.tiff | 17.000 | 21.845 | 4.846 | 0.0330
69368.tiff | 9.421 | 9.091 | 0.330 | 0.0330
66246.tiff | 55.851 | 56.011 | 0.160 | 0.0330
65218.tiff | 3.798 | 3.276 | 0.523 | 0.0330
70749.tiff | 3.205 | 4.136 | 0.931 | 0.0330
66459.tiff | 39.158 | 41.122 | 1.964 | 0.0330
69099.tiff | 25.247 | 22.743 | 2.504 | 0.0330
65317.tiff | 4.033 | 5.346 | 1.313 | 0.0330
65109.tiff | 6.213 | 8.408 | 2.194 | 0.0330
75019.tiff | 40.566 | 44.328 | 3.762 | 0.0330
67413.tiff | 0.848 | 4.036 | 3.188 | 0.0330
67200.tiff | 15.483 | 14.313 | 1.170 | 0.0330
67222.tiff | 13.775 | 12.953 | 0.821 | 0.0330
68182.tiff | 50.930 | 55.957 | 5.027 | 0.0330
73300.tiff | 32.404 | 34.620 | 2.217 | 0.0330
69112.tiff | 26.251 | 23.561 | 2.690 | 0.0330
68106.tiff | 53.185 | 58.149 | 4.964 | 0.0330
67900.tiff | 37.433 | 43.700 | 6.267 | 0.0330
69809.tiff | 23.694 | 23.647 | 0.047 | 0.0330
67103.tiff | 18.001 | 15.534 | 2.467 | 0.0330
66091.tiff | 62.040 | 63.078 | 1.038 | 0.0330
72984.tiff | 32.683 | 33.604 | 0.922 | 0.0330
75757.tiff | 1.533 | 3.845 | 2.312 | 0.0330
70516.tiff | 16.195 | 17.600 | 1.405 | 0.0330
67983.tiff | 43.783 | 48.961 | 5.178 | 0.0330
67920.tiff | 38.948 | 44.970 | 6.022 | 0.0330
68026.tiff | 47.067 | 52.475 | 5.409 | 0.0330
75624.tiff | 8.670 | 12.824 | 4.154 | 0.0330
74845.tiff | 26.148 | 32.409 | 6.261 | 0.0330
67146.tiff | 19.577 | 17.158 | 2.418 | 0.0330
76028.tiff | 22.511 | 16.023 | 6.488 | 0.0330
69348.tiff | 10.933 | 10.728 | 0.206 | 0.0330
73332.tiff | 29.512 | 31.609 | 2.097 | 0.0330
71358.tiff | 18.708 | 20.075 | 1.367 | 0.0330
73776.tiff | 7.187 | 5.943 | 1.244 | 0.0330
72364.tiff | 18.816 | 20.667 | 1.851 | 0.0330
70944.tiff | 20.834 | 20.627 | 0.207 | 0.0330
74871.tiff | 28.217 | 35.256 | 7.038 | 0.0330
73426.tiff | 20.241 | 20.243 | 0.001 | 0.0330
65974.tiff | 53.032 | 53.994 | 0.962 | 0.0330
67021.tiff | 11.133 | 9.581 | 1.552 | 0.0330
74459.tiff | 5.867 | 3.575 | 2.291 | 0.0330
69955.tiff | 34.872 | 35.791 | 0.919 | 0.0330
69953.tiff | 34.780 | 35.728 | 0.949 | 0.0330
74200.tiff | 28.032 | 24.665 | 3.367 | 0.0330
76089.tiff | 27.278 | 20.854 | 6.425 | 0.0330
66455.tiff | 39.499 | 41.541 | 2.042 | 0.0330
76042.tiff | 23.619 | 16.939 | 6.680 | 0.0330
69163.tiff | 25.115 | 22.673 | 2.442 | 0.0330
72760.tiff | 14.105 | 14.204 | 0.100 | 0.0330
72074.tiff | 34.240 | 37.942 | 3.702 | 0.0330
74920.tiff | 32.332 | 39.773 | 7.441 | 0.0330
66375.tiff | 45.873 | 48.542 | 2.670 | 0.0330
71729.tiff | 9.007 | 6.276 | 2.730 | 0.0330
65577.tiff | 22.980 | 22.805 | 0.175 | 0.0330
68352.tiff | 37.297 | 40.114 | 2.817 | 0.0330
68083.tiff | 51.409 | 56.726 | 5.317 | 0.0330
72301.tiff | 24.060 | 26.138 | 2.078 | 0.0330
71621.tiff | 1.565 | 3.584 | 2.019 | 0.0330
74558.tiff | 2.443 | 7.160 | 4.717 | 0.0330
65411.tiff | 10.919 | 11.792 | 0.874 | 0.0330
66321.tiff | 50.346 | 52.384 | 2.038 | 0.0330
65778.tiff | 38.139 | 39.692 | 1.553 | 0.0330
75652.tiff | 6.450 | 10.617 | 4.167 | 0.0330
70956.tiff | 21.873 | 21.670 | 0.203 | 0.0330
71429.tiff | 13.237 | 15.302 | 2.064 | 0.0330
65011.tiff | 1.995 | 2.580 | 0.586 | 0.0330
74994.tiff | 38.489 | 43.669 | 5.180 | 0.0330
66972.tiff | 6.928 | 5.281 | 1.647 | 0.0330
69675.tiff | 13.455 | 13.263 | 0.191 | 0.0330
74146.tiff | 32.469 | 29.647 | 2.823 | 0.0330
66218.tiff | 58.215 | 58.542 | 0.327 | 0.0330
70377.tiff | 27.343 | 30.231 | 2.888 | 0.0330
68285.tiff | 42.318 | 46.611 | 4.293 | 0.0330
65719.tiff | 33.668 | 34.239 | 0.572 | 0.0330
69784.tiff | 21.778 | 21.675 | 0.103 | 0.0330
73056.tiff | 38.697 | 39.661 | 0.965 | 0.0330
72476.tiff | 9.418 | 10.932 | 1.514 | 0.0330
67649.tiff | 17.930 | 22.314 | 4.384 | 0.0330
75328.tiff | 31.871 | 36.557 | 4.687 | 0.0330
65737.tiff | 35.054 | 35.977 | 0.923 | 0.0330
65736.tiff | 34.938 | 35.998 | 1.060 | 0.0330
70280.tiff | 35.443 | 39.086 | 3.643 | 0.0330
71839.tiff | 16.774 | 20.596 | 3.822 | 0.0330
68185.tiff | 50.737 | 55.640 | 4.904 | 0.0330
68980.tiff | 15.366 | 14.077 | 1.289 | 0.0330
65093.tiff | 4.920 | 7.591 | 2.671 | 0.0330
74354.tiff | 15.034 | 11.380 | 3.654 | 0.0330
68754.tiff | 3.674 | 4.354 | 0.680 | 0.0330
66471.tiff | 38.196 | 40.092 | 1.896 | 0.0330
65910.tiff | 48.091 | 49.875 | 1.784 | 0.0330
70008.tiff | 39.029 | 39.548 | 0.519 | 0.0330
75295.tiff | 34.719 | 39.037 | 4.317 | 0.0330
75233.tiff | 39.514 | 42.395 | 2.881 | 0.0330
66352.tiff | 47.771 | 50.275 | 2.504 | 0.0330
65497.tiff | 16.844 | 17.042 | 0.198 | 0.0330
69725.tiff | 17.302 | 17.018 | 0.284 | 0.0330
65074.tiff | 3.242 | 6.051 | 2.810 | 0.0330
68018.tiff | 46.452 | 51.659 | 5.206 | 0.0330
67515.tiff | 8.636 | 10.051 | 1.415 | 0.0330
71089.tiff | 32.906 | 33.163 | 0.257 | 0.0330
67883.tiff | 36.179 | 42.362 | 6.183 | 0.0330
66207.tiff | 59.155 | 59.495 | 0.341 | 0.0330
73887.tiff | 15.712 | 13.780 | 1.932 | 0.0330
66176.tiff | 61.805 | 62.370 | 0.565 | 0.0330
73571.tiff | 8.587 | 9.844 | 1.257 | 0.0330
68544.tiff | 21.180 | 20.641 | 0.539 | 0.0330
69982.tiff | 36.998 | 37.897 | 0.900 | 0.0330
66196.tiff | 60.059 | 60.590 | 0.531 | 0.0330
69458.tiff | 2.567 | 4.051 | 1.484 | 0.0330
72347.tiff | 20.140 | 22.010 | 1.870 | 0.0330
69813.tiff | 23.977 | 23.698 | 0.279 | 0.0330
71838.tiff | 16.744 | 20.479 | 3.735 | 0.0330
66369.tiff | 46.362 | 48.818 | 2.456 | 0.0330
68972.tiff | 14.640 | 13.424 | 1.216 | 0.0330
66370.tiff | 46.265 | 48.900 | 2.635 | 0.0330
70423.tiff | 23.513 | 26.001 | 2.488 | 0.0330
69890.tiff | 29.937 | 30.377 | 0.440 | 0.0330
71153.tiff | 34.426 | 35.438 | 1.012 | 0.0330
65289.tiff | 1.953 | 3.748 | 1.795 | 0.0330
73067.tiff | 39.638 | 41.223 | 1.584 | 0.0330
68425.tiff | 31.179 | 32.676 | 1.497 | 0.0330
67361.tiff | 3.136 | 3.845 | 0.710 | 0.0330
72991.tiff | 33.270 | 34.219 | 0.948 | 0.0330
67792.tiff | 29.244 | 34.994 | 5.750 | 0.0330
75830.tiff | 7.222 | 3.755 | 3.467 | 0.0330
72061.tiff | 33.976 | 37.638 | 3.661 | 0.0330
75925.tiff | 14.532 | 8.945 | 5.587 | 0.0330
69393.tiff | 7.524 | 7.143 | 0.381 | 0.0330
65389.tiff | 9.479 | 10.534 | 1.055 | 0.0330
65837.tiff | 42.660 | 44.922 | 2.263 | 0.0330
74904.tiff | 30.984 | 38.267 | 7.283 | 0.0330
68380.tiff | 34.873 | 37.144 | 2.271 | 0.0330
73869.tiff | 14.355 | 12.409 | 1.946 | 0.0330
72440.tiff | 12.400 | 13.908 | 1.508 | 0.0330
76055.tiff | 24.493 | 17.830 | 6.663 | 0.0330
67875.tiff | 35.557 | 41.975 | 6.418 | 0.0330
70197.tiff | 42.883 | 42.980 | 0.097 | 0.0330
70235.tiff | 39.214 | 43.461 | 4.247 | 0.0330
74774.tiff | 20.247 | 24.909 | 4.662 | 0.0330
66113.tiff | 63.653 | 64.412 | 0.759 | 0.0330
72277.tiff | 26.034 | 28.378 | 2.344 | 0.0330
75827.tiff | 6.967 | 3.653 | 3.313 | 0.0330
74559.tiff | 2.465 | 7.113 | 4.648 | 0.0330
71209.tiff | 30.157 | 30.413 | 0.257 | 0.0330
70759.tiff | 4.009 | 4.724 | 0.715 | 0.0330
74299.tiff | 19.845 | 16.208 | 3.637 | 0.0331
71935.tiff | 24.522 | 27.859 | 3.337 | 0.0330
75412.tiff | 25.326 | 28.282 | 2.957 | 0.0330
65268.tiff | 0.319 | 2.927 | 2.607 | 0.0330
67466.tiff | 4.926 | 6.790 | 1.865 | 0.0330
72236.tiff | 29.425 | 32.002 | 2.577 | 0.0330
70350.tiff | 29.653 | 33.464 | 3.812 | 0.0330
68679.tiff | 9.910 | 9.212 | 0.698 | 0.0330
72560.tiff | 2.493 | 4.232 | 1.739 | 0.0330
69716.tiff | 16.605 | 16.310 | 0.295 | 0.0330
66897.tiff | 0.634 | 4.166 | 3.533 | 0.0330
68306.tiff | 40.000 | 44.727 | 4.726 | 0.0330
69552.tiff | 4.043 | 5.308 | 1.265 | 0.0330
69388.tiff | 7.851 | 7.488 | 0.363 | 0.0330
72077.tiff | 34.323 | 38.006 | 3.683 | 0.0330
70808.tiff | 9.457 | 9.342 | 0.115 | 0.0330
71028.tiff | 27.888 | 27.196 | 0.692 | 0.0330
70174.tiff | 44.784 | 44.926 | 0.142 | 0.0330
69450.tiff | 3.171 | 4.272 | 1.101 | 0.0330
73102.tiff | 42.566 | 42.998 | 0.432 | 0.0330
73949.tiff | 20.434 | 17.914 | 2.520 | 0.0330
73894.tiff | 16.241 | 14.261 | 1.981 | 0.0330
75357.tiff | 29.590 | 33.648 | 4.058 | 0.0330
65417.tiff | 11.061 | 11.924 | 0.862 | 0.0330
72153.tiff | 36.292 | 39.675 | 3.383 | 0.0330
71356.tiff | 18.859 | 20.029 | 1.171 | 0.0330
72616.tiff | 2.201 | 3.602 | 1.401 | 0.0330
73976.tiff | 22.535 | 20.096 | 2.439 | 0.0330
65621.tiff | 26.267 | 25.988 | 0.279 | 0.0330
66704.tiff | 18.613 | 17.296 | 1.318 | 0.0330
66954.tiff | 5.455 | 4.033 | 1.422 | 0.0330
68211.tiff | 48.515 | 53.298 | 4.784 | 0.0330
68283.tiff | 42.470 | 46.763 | 4.294 | 0.0330
73533.tiff | 11.919 | 13.198 | 1.278 | 0.0330
69296.tiff | 14.926 | 14.661 | 0.264 | 0.0330
75139.tiff | 46.889 | 45.609 | 1.280 | 0.0330
75796.tiff | 4.581 | 3.169 | 1.412 | 0.0330
70095.tiff | 45.694 | 46.332 | 0.639 | 0.0330
69978.tiff | 36.671 | 37.482 | 0.811 | 0.0330
67408.tiff | 0.441 | 3.831 | 3.390 | 0.0330
73199.tiff | 40.307 | 41.895 | 1.588 | 0.0330
71136.tiff | 35.721 | 36.947 | 1.226 | 0.0330
73798.tiff | 8.957 | 7.393 | 1.564 | 0.0330
65009.tiff | 2.156 | 2.531 | 0.376 | 0.0330
70067.tiff | 43.513 | 44.053 | 0.540 | 0.0330
65469.tiff | 14.749 | 15.258 | 0.509 | 0.0330
75891.tiff | 11.916 | 6.754 | 5.163 | 0.0330
72667.tiff | 6.393 | 6.558 | 0.165 | 0.0330
67614.tiff | 15.203 | 19.745 | 4.542 | 0.0330
69533.tiff | 2.899 | 4.790 | 1.891 | 0.0330
65922.tiff | 49.125 | 50.566 | 1.441 | 0.0330
66191.tiff | 60.479 | 61.008 | 0.529 | 0.0330
73817.tiff | 10.413 | 8.898 | 1.515 | 0.0330
70380.tiff | 27.098 | 30.148 | 3.050 | 0.0330
70379.tiff | 27.181 | 30.150 | 2.969 | 0.0330
71532.tiff | 5.326 | 7.864 | 2.539 | 0.0330
74098.tiff | 32.018 | 29.240 | 2.778 | 0.0330
75985.tiff | 19.214 | 12.985 | 6.229 | 0.0330
74869.tiff | 28.119 | 35.149 | 7.030 | 0.0330
68486.tiff | 25.987 | 25.938 | 0.050 | 0.0330
65869.tiff | 45.079 | 47.202 | 2.123 | 0.0330
70027.tiff | 40.489 | 40.795 | 0.306 | 0.0330
66507.tiff | 35.126 | 36.210 | 1.084 | 0.0330
75425.tiff | 24.321 | 27.099 | 2.778 | 0.0330
68911.tiff | 9.344 | 12.099 | 2.755 | 0.0330
70595.tiff | 9.692 | 10.900 | 1.208 | 0.0330
67352.tiff | 3.835 | 4.027 | 0.191 | 0.0330
74461.tiff | 5.645 | 3.323 | 2.322 | 0.0330
75950.tiff | 16.513 | 10.410 | 6.103 | 0.0330
72568.tiff | 1.898 | 3.895 | 1.997 | 0.0330
76027.tiff | 22.447 | 16.127 | 6.321 | 0.0330
65971.tiff | 52.865 | 53.575 | 0.710 | 0.0330
65795.tiff | 39.411 | 41.262 | 1.851 | 0.0330
72941.tiff | 29.149 | 29.249 | 0.100 | 0.0330
65731.tiff | 34.583 | 35.246 | 0.663 | 0.0330
71436.tiff | 12.698 | 14.763 | 2.065 | 0.0330
69050.tiff | 21.201 | 19.018 | 2.183 | 0.0330
69404.tiff | 6.674 | 6.501 | 0.173 | 0.0330
72524.tiff | 5.460 | 6.408 | 0.948 | 0.0330
74333.tiff | 16.997 | 13.116 | 3.881 | 0.0330
68470.tiff | 27.379 | 27.345 | 0.034 | 0.0330
67981.tiff | 43.617 | 48.832 | 5.214 | 0.0330
73584.tiff | 7.663 | 8.832 | 1.169 | 0.0330
74384.tiff | 12.030 | 8.297 | 3.733 | 0.0330
70313.tiff | 32.692 | 36.561 | 3.870 | 0.0330
67319.tiff | 6.332 | 5.853 | 0.479 | 0.0330
66806.tiff | 10.015 | 9.213 | 0.801 | 0.0330
69097.tiff | 24.964 | 22.417 | 2.547 | 0.0330
68888.tiff | 7.472 | 10.026 | 2.555 | 0.0330
76032.tiff | 22.770 | 16.027 | 6.743 | 0.0330
66890.tiff | 0.099 | 4.264 | 4.165 | 0.0330
65705.tiff | 32.630 | 33.037 | 0.407 | 0.0330
68468.tiff | 27.509 | 27.642 | 0.133 | 0.0330
69961.tiff | 35.401 | 36.365 | 0.964 | 0.0330
68462.tiff | 28.021 | 28.132 | 0.111 | 0.0330
66200.tiff | 59.725 | 60.297 | 0.572 | 0.0330
65246.tiff | 1.328 | 2.509 | 1.181 | 0.0330
72953.tiff | 30.115 | 30.667 | 0.553 | 0.0330
75995.tiff | 19.923 | 13.408 | 6.514 | 0.0330
71207.tiff | 30.301 | 30.576 | 0.275 | 0.0330
66079.tiff | 61.095 | 61.963 | 0.868 | 0.0330
67141.tiff | 19.945 | 17.358 | 2.587 | 0.0330
68167.tiff | 52.208 | 57.192 | 4.984 | 0.0330
67685.tiff | 20.724 | 24.919 | 4.195 | 0.0330
70077.tiff | 44.353 | 44.846 | 0.493 | 0.0330
68220.tiff | 47.737 | 52.677 | 4.940 | 0.0330
75951.tiff | 16.508 | 10.333 | 6.175 | 0.0330
67974.tiff | 43.141 | 48.309 | 5.168 | 0.0330
73032.tiff | 36.705 | 37.713 | 1.008 | 0.0330
69538.tiff | 3.027 | 4.794 | 1.767 | 0.0330
69644.tiff | 11.103 | 11.224 | 0.121 | 0.0330
68016.tiff | 46.287 | 51.695 | 5.408 | 0.0330
75901.tiff | 12.671 | 7.322 | 5.349 | 0.0330
71727.tiff | 8.730 | 6.190 | 2.541 | 0.0330
66112.tiff | 63.639 | 64.395 | 0.756 | 0.0330
74169.tiff | 30.634 | 27.437 | 3.198 | 0.0330
74685.tiff | 12.970 | 17.851 | 4.881 | 0.0330
73632.tiff | 3.941 | 5.556 | 1.615 | 0.0330
74002.tiff | 24.550 | 21.967 | 2.583 | 0.0330
69668.tiff | 12.961 | 13.076 | 0.115 | 0.0330
71637.tiff | 2.795 | 3.286 | 0.491 | 0.0330
74270.tiff | 22.222 | 18.608 | 3.614 | 0.0330
67465.tiff | 4.798 | 6.549 | 1.750 | 0.0330
65249.tiff | 1.138 | 2.634 | 1.497 | 0.0331
71780.tiff | 12.286 | 16.020 | 3.735 | 0.0330
74378.tiff | 12.518 | 8.877 | 3.641 | 0.0330
65064.tiff | 2.497 | 5.267 | 2.771 | 0.0330
73351.tiff | 25.957 | 25.209 | 0.748 | 0.0330
68843.tiff | 3.725 | 6.159 | 2.434 | 0.0330
72676.tiff | 7.197 | 7.323 | 0.126 | 0.0330
68450.tiff | 29.081 | 29.395 | 0.315 | 0.0330
66487.tiff | 36.897 | 38.155 | 1.258 | 0.0330
70818.tiff | 10.327 | 10.422 | 0.095 | 0.0330
70968.tiff | 22.905 | 22.500 | 0.406 | 0.0330
66966.tiff | 6.464 | 4.821 | 1.643 | 0.0330
65606.tiff | 25.168 | 24.612 | 0.555 | 0.0330
75065.tiff | 43.047 | 43.851 | 0.804 | 0.0330
70938.tiff | 20.396 | 20.273 | 0.123 | 0.0330
66534.tiff | 32.954 | 33.377 | 0.424 | 0.0330
70205.tiff | 42.276 | 42.119 | 0.157 | 0.0330
70901.tiff | 17.244 | 17.273 | 0.029 | 0.0330
73197.tiff | 40.408 | 41.515 | 1.107 | 0.0330
68091.tiff | 52.066 | 57.328 | 5.263 | 0.0330
66356.tiff | 47.293 | 49.616 | 2.322 | 0.0330
69101.tiff | 25.387 | 22.673 | 2.714 | 0.0330
69148.tiff | 26.224 | 23.666 | 2.559 | 0.0330
67590.tiff | 14.389 | 14.979 | 0.590 | 0.0330
69641.tiff | 10.914 | 11.087 | 0.173 | 0.0330
66331.tiff | 49.537 | 51.625 | 2.087 | 0.0330
69682.tiff | 13.988 | 13.766 | 0.221 | 0.0330
66003.tiff | 55.270 | 55.941 | 0.671 | 0.0330
66953.tiff | 5.372 | 4.055 | 1.317 | 0.0330
72192.tiff | 33.047 | 36.195 | 3.148 | 0.0330
69970.tiff | 36.034 | 36.889 | 0.855 | 0.0330
72757.tiff | 13.905 | 14.187 | 0.281 | 0.0330
66083.tiff | 61.410 | 62.311 | 0.901 | 0.0330
70339.tiff | 30.532 | 34.298 | 3.765 | 0.0330
67532.tiff | 9.978 | 11.325 | 1.346 | 0.0330
66040.tiff | 58.122 | 59.104 | 0.982 | 0.0330
74927.tiff | 32.914 | 40.290 | 7.376 | 0.0330
76109.tiff | 28.816 | 22.542 | 6.274 | 0.0330
66661.tiff | 22.240 | 20.890 | 1.350 | 0.0330
66027.tiff | 57.092 | 57.871 | 0.779 | 0.0330
73558.tiff | 9.610 | 10.992 | 1.382 | 0.0330
65264.tiff | 0.031 | 2.802 | 2.771 | 0.0330
71577.tiff | 1.834 | 5.056 | 3.222 | 0.0330
66248.tiff | 55.696 | 55.874 | 0.178 | 0.0330
75881.tiff | 11.105 | 6.247 | 4.858 | 0.0330
75182.tiff | 43.537 | 44.142 | 0.605 | 0.0330
65656.tiff | 28.937 | 28.548 | 0.389 | 0.0330
65624.tiff | 26.526 | 26.022 | 0.504 | 0.0330
76191.tiff | 32.000 | 69.252 | 37.251 | 0.0330
71581.tiff | 1.561 | 4.851 | 3.290 | 0.0330
65958.tiff | 51.827 | 52.962 | 1.135 | 0.0330
73006.tiff | 34.549 | 35.381 | 0.831 | 0.0330
70338.tiff | 30.658 | 34.446 | 3.787 | 0.0330
74868.tiff | 28.056 | 34.862 | 6.806 | 0.0330
67716.tiff | 23.402 | 27.758 | 4.355 | 0.0330
68149.tiff | 53.701 | 58.472 | 4.770 | 0.0330
71509.tiff | 7.112 | 9.459 | 2.347 | 0.0330
73219.tiff | 38.720 | 40.109 | 1.389 | 0.0330
66167.tiff | 62.524 | 63.150 | 0.626 | 0.0330
66108.tiff | 63.335 | 64.047 | 0.713 | 0.0330
72774.tiff | 15.297 | 15.395 | 0.098 | 0.0330
74830.tiff | 24.866 | 30.543 | 5.677 | 0.0330
74159.tiff | 31.455 | 28.398 | 3.057 | 0.0330
71759.tiff | 10.609 | 14.533 | 3.924 | 0.0330
75338.tiff | 31.039 | 35.525 | 4.486 | 0.0330
66594.tiff | 27.919 | 26.585 | 1.334 | 0.0330
67128.tiff | 20.109 | 17.567 | 2.542 | 0.0330
70872.tiff | 14.849 | 15.093 | 0.243 | 0.0330
67586.tiff | 14.069 | 14.608 | 0.539 | 0.0330
70909.tiff | 17.918 | 17.982 | 0.065 | 0.0330
65578.tiff | 23.019 | 22.816 | 0.203 | 0.0330
70768.tiff | 4.815 | 5.033 | 0.218 | 0.0330
74356.tiff | 14.615 | 10.922 | 3.692 | 0.0330
73423.tiff | 20.457 | 20.473 | 0.016 | 0.0330
71753.tiff | 10.145 | 14.031 | 3.885 | 0.0330
74305.tiff | 19.312 | 15.511 | 3.801 | 0.0330
70236.tiff | 39.104 | 43.222 | 4.118 | 0.0330
66747.tiff | 15.075 | 14.139 | 0.936 | 0.0330
76223.tiff | 31.995 | 69.161 | 37.166 | 0.0330
68379.tiff | 34.998 | 37.304 | 2.306 | 0.0330
68708.tiff | 7.530 | 7.116 | 0.414 | 0.0330
70573.tiff | 11.496 | 12.685 | 1.188 | 0.0330
71114.tiff | 35.062 | 36.055 | 0.992 | 0.0330
69382.tiff | 8.346 | 7.994 | 0.352 | 0.0330
74421.tiff | 8.951 | 5.359 | 3.592 | 0.0330
75099.tiff | 45.860 | 45.086 | 0.774 | 0.0330
65410.tiff | 10.772 | 11.743 | 0.971 | 0.0330
74670.tiff | 11.681 | 16.482 | 4.801 | 0.0330
74005.tiff | 24.785 | 22.403 | 2.382 | 0.0330
65077.tiff | 3.542 | 6.320 | 2.778 | 0.0330
66865.tiff | 2.295 | 6.063 | 3.768 | 0.0330
71785.tiff | 12.673 | 16.400 | 3.727 | 0.0330
70460.tiff | 20.867 | 22.822 | 1.955 | 0.0330
68054.tiff | 49.205 | 54.741 | 5.536 | 0.0330
73013.tiff | 35.142 | 36.326 | 1.184 | 0.0330
72031.tiff | 31.912 | 35.701 | 3.789 | 0.0330
71712.tiff | 8.581 | 6.194 | 2.387 | 0.0330
75544.tiff | 14.878 | 18.599 | 3.721 | 0.0330
68871.tiff | 6.053 | 8.487 | 2.434 | 0.0330
74148.tiff | 32.338 | 29.457 | 2.881 | 0.0330
69464.tiff | 2.109 | 3.894 | 1.785 | 0.0330
75775.tiff | 2.913 | 3.453 | 0.541 | 0.0330
72133.tiff | 37.946 | 41.510 | 3.564 | 0.0330
66776.tiff | 12.511 | 11.598 | 0.912 | 0.0330
73987.tiff | 23.379 | 20.767 | 2.612 | 0.0330
71683.tiff | 6.372 | 4.574 | 1.799 | 0.0330
65094.tiff | 4.976 | 7.509 | 2.533 | 0.0330
67076.tiff | 15.749 | 13.766 | 1.983 | 0.0330
72232.tiff | 29.721 | 32.423 | 2.702 | 0.0330
67755.tiff | 26.401 | 31.425 | 5.024 | 0.0330
65684.tiff | 30.996 | 30.685 | 0.311 | 0.0330
71331.tiff | 20.824 | 21.914 | 1.090 | 0.0330
69149.tiff | 26.120 | 23.740 | 2.381 | 0.0330
65648.tiff | 28.293 | 27.807 | 0.486 | 0.0330
69829.tiff | 25.202 | 24.947 | 0.255 | 0.0330
65715.tiff | 33.400 | 34.079 | 0.679 | 0.0330
74731.tiff | 16.712 | 21.859 | 5.147 | 0.0330
66711.tiff | 17.939 | 16.875 | 1.064 | 0.0330
66077.tiff | 60.943 | 61.799 | 0.856 | 0.0330
65291.tiff | 2.124 | 3.953 | 1.830 | 0.0330
67686.tiff | 20.817 | 25.110 | 4.293 | 0.0330
68618.tiff | 15.014 | 14.298 | 0.715 | 0.0330
67016.tiff | 10.681 | 9.214 | 1.467 | 0.0330
71915.tiff | 22.950 | 26.732 | 3.783 | 0.0330
76169.tiff | 31.999 | 69.062 | 37.063 | 0.0330
67129.tiff | 20.154 | 17.494 | 2.660 | 0.0330
66886.tiff | 0.282 | 4.557 | 4.276 | 0.0330
67496.tiff | 7.213 | 8.713 | 1.500 | 0.0330
71714.tiff | 8.786 | 6.284 | 2.501 | 0.0330
69864.tiff | 27.963 | 27.950 | 0.013 | 0.0330
70154.tiff | 46.473 | 46.800 | 0.327 | 0.0330
73566.tiff | 8.965 | 10.131 | 1.166 | 0.0330
74116.tiff | 33.343 | 30.797 | 2.547 | 0.0330
66489.tiff | 36.650 | 38.011 | 1.361 | 0.0330
69512.tiff | 1.616 | 4.191 | 2.575 | 0.0330
72189.tiff | 33.303 | 36.413 | 3.110 | 0.0330
67056.tiff | 14.042 | 12.459 | 1.583 | 0.0330
71934.tiff | 24.454 | 28.033 | 3.578 | 0.0330
72678.tiff | 7.337 | 7.477 | 0.140 | 0.0330
71763.tiff | 10.975 | 14.659 | 3.684 | 0.0330
73161.tiff | 43.237 | 43.799 | 0.561 | 0.0330
75022.tiff | 40.832 | 44.584 | 3.753 | 0.0330
69399.tiff | 7.071 | 6.746 | 0.326 | 0.0330
67329.tiff | 5.563 | 4.992 | 0.571 | 0.0330
67964.tiff | 42.367 | 47.655 | 5.288 | 0.0330
70791.tiff | 8.045 | 7.860 | 0.185 | 0.0330
66438.tiff | 40.946 | 43.436 | 2.490 | 0.0330
66234.tiff | 56.904 | 57.119 | 0.215 | 0.0330
65186.tiff | 6.207 | 5.049 | 1.158 | 0.0330
68609.tiff | 15.714 | 15.153 | 0.561 | 0.0330
67460.tiff | 4.449 | 6.029 | 1.581 | 0.0330
66298.tiff | 52.261 | 54.384 | 2.123 | 0.0330
70630.tiff | 6.727 | 7.922 | 1.195 | 0.0330
70730.tiff | 1.645 | 3.763 | 2.118 | 0.0330
69185.tiff | 23.383 | 21.342 | 2.041 | 0.0330
68406.tiff | 32.770 | 34.497 | 1.727 | 0.0330
67565.tiff | 12.536 | 13.394 | 0.859 | 0.0330
68937.tiff | 11.576 | 14.570 | 2.994 | 0.0330
65382.tiff | 8.992 | 9.929 | 0.936 | 0.0330
71805.tiff | 14.203 | 17.860 | 3.657 | 0.0330
66156.tiff | 63.400 | 63.920 | 0.520 | 0.0330
76126.tiff | 30.026 | 24.083 | 5.943 | 0.0330
68232.tiff | 46.771 | 51.350 | 4.580 | 0.0330
76159.tiff | 31.989 | 69.040 | 37.051 | 0.0330
66254.tiff | 55.218 | 55.445 | 0.227 | 0.0330
76053.tiff | 24.391 | 17.962 | 6.429 | 0.0330
71691.tiff | 7.012 | 4.967 | 2.045 | 0.0330
73877.tiff | 14.943 | 13.073 | 1.870 | 0.0330
70732.tiff | 1.838 | 3.816 | 1.978 | 0.0330
72136.tiff | 37.722 | 41.360 | 3.639 | 0.0330
70679.tiff | 2.665 | 4.670 | 2.005 | 0.0330
70295.tiff | 34.232 | 38.052 | 3.820 | 0.0330
75750.tiff | 1.001 | 4.312 | 3.311 | 0.0330
67865.tiff | 34.783 | 41.237 | 6.454 | 0.0330
67517.tiff | 8.813 | 10.199 | 1.387 | 0.0330
72900.tiff | 25.738 | 25.533 | 0.205 | 0.0330
75713.tiff | 1.832 | 6.383 | 4.551 | 0.0330
65531.tiff | 19.470 | 19.578 | 0.109 | 0.0330
70432.tiff | 23.113 | 25.430 | 2.317 | 0.0330
67185.tiff | 16.636 | 15.065 | 1.571 | 0.0330
76061.tiff | 25.130 | 18.464 | 6.665 | 0.0330
67475.tiff | 5.611 | 7.220 | 1.609 | 0.0330
73800.tiff | 9.047 | 7.457 | 1.590 | 0.0330
73376.tiff | 24.005 | 23.404 | 0.601 | 0.0330
70255.tiff | 37.533 | 41.606 | 4.073 | 0.0330
69774.tiff | 20.998 | 20.777 | 0.220 | 0.0330
75553.tiff | 14.249 | 18.093 | 3.844 | 0.0330
65145.tiff | 7.668 | 9.946 | 2.278 | 0.0330
68650.tiff | 12.340 | 11.893 | 0.447 | 0.0330
69686.tiff | 14.336 | 14.382 | 0.046 | 0.0330
67192.tiff | 16.061 | 14.559 | 1.502 | 0.0330
74103.tiff | 32.390 | 29.806 | 2.585 | 0.0330
73139.tiff | 44.918 | 44.397 | 0.521 | 0.0330
67472.tiff | 5.355 | 6.915 | 1.560 | 0.0330
74629.tiff | 8.299 | 13.062 | 4.763 | 0.0330
74446.tiff | 6.923 | 3.827 | 3.097 | 0.0330
75783.tiff | 3.553 | 3.351 | 0.202 | 0.0330
67158.tiff | 18.633 | 16.387 | 2.247 | 0.0330
65789.tiff | 38.954 | 40.706 | 1.752 | 0.0330
67151.tiff | 19.141 | 16.887 | 2.253 | 0.0330
69337.tiff | 11.744 | 11.481 | 0.263 | 0.0330
69650.tiff | 11.536 | 11.744 | 0.209 | 0.0330
68974.tiff | 14.866 | 13.438 | 1.429 | 0.0330
67031.tiff | 11.937 | 10.469 | 1.468 | 0.0330
72018.tiff | 30.909 | 34.400 | 3.492 | 0.0330
69093.tiff | 24.700 | 22.317 | 2.383 | 0.0330
68949.tiff | 12.598 | 15.339 | 2.741 | 0.0330
65432.tiff | 11.895 | 12.664 | 0.769 | 0.0330
71570.tiff | 2.383 | 5.567 | 3.183 | 0.0330
66781.tiff | 12.115 | 11.544 | 0.571 | 0.0330
75288.tiff | 35.330 | 39.536 | 4.206 | 0.0330
72299.tiff | 24.186 | 26.339 | 2.153 | 0.0330
69886.tiff | 29.612 | 29.995 | 0.383 | 0.0330
65350.tiff | 6.558 | 7.631 | 1.073 | 0.0330
74172.tiff | 30.337 | 26.991 | 3.346 | 0.0330
74117.tiff | 33.422 | 30.984 | 2.438 | 0.0330
72517.tiff | 6.056 | 7.146 | 1.090 | 0.0330
68412.tiff | 32.237 | 33.731 | 1.495 | 0.0330
68681.tiff | 9.712 | 9.249 | 0.463 | 0.0330
72599.tiff | 0.773 | 3.459 | 2.686 | 0.0330
67458.tiff | 4.263 | 6.124 | 1.861 | 0.0330
72508.tiff | 6.793 | 7.777 | 0.984 | 0.0330
67681.tiff | 20.410 | 24.840 | 4.430 | 0.0330
73779.tiff | 7.480 | 6.159 | 1.321 | 0.0330
70326.tiff | 31.644 | 35.467 | 3.823 | 0.0330
67393.tiff | 0.692 | 3.674 | 2.982 | 0.0330
65917.tiff | 48.729 | 50.389 | 1.660 | 0.0330
70702.tiff | 0.741 | 3.888 | 3.147 | 0.0330
74561.tiff | 2.708 | 7.436 | 4.728 | 0.0330
66617.tiff | 25.951 | 24.797 | 1.154 | 0.0330
74932.tiff | 33.304 | 40.582 | 7.277 | 0.0330
66834.tiff | 7.669 | 6.862 | 0.807 | 0.0330
68603.tiff | 16.283 | 15.490 | 0.793 | 0.0330
75442.tiff | 22.767 | 25.833 | 3.065 | 0.0330
67453.tiff | 3.891 | 5.911 | 2.020 | 0.0330
73108.tiff | 43.063 | 43.744 | 0.681 | 0.0330
65783.tiff | 38.521 | 40.187 | 1.666 | 0.0330
68032.tiff | 47.568 | 53.053 | 5.485 | 0.0330
66157.tiff | 63.428 | 64.123 | 0.695 | 0.0330
66537.tiff | 32.705 | 32.706 | 0.001 | 0.0330
68252.tiff | 45.105 | 49.583 | 4.478 | 0.0330
68127.tiff | 54.771 | 59.334 | 4.563 | 0.0330
67484.tiff | 6.265 | 7.846 | 1.581 | 0.0330
73743.tiff | 4.657 | 4.041 | 0.616 | 0.0330
67240.tiff | 12.434 | 11.550 | 0.884 | 0.0330
70581.tiff | 10.829 | 12.018 | 1.189 | 0.0330
74427.tiff | 8.492 | 5.042 | 3.450 | 0.0330
71180.tiff | 32.417 | 33.259 | 0.842 | 0.0330
70737.tiff | 2.196 | 3.916 | 1.721 | 0.0330
71339.tiff | 20.224 | 21.386 | 1.163 | 0.0330
72145.tiff | 36.942 | 40.494 | 3.553 | 0.0330
67817.tiff | 31.132 | 37.338 | 6.205 | 0.0330
68044.tiff | 48.458 | 53.979 | 5.521 | 0.0330
67326.tiff | 5.810 | 5.408 | 0.402 | 0.0330
75488.tiff | 19.182 | 22.640 | 3.458 | 0.0330
70263.tiff | 36.865 | 40.585 | 3.719 | 0.0330
70435.tiff | 22.912 | 25.235 | 2.323 | 0.0330
75791.tiff | 4.148 | 3.255 | 0.893 | 0.0330
68119.tiff | 54.146 | 58.931 | 4.785 | 0.0330
73052.tiff | 38.352 | 39.200 | 0.848 | 0.0330
68140.tiff | 54.457 | 59.096 | 4.640 | 0.0330
69220.tiff | 20.737 | 19.194 | 1.543 | 0.0330
73149.tiff | 44.096 | 44.430 | 0.333 | 0.0330
66732.tiff | 16.215 | 15.091 | 1.124 | 0.0330
68622.tiff | 14.666 | 13.692 | 0.975 | 0.0330
74823.tiff | 24.329 | 29.748 | 5.419 | 0.0330
70020.tiff | 39.966 | 40.397 | 0.431 | 0.0330
74750.tiff | 18.331 | 23.129 | 4.798 | 0.0330
66871.tiff | 1.533 | 5.459 | 3.925 | 0.0330
69082.tiff | 23.735 | 21.273 | 2.462 | 0.0330
74533.tiff | 0.334 | 5.247 | 4.913 | 0.0330
68895.tiff | 8.062 | 10.715 | 2.653 | 0.0330
70033.tiff | 40.946 | 41.319 | 0.372 | 0.0330
73831.tiff | 11.410 | 9.856 | 1.554 | 0.0330
73492.tiff | 15.021 | 15.886 | 0.865 | 0.0330
70144.tiff | 47.304 | 47.551 | 0.247 | 0.0330
68743.tiff | 4.643 | 4.860 | 0.217 | 0.0330
67108.tiff | 18.476 | 16.004 | 2.472 | 0.0330
70821.tiff | 10.605 | 10.723 | 0.117 | 0.0330
73576.tiff | 8.230 | 9.494 | 1.264 | 0.0330
71827.tiff | 15.887 | 19.804 | 3.918 | 0.0330
76022.tiff | 22.032 | 15.664 | 6.369 | 0.0330
65568.tiff | 22.286 | 22.167 | 0.119 | 0.0330
72811.tiff | 18.304 | 18.261 | 0.044 | 0.0330
73716.tiff | 2.572 | 3.353 | 0.781 | 0.0330
74825.tiff | 24.486 | 29.913 | 5.427 | 0.0330
68653.tiff | 12.093 | 11.610 | 0.483 | 0.0330
65441.tiff | 12.612 | 13.452 | 0.839 | 0.0330
67019.tiff | 10.963 | 9.358 | 1.605 | 0.0330
74534.tiff | 0.420 | 5.323 | 4.904 | 0.0330
74838.tiff | 25.487 | 31.460 | 5.973 | 0.0330
68400.tiff | 33.258 | 35.314 | 2.055 | 0.0330
68207.tiff | 48.831 | 53.767 | 4.936 | 0.0330
69129.tiff | 27.377 | 24.796 | 2.580 | 0.0330
66225.tiff | 57.663 | 57.984 | 0.322 | 0.0330
71311.tiff | 22.334 | 23.095 | 0.761 | 0.0330
69157.tiff | 25.545 | 23.037 | 2.508 | 0.0330
68746.tiff | 4.408 | 4.707 | 0.299 | 0.0330
65037.tiff | 0.154 | 3.544 | 3.391 | 0.0330
69254.tiff | 18.198 | 17.070 | 1.127 | 0.0330
71189.tiff | 31.695 | 32.217 | 0.523 | 0.0330
67856.tiff | 34.102 | 40.360 | 6.258 | 0.0330
68706.tiff | 7.706 | 7.428 | 0.279 | 0.0330
75828.tiff | 7.043 | 3.598 | 3.445 | 0.0330
73073.tiff | 40.143 | 41.038 | 0.895 | 0.0330
71859.tiff | 18.362 | 22.124 | 3.762 | 0.0330
75271.tiff | 36.647 | 40.689 | 4.042 | 0.0330
67368.tiff | 2.601 | 3.698 | 1.098 | 0.0330
68885.tiff | 7.240 | 9.808 | 2.568 | 0.0330
66361.tiff | 47.016 | 49.574 | 2.559 | 0.0330
71129.tiff | 36.238 | 37.827 | 1.589 | 0.0330
65487.tiff | 16.103 | 16.378 | 0.275 | 0.0330
67902.tiff | 37.596 | 43.902 | 6.307 | 0.0330
70240.tiff | 38.770 | 42.781 | 4.012 | 0.0330
72771.tiff | 15.008 | 15.117 | 0.110 | 0.0330
65638.tiff | 27.507 | 27.032 | 0.475 | 0.0330
72087.tiff | 35.194 | 38.707 | 3.513 | 0.0330
67615.tiff | 15.318 | 19.847 | 4.529 | 0.0331
76177.tiff | 31.998 | 69.269 | 37.272 | 0.0330
74033.tiff | 26.940 | 23.712 | 3.228 | 0.0330
74055.tiff | 28.617 | 25.792 | 2.825 | 0.0330
75278.tiff | 36.047 | 40.100 | 4.053 | 0.0330
76276.tiff | 37.711 | 36.021 | 1.690 | 0.0330
67760.tiff | 26.727 | 31.552 | 4.825 | 0.0330
72320.tiff | 22.408 | 24.535 | 2.127 | 0.0330
73656.tiff | 2.108 | 4.420 | 2.312 | 0.0330
65168.tiff | 6.721 | 9.198 | 2.477 | 0.0330
66916.tiff | 2.204 | 3.478 | 1.274 | 0.0330
70958.tiff | 22.041 | 21.794 | 0.247 | 0.0330
70199.tiff | 42.738 | 42.682 | 0.056 | 0.0330
74232.tiff | 25.408 | 21.621 | 3.787 | 0.0330
71244.tiff | 27.525 | 27.897 | 0.372 | 0.0330
71071.tiff | 31.512 | 31.180 | 0.332 | 0.0330
65802.tiff | 39.977 | 42.181 | 2.204 | 0.0330
67139.tiff | 20.093 | 17.646 | 2.447 | 0.0330
71276.tiff | 25.034 | 25.501 | 0.467 | 0.0330
73643.tiff | 3.038 | 4.812 | 1.773 | 0.0330
65743.tiff | 35.472 | 36.590 | 1.118 | 0.0330
72294.tiff | 24.583 | 26.935 | 2.352 | 0.0330
73251.tiff | 36.261 | 38.398 | 2.137 | 0.0330
73822.tiff | 10.746 | 9.141 | 1.606 | 0.0330
76167.tiff | 31.987 | 69.148 | 37.161 | 0.0330
75576.tiff | 12.365 | 16.225 | 3.860 | 0.0330
68370.tiff | 35.746 | 38.322 | 2.576 | 0.0330
72732.tiff | 11.845 | 11.957 | 0.113 | 0.0330
70152.tiff | 46.605 | 46.915 | 0.310 | 0.0330
65716.tiff | 33.408 | 33.782 | 0.374 | 0.0330
70921.tiff | 18.946 | 18.805 | 0.141 | 0.0330
69897.tiff | 30.456 | 31.039 | 0.584 | 0.0330
74773.tiff | 20.176 | 24.893 | 4.718 | 0.0330
69542.tiff | 3.300 | 5.015 | 1.715 | 0.0330
75500.tiff | 18.335 | 21.864 | 3.529 | 0.0330
73159.tiff | 43.311 | 43.592 | 0.281 | 0.0330
67090.tiff | 16.964 | 14.992 | 1.972 | 0.0330
71664.tiff | 4.910 | 3.869 | 1.041 | 0.0330
73230.tiff | 37.848 | 39.728 | 1.880 | 0.0330
73388.tiff | 23.089 | 22.510 | 0.579 | 0.0330
69111.tiff | 26.194 | 23.582 | 2.612 | 0.0330
66835.tiff | 7.536 | 6.864 | 0.672 | 0.0330
74934.tiff | 33.513 | 40.831 | 7.318 | 0.0330
73545.tiff | 10.938 | 11.979 | 1.041 | 0.0330
74695.tiff | 13.822 | 18.501 | 4.679 | 0.0330
73340.tiff | 27.405 | 32.161 | 4.755 | 0.0330
69033.tiff | 19.739 | 17.790 | 1.948 | 0.0330
72067.tiff | 34.150 | 37.825 | 3.675 | 0.0330
67578.tiff | 13.486 | 14.338 | 0.852 | 0.0330
76163.tiff | 32.002 | 69.320 | 37.318 | 0.0330
71055.tiff | 30.079 | 29.378 | 0.701 | 0.0330
66887.tiff | 0.165 | 4.416 | 4.250 | 0.0330
65024.tiff | 0.992 | 2.969 | 1.977 | 0.0330
71662.tiff | 4.780 | 3.865 | 0.914 | 0.0330
71926.tiff | 23.861 | 27.344 | 3.483 | 0.0330
66310.tiff | 51.288 | 53.323 | 2.036 | 0.0330
70129.tiff | 48.439 | 48.648 | 0.209 | 0.0330
65790.tiff | 39.026 | 40.658 | 1.632 | 0.0330
75741.tiff | 0.330 | 4.715 | 4.385 | 0.0330
75982.tiff | 18.983 | 12.554 | 6.429 | 0.0330
68448.tiff | 29.255 | 29.695 | 0.440 | 0.0330
76257.tiff | 36.413 | 24.879 | 11.534 | 0.0330
72673.tiff | 6.880 | 7.171 | 0.291 | 0.0330
74069.tiff | 29.681 | 26.451 | 3.230 | 0.0330
71538.tiff | 4.846 | 7.249 | 2.402 | 0.0330
67587.tiff | 14.160 | 14.901 | 0.741 | 0.0330
66958.tiff | 5.785 | 4.307 | 1.478 | 0.0330
75799.tiff | 4.791 | 3.245 | 1.546 | 0.0330
69056.tiff | 21.613 | 19.341 | 2.272 | 0.0330
72830.tiff | 19.919 | 19.725 | 0.194 | 0.0330
68438.tiff | 30.054 | 31.066 | 1.012 | 0.0330
70518.tiff | 16.090 | 17.486 | 1.396 | 0.0330
70322.tiff | 31.991 | 35.710 | 3.719 | 0.0330
73505.tiff | 14.105 | 14.945 | 0.840 | 0.0330
73886.tiff | 15.721 | 13.595 | 2.126 | 0.0330
73615.tiff | 5.269 | 6.680 | 1.411 | 0.0330
76239.tiff | 34.179 | 25.139 | 9.040 | 0.0330
73930.tiff | 19.035 | 16.765 | 2.270 | 0.0330
72259.tiff | 27.513 | 29.516 | 2.003 | 0.0331
71099.tiff | 33.764 | 34.648 | 0.883 | 0.0331
74523.tiff | 0.541 | 4.545 | 4.004 | 0.0330
68690.tiff | 9.021 | 8.593 | 0.429 | 0.0330
73375.tiff | 24.085 | 23.412 | 0.673 | 0.0330
71996.tiff | 29.225 | 32.555 | 3.330 | 0.0330
75834.tiff | 7.526 | 3.899 | 3.627 | 0.0330
69666.tiff | 12.769 | 12.800 | 0.031 | 0.0330
68413.tiff | 32.176 | 33.858 | 1.682 | 0.0330
74119.tiff | 33.624 | 31.267 | 2.356 | 0.0330
71878.tiff | 19.758 | 23.514 | 3.757 | 0.0330
66311.tiff | 51.210 | 53.025 | 1.814 | 0.0330
74794.tiff | 21.938 | 26.612 | 4.674 | 0.0330
67752.tiff | 26.144 | 30.963 | 4.819 | 0.0330
69194.tiff | 22.709 | 20.761 | 1.948 | 0.0330
73522.tiff | 12.766 | 13.898 | 1.132 | 0.0330
73714.tiff | 2.406 | 3.255 | 0.849 | 0.0330
76241.tiff | 34.024 | 24.773 | 9.251 | 0.0330
68089.tiff | 51.875 | 57.281 | 5.406 | 0.0330
72600.tiff | 0.844 | 3.339 | 2.495 | 0.0330
72800.tiff | 17.411 | 17.391 | 0.019 | 0.0330
66316.tiff | 50.754 | 52.716 | 1.961 | 0.0330
74791.tiff | 21.677 | 26.326 | 4.649 | 0.0330
76039.tiff | 23.366 | 17.018 | 6.348 | 0.0330
67316.tiff | 6.524 | 5.953 | 0.571 | 0.0330
68870.tiff | 5.976 | 8.418 | 2.441 | 0.0330
74896.tiff | 30.306 | 37.783 | 7.477 | 0.0330
66340.tiff | 48.730 | 51.033 | 2.303 | 0.0330
70035.tiff | 41.079 | 41.253 | 0.173 | 0.0330
65739.tiff | 35.192 | 36.016 | 0.824 | 0.0330
65966.tiff | 52.438 | 53.516 | 1.077 | 0.0330
65253.tiff | 0.848 | 2.648 | 1.800 | 0.0330
72937.tiff | 28.836 | 29.075 | 0.239 | 0.0330
67099.tiff | 17.717 | 15.438 | 2.279 | 0.0330
65873.tiff | 45.287 | 47.425 | 2.138 | 0.0330
67763.tiff | 26.990 | 32.083 | 5.093 | 0.0330
70175.tiff | 44.679 | 44.817 | 0.139 | 0.0330
68003.tiff | 45.272 | 50.384 | 5.112 | 0.0330
75651.tiff | 6.606 | 11.111 | 4.505 | 0.0330
74204.tiff | 27.697 | 24.244 | 3.454 | 0.0330
70740.tiff | 2.465 | 3.945 | 1.480 | 0.0330
70158.tiff | 46.145 | 46.486 | 0.341 | 0.0330
68282.tiff | 42.579 | 46.896 | 4.317 | 0.0330
74841.tiff | 25.803 | 31.749 | 5.946 | 0.0330
73984.tiff | 23.163 | 20.786 | 2.377 | 0.0330
68747.tiff | 4.301 | 4.638 | 0.337 | 0.0330
73579.tiff | 8.061 | 9.424 | 1.363 | 0.0330
72773.tiff | 15.229 | 15.275 | 0.046 | 0.0330
72403.tiff | 15.492 | 16.975 | 1.483 | 0.0330
68095.tiff | 52.324 | 57.512 | 5.187 | 0.0330
68147.tiff | 53.894 | 58.510 | 4.615 | 0.0330
76086.tiff | 27.014 | 20.468 | 6.547 | 0.0330
65448.tiff | 13.146 | 13.882 | 0.735 | 0.0330
68998.tiff | 16.857 | 15.247 | 1.610 | 0.0330
65057.tiff | 1.855 | 4.791 | 2.936 | 0.0330
73613.tiff | 5.369 | 6.707 | 1.338 | 0.0330
68070.tiff | 50.393 | 55.889 | 5.496 | 0.0330
65477.tiff | 15.334 | 15.704 | 0.370 | 0.0330
67877.tiff | 35.735 | 42.089 | 6.354 | 0.0330
71265.tiff | 25.872 | 26.542 | 0.670 | 0.0330
70512.tiff | 16.565 | 17.920 | 1.355 | 0.0330
72597.tiff | 0.584 | 3.417 | 2.834 | 0.0330
68489.tiff | 25.722 | 25.548 | 0.174 | 0.0330
71856.tiff | 18.130 | 21.845 | 3.715 | 0.0330
70201.tiff | 42.610 | 42.668 | 0.058 | 0.0330
65751.tiff | 36.078 | 37.428 | 1.350 | 0.0330
69848.tiff | 26.677 | 26.567 | 0.110 | 0.0330
70557.tiff | 12.826 | 14.017 | 1.191 | 0.0330
65377.tiff | 8.604 | 9.681 | 1.077 | 0.0330
70336.tiff | 30.724 | 34.449 | 3.725 | 0.0330
71111.tiff | 34.831 | 35.912 | 1.081 | 0.0330
72952.tiff | 30.088 | 30.276 | 0.188 | 0.0330
67629.tiff | 16.367 | 20.861 | 4.493 | 0.0330
73548.tiff | 10.747 | 11.926 | 1.179 | 0.0330
76293.tiff | 38.820 | 35.051 | 3.769 | 0.0330
70422.tiff | 23.584 | 25.900 | 2.316 | 0.0330
72741.tiff | 12.599 | 12.896 | 0.297 | 0.0330
72818.tiff | 18.899 | 18.853 | 0.046 | 0.0330
69217.tiff | 20.957 | 19.288 | 1.669 | 0.0330
70200.tiff | 42.645 | 42.399 | 0.246 | 0.0330
71502.tiff | 7.633 | 9.740 | 2.108 | 0.0330
69394.tiff | 7.436 | 7.180 | 0.256 | 0.0330
75777.tiff | 3.097 | 3.369 | 0.272 | 0.0330
74450.tiff | 6.570 | 3.793 | 2.777 | 0.0330
75381.tiff | 27.753 | 31.345 | 3.592 | 0.0330
70028.tiff | 40.543 | 41.016 | 0.473 | 0.0330
75980.tiff | 18.803 | 12.770 | 6.033 | 0.0330
72382.tiff | 17.304 | 19.003 | 1.699 | 0.0330
65228.tiff | 2.744 | 2.915 | 0.171 | 0.0330
69875.tiff | 28.807 | 29.004 | 0.197 | 0.0330
67318.tiff | 6.447 | 5.991 | 0.456 | 0.0330
70787.tiff | 6.837 | 6.906 | 0.070 | 0.0330
73662.tiff | 1.572 | 4.072 | 2.500 | 0.0330
66509.tiff | 35.044 | 36.217 | 1.173 | 0.0330
71625.tiff | 1.895 | 3.434 | 1.539 | 0.0330
75559.tiff | 13.704 | 17.508 | 3.804 | 0.0330
66685.tiff | 20.185 | 18.868 | 1.317 | 0.0330
65500.tiff | 17.048 | 17.209 | 0.162 | 0.0330
75499.tiff | 18.359 | 22.014 | 3.655 | 0.0330
73086.tiff | 41.273 | 41.905 | 0.633 | 0.0330
66878.tiff | 0.911 | 4.947 | 4.036 | 0.0330
75033.tiff | 41.353 | 44.851 | 3.498 | 0.0330
65514.tiff | 18.135 | 18.276 | 0.141 | 0.0330
70925.tiff | 19.289 | 19.228 | 0.061 | 0.0330
67593.tiff | 14.550 | 15.080 | 0.531 | 0.0330
73751.tiff | 5.240 | 4.460 | 0.780 | 0.0330
71259.tiff | 26.292 | 26.623 | 0.331 | 0.0330
69900.tiff | 30.706 | 31.472 | 0.765 | 0.0330
65475.tiff | 15.216 | 15.677 | 0.461 | 0.0330
70653.tiff | 4.823 | 6.320 | 1.497 | 0.0330
76227.tiff | 31.994 | 69.028 | 37.034 | 0.0330
72461.tiff | 10.618 | 12.080 | 1.461 | 0.0330
67612.tiff | 15.055 | 19.758 | 4.703 | 0.0330
65481.tiff | 15.667 | 16.193 | 0.526 | 0.0330
74953.tiff | 35.101 | 41.848 | 6.747 | 0.0330
69246.tiff | 18.766 | 17.589 | 1.177 | 0.0330
72960.tiff | 30.693 | 31.282 | 0.589 | 0.0330
69272.tiff | 16.710 | 15.993 | 0.717 | 0.0330
74532.tiff | 0.243 | 5.152 | 4.909 | 0.0330
72268.tiff | 26.736 | 28.997 | 2.261 | 0.0330
71724.tiff | 8.912 | 6.214 | 2.698 | 0.0330
71102.tiff | 34.027 | 35.061 | 1.034 | 0.0330
66350.tiff | 47.926 | 50.348 | 2.422 | 0.0330
68465.tiff | 27.730 | 27.582 | 0.148 | 0.0330
69100.tiff | 25.258 | 22.770 | 2.489 | 0.0330
67488.tiff | 6.593 | 8.146 | 1.553 | 0.0330
73380.tiff | 23.729 | 23.025 | 0.704 | 0.0330
72705.tiff | 9.557 | 9.846 | 0.288 | 0.0330
74649.tiff | 9.943 | 14.705 | 4.763 | 0.0330
66607.tiff | 26.742 | 25.684 | 1.058 | 0.0330
72593.tiff | 0.247 | 3.447 | 3.200 | 0.0330
69820.tiff | 24.544 | 24.243 | 0.302 | 0.0330
67459.tiff | 4.329 | 6.126 | 1.797 | 0.0330
66660.tiff | 22.263 | 20.810 | 1.453 | 0.0330
66447.tiff | 40.161 | 42.278 | 2.117 | 0.0330
68028.tiff | 47.213 | 52.658 | 5.445 | 0.0330
66021.tiff | 56.672 | 57.503 | 0.831 | 0.0330
65706.tiff | 32.669 | 33.088 | 0.418 | 0.0330
74788.tiff | 21.400 | 26.099 | 4.699 | 0.0330
66867.tiff | 2.153 | 5.800 | 3.647 | 0.0330
73815.tiff | 10.163 | 8.673 | 1.491 | 0.0330
68799.tiff | 0.098 | 3.935 | 3.837 | 0.0330
68296.tiff | 41.411 | 45.874 | 4.463 | 0.0330
67123.tiff | 19.668 | 17.279 | 2.388 | 0.0330
75176.tiff | 43.990 | 44.445 | 0.455 | 0.0330
66922.tiff | 2.739 | 3.392 | 0.653 | 0.0330
74108.tiff | 32.748 | 29.938 | 2.809 | 0.0330
71748.tiff | 9.777 | 13.647 | 3.870 | 0.0330
74984.tiff | 37.708 | 43.215 | 5.507 | 0.0330
66420.tiff | 42.387 | 44.998 | 2.612 | 0.0330
73909.tiff | 17.392 | 15.160 | 2.232 | 0.0330
68039.tiff | 48.055 | 53.604 | 5.549 | 0.0330
73317.tiff | 31.063 | 33.492 | 2.430 | 0.0330
67026.tiff | 11.540 | 9.947 | 1.592 | 0.0330
65595.tiff | 24.299 | 23.821 | 0.478 | 0.0330
66559.tiff | 30.855 | 30.664 | 0.191 | 0.0330
74666.tiff | 11.379 | 16.240 | 4.861 | 0.0330
75644.tiff | 7.153 | 11.484 | 4.331 | 0.0330
70340.tiff | 30.378 | 34.158 | 3.781 | 0.0330
67059.tiff | 14.283 | 12.581 | 1.701 | 0.0330
67520.tiff | 9.080 | 10.376 | 1.296 | 0.0330
75093.tiff | 45.370 | 44.762 | 0.608 | 0.0330
72882.tiff | 24.226 | 23.921 | 0.305 | 0.0330
69133.tiff | 27.396 | 24.684 | 2.712 | 0.0330
75838.tiff | 7.803 | 4.060 | 3.744 | 0.0330
71110.tiff | 34.761 | 35.810 | 1.049 | 0.0330
72920.tiff | 27.361 | 27.437 | 0.076 | 0.0330
69739.tiff | 18.366 | 18.088 | 0.278 | 0.0330
72729.tiff | 11.598 | 11.747 | 0.149 | 0.0330
71160.tiff | 33.943 | 34.986 | 1.044 | 0.0330
72414.tiff | 14.585 | 16.146 | 1.561 | 0.0330
74635.tiff | 8.822 | 13.806 | 4.985 | 0.0330
65293.tiff | 2.217 | 4.005 | 1.788 | 0.0330
74846.tiff | 26.206 | 32.352 | 6.145 | 0.0330
69383.tiff | 8.269 | 8.064 | 0.206 | 0.0330
71224.tiff | 28.971 | 29.264 | 0.293 | 0.0330
72739.tiff | 12.412 | 12.692 | 0.279 | 0.0330
72348.tiff | 20.053 | 22.038 | 1.985 | 0.0330
75240.tiff | 39.052 | 42.243 | 3.191 | 0.0330
75034.tiff | 41.464 | 44.994 | 3.530 | 0.0330
66319.tiff | 50.547 | 52.607 | 2.060 | 0.0330
71730.tiff | 8.965 | 6.455 | 2.510 | 0.0330
72111.tiff | 36.982 | 40.443 | 3.461 | 0.0330
70636.tiff | 6.261 | 7.529 | 1.268 | 0.0330
70826.tiff | 10.933 | 11.061 | 0.128 | 0.0330
73640.tiff | 3.326 | 5.130 | 1.804 | 0.0330
70719.tiff | 0.741 | 3.578 | 2.837 | 0.0330
69834.tiff | 25.591 | 25.408 | 0.183 | 0.0330
69721.tiff | 16.984 | 16.608 | 0.376 | 0.0330
70273.tiff | 36.042 | 39.946 | 3.903 | 0.0330
68062.tiff | 49.822 | 55.261 | 5.439 | 0.0330
68371.tiff | 35.631 | 38.093 | 2.462 | 0.0330
74801.tiff | 22.439 | 27.306 | 4.867 | 0.0330
72308.tiff | 23.441 | 25.734 | 2.293 | 0.0330
74743.tiff | 17.721 | 22.623 | 4.903 | 0.0330
74591.tiff | 5.141 | 10.008 | 4.868 | 0.0330
76225.tiff | 31.992 | 69.214 | 37.222 | 0.0330
68161.tiff | 52.718 | 57.563 | 4.845 | 0.0330
71261.tiff | 26.187 | 26.736 | 0.549 | 0.0330
72998.tiff | 33.917 | 35.034 | 1.117 | 0.0330
65838.tiff | 42.660 | 45.052 | 2.391 | 0.0330
74315.tiff | 18.489 | 14.920 | 3.569 | 0.0330
71689.tiff | 6.875 | 4.760 | 2.114 | 0.0330
67007.tiff | 9.882 | 8.090 | 1.792 | 0.0330
70895.tiff | 16.779 | 16.849 | 0.070 | 0.0330
68022.tiff | 46.713 | 52.092 | 5.379 | 0.0330
75369.tiff | 28.659 | 32.675 | 4.016 | 0.0330
72768.tiff | 14.748 | 14.987 | 0.239 | 0.0330
69581.tiff | 6.259 | 7.003 | 0.743 | 0.0330
69247.tiff | 18.649 | 17.462 | 1.187 | 0.0330
73893.tiff | 16.168 | 14.151 | 2.017 | 0.0330
67895.tiff | 37.074 | 43.347 | 6.273 | 0.0330
68542.tiff | 21.348 | 20.622 | 0.726 | 0.0330
71426.tiff | 13.482 | 15.473 | 1.991 | 0.0330
65158.tiff | 6.618 | 9.141 | 2.522 | 0.0330
72418.tiff | 14.233 | 15.773 | 1.540 | 0.0330
69763.tiff | 20.171 | 20.044 | 0.127 | 0.0330
66442.tiff | 40.551 | 42.851 | 2.300 | 0.0330
71444.tiff | 12.147 | 14.264 | 2.117 | 0.0330
73452.tiff | 18.241 | 18.599 | 0.358 | 0.0330
69878.tiff | 28.965 | 29.144 | 0.179 | 0.0330
74015.tiff | 25.526 | 22.695 | 2.831 | 0.0330
73344.tiff | 26.523 | 25.880 | 0.642 | 0.0330
75733.tiff | 0.283 | 5.141 | 4.858 | 0.0330
74472.tiff | 4.692 | 3.268 | 1.424 | 0.0330
68694.tiff | 8.622 | 8.135 | 0.487 | 0.0330
66964.tiff | 6.225 | 4.580 | 1.645 | 0.0330
70492.tiff | 18.200 | 19.983 | 1.783 | 0.0330
74678.tiff | 12.377 | 17.184 | 4.807 | 0.0330
68299.tiff | 40.817 | 45.305 | 4.488 | 0.0330
70817.tiff | 10.252 | 10.438 | 0.185 | 0.0330
73120.tiff | 44.313 | 44.617 | 0.304 | 0.0330
71846.tiff | 17.344 | 21.148 | 3.804 | 0.0330
74143.tiff | 32.756 | 30.120 | 2.637 | 0.0330
68335.tiff | 38.694 | 41.056 | 2.362 | 0.0330
66544.tiff | 32.082 | 31.992 | 0.090 | 0.0330
76288.tiff | 40.739 | 35.653 | 5.086 | 0.0330
75666.tiff | 5.427 | 9.903 | 4.476 | 0.0330
67269.tiff | 10.203 | 9.617 | 0.586 | 0.0330
68265.tiff | 44.011 | 48.305 | 4.294 | 0.0330
68903.tiff | 8.775 | 11.447 | 2.671 | 0.0330
69130.tiff | 27.460 | 24.434 | 3.026 | 0.0330
73847.tiff | 12.625 | 10.986 | 1.639 | 0.0330
65604.tiff | 25.017 | 24.654 | 0.363 | 0.0330
72436.tiff | 12.725 | 14.255 | 1.530 | 0.0330
71367.tiff | 18.035 | 19.427 | 1.392 | 0.0330
65394.tiff | 9.918 | 10.659 | 0.741 | 0.0330
75346.tiff | 30.402 | 34.566 | 4.164 | 0.0330
67628.tiff | 16.309 | 20.850 | 4.541 | 0.0330
73616.tiff | 5.189 | 6.633 | 1.443 | 0.0330
70420.tiff | 23.803 | 26.268 | 2.465 | 0.0330
71593.tiff | 0.604 | 4.367 | 3.763 | 0.0330
74061.tiff | 29.062 | 25.803 | 3.259 | 0.0330
72925.tiff | 27.773 | 28.049 | 0.276 | 0.0330
72792.tiff | 16.774 | 16.757 | 0.017 | 0.0330
72361.tiff | 19.012 | 20.845 | 1.833 | 0.0330
68910.tiff | 9.329 | 12.249 | 2.920 | 0.0330
73060.tiff | 39.038 | 40.137 | 1.099 | 0.0330
69827.tiff | 25.045 | 24.826 | 0.219 | 0.0330
72624.tiff | 2.811 | 3.853 | 1.042 | 0.0330
71385.tiff | 16.614 | 17.966 | 1.352 | 0.0330
72400.tiff | 15.730 | 17.335 | 1.605 | 0.0330
72494.tiff | 7.951 | 9.286 | 1.335 | 0.0330
74233.tiff | 25.320 | 21.722 | 3.598 | 0.0330
65402.tiff | 10.507 | 11.466 | 0.959 | 0.0330
76219.tiff | 31.998 | 69.210 | 37.211 | 0.0330
66632.tiff | 24.622 | 23.561 | 1.061 | 0.0330
71335.tiff | 20.525 | 21.403 | 0.878 | 0.0330
68858.tiff | 4.976 | 7.361 | 2.386 | 0.0330
71154.tiff | 34.394 | 35.599 | 1.205 | 0.0330
69748.tiff | 19.074 | 19.121 | 0.048 | 0.0330
71569.tiff | 2.484 | 5.424 | 2.939 | 0.0330
76173.tiff | 31.999 | 69.098 | 37.099 | 0.0330
70839.tiff | 12.074 | 12.183 | 0.109 | 0.0330
71889.tiff | 20.694 | 24.326 | 3.632 | 0.0330
73298.tiff | 32.553 | 34.917 | 2.365 | 0.0330
71097.tiff | 33.673 | 34.426 | 0.753 | 0.0330
69140.tiff | 26.870 | 24.216 | 2.654 | 0.0330
70307.tiff | 33.195 | 37.093 | 3.898 | 0.0330
69265.tiff | 17.278 | 16.474 | 0.804 | 0.0330
70439.tiff | 22.594 | 24.803 | 2.209 | 0.0330
67068.tiff | 15.050 | 13.484 | 1.566 | 0.0330
75879.tiff | 11.014 | 5.881 | 5.133 | 0.0330
66600.tiff | 27.378 | 26.327 | 1.051 | 0.0330
69270.tiff | 16.853 | 16.001 | 0.852 | 0.0330
66386.tiff | 45.209 | 47.794 | 2.585 | 0.0330
73628.tiff | 4.254 | 5.740 | 1.486 | 0.0330
68401.tiff | 33.148 | 35.084 | 1.936 | 0.0330
66406.tiff | 43.550 | 46.211 | 2.661 | 0.0330
65810.tiff | 40.620 | 42.603 | 1.983 | 0.0330
75953.tiff | 16.756 | 10.750 | 6.006 | 0.0330
67030.tiff | 11.850 | 10.303 | 1.546 | 0.0330
70616.tiff | 7.996 | 9.093 | 1.097 | 0.0330
76144.tiff | 31.121 | 44.859 | 13.738 | 0.0330
76195.tiff | 32.004 | 69.023 | 37.019 | 0.0330
73812.tiff | 9.999 | 8.623 | 1.376 | 0.0330
66703.tiff | 18.677 | 17.542 | 1.135 | 0.0330
68602.tiff | 16.270 | 15.485 | 0.785 | 0.0330
68458.tiff | 28.382 | 28.591 | 0.209 | 0.0330
68795.tiff | 0.237 | 3.760 | 3.523 | 0.0330
69375.tiff | 8.884 | 8.393 | 0.491 | 0.0330
75693.tiff | 3.358 | 7.889 | 4.531 | 0.0330
69386.tiff | 8.036 | 7.806 | 0.230 | 0.0330
75515.tiff | 17.131 | 20.894 | 3.763 | 0.0330
66881.tiff | 0.657 | 4.801 | 4.144 | 0.0330
76068.tiff | 25.671 | 18.936 | 6.734 | 0.0330
72390.tiff | 16.545 | 18.104 | 1.560 | 0.0330
74784.tiff | 21.050 | 25.742 | 4.692 | 0.0330
75044.tiff | 41.338 | 42.833 | 1.496 | 0.0330
67288.tiff | 8.680 | 7.980 | 0.700 | 0.0330
70975.tiff | 23.450 | 22.855 | 0.595 | 0.0330
75542.tiff | 14.994 | 18.503 | 3.509 | 0.0330
68847.tiff | 4.101 | 6.556 | 2.455 | 0.0330
72230.tiff | 29.925 | 32.003 | 2.077 | 0.0330
73951.tiff | 20.606 | 18.183 | 2.423 | 0.0330
68718.tiff | 6.666 | 6.286 | 0.379 | 0.0330
66047.tiff | 58.660 | 59.806 | 1.145 | 0.0330
74592.tiff | 5.235 | 9.869 | 4.634 | 0.0330
72611.tiff | 1.784 | 3.566 | 1.782 | 0.0330
74448.tiff | 6.716 | 3.712 | 3.004 | 0.0330
71868.tiff | 18.987 | 22.728 | 3.741 | 0.0330
66569.tiff | 29.963 | 29.218 | 0.744 | 0.0330
65463.tiff | 14.260 | 14.947 | 0.687 | 0.0330
65744.tiff | 35.582 | 36.513 | 0.931 | 0.0330
65223.tiff | 3.400 | 3.135 | 0.265 | 0.0330
71670.tiff | 5.372 | 4.085 | 1.287 | 0.0330
74725.tiff | 16.216 | 21.228 | 5.013 | 0.0330
67772.tiff | 27.633 | 32.882 | 5.250 | 0.0330
65626.tiff | 26.647 | 26.139 | 0.507 | 0.0330
67652.tiff | 18.128 | 22.411 | 4.283 | 0.0330
73169.tiff | 42.625 | 43.532 | 0.907 | 0.0330
67189.tiff | 16.321 | 14.698 | 1.623 | 0.0330
67178.tiff | 17.090 | 15.228 | 1.862 | 0.0330
74199.tiff | 28.113 | 24.896 | 3.218 | 0.0330
75436.tiff | 23.249 | 25.921 | 2.672 | 0.0330
71245.tiff | 27.396 | 27.527 | 0.131 | 0.0330
71555.tiff | 3.560 | 6.432 | 2.872 | 0.0330
68621.tiff | 14.788 | 13.850 | 0.938 | 0.0330
75582.tiff | 11.914 | 15.993 | 4.080 | 0.0330
65354.tiff | 6.875 | 8.149 | 1.273 | 0.0330
71831.tiff | 16.144 | 19.878 | 3.733 | 0.0330
65457.tiff | 13.794 | 14.443 | 0.650 | 0.0330
75112.tiff | 46.908 | 45.448 | 1.460 | 0.0330
70858.tiff | 13.639 | 13.923 | 0.284 | 0.0330
65240.tiff | 1.805 | 2.687 | 0.882 | 0.0330
71928.tiff | 23.996 | 27.758 | 3.761 | 0.0330
71960.tiff | 26.457 | 30.118 | 3.661 | 0.0330
70917.tiff | 18.590 | 18.442 | 0.149 | 0.0330
75179.tiff | 43.782 | 44.271 | 0.488 | 0.0330
74248.tiff | 24.071 | 20.253 | 3.817 | 0.0330
74781.tiff | 20.839 | 25.492 | 4.653 | 0.0330
71544.tiff | 4.400 | 7.087 | 2.687 | 0.0330
66019.tiff | 56.504 | 57.302 | 0.798 | 0.0330
71174.tiff | 32.911 | 33.426 | 0.515 | 0.0330
74130.tiff | 33.789 | 31.559 | 2.231 | 0.0330
66761.tiff | 13.711 | 12.852 | 0.859 | 0.0330
69440.tiff | 3.972 | 4.599 | 0.627 | 0.0330
74933.tiff | 33.395 | 40.532 | 7.136 | 0.0330
74597.tiff | 5.672 | 10.288 | 4.617 | 0.0330
66104.tiff | 63.000 | 63.936 | 0.936 | 0.0330
74284.tiff | 21.045 | 17.384 | 3.661 | 0.0330
71148.tiff | 34.853 | 35.617 | 0.764 | 0.0330
70804.tiff | 9.161 | 8.981 | 0.180 | 0.0330
71665.tiff | 4.985 | 3.750 | 1.236 | 0.0330
75129.tiff | 47.663 | 45.704 | 1.959 | 0.0330
75366.tiff | 28.866 | 32.518 | 3.652 | 0.0330
75444.tiff | 22.605 | 25.770 | 3.165 | 0.0330
74497.tiff | 2.678 | 3.619 | 0.941 | 0.0330
75654.tiff | 6.384 | 10.520 | 4.136 | 0.0330
69619.tiff | 9.250 | 9.596 | 0.346 | 0.0330
67821.tiff | 31.434 | 37.563 | 6.129 | 0.0330
74113.tiff | 33.134 | 30.638 | 2.496 | 0.0330
74515.tiff | 1.241 | 4.278 | 3.037 | 0.0330
70279.tiff | 35.551 | 39.371 | 3.820 | 0.0330
66035.tiff | 57.720 | 58.488 | 0.768 | 0.0330
67265.tiff | 10.501 | 9.725 | 0.776 | 0.0330
71249.tiff | 27.138 | 27.575 | 0.437 | 0.0330
71677.tiff | 5.972 | 4.320 | 1.653 | 0.0330
74621.tiff | 7.690 | 12.435 | 4.745 | 0.0330
65907.tiff | 47.925 | 49.679 | 1.754 | 0.0330
72048.tiff | 33.261 | 36.729 | 3.468 | 0.0330
72973.tiff | 31.764 | 32.378 | 0.614 | 0.0330
72274.tiff | 26.285 | 28.395 | 2.110 | 0.0330
74486.tiff | 3.585 | 3.378 | 0.207 | 0.0330
72407.tiff | 15.183 | 16.902 | 1.719 | 0.0330
68523.tiff | 22.905 | 22.641 | 0.263 | 0.0330
67287.tiff | 8.818 | 8.088 | 0.730 | 0.0330
74899.tiff | 30.590 | 37.862 | 7.271 | 0.0330
69599.tiff | 7.659 | 8.153 | 0.494 | 0.0330
76205.tiff | 31.995 | 69.254 | 37.260 | 0.0330
72795.tiff | 17.058 | 17.103 | 0.045 | 0.0330
73192.tiff | 40.782 | 42.124 | 1.343 | 0.0330
68693.tiff | 8.746 | 8.172 | 0.573 | 0.0330
74371.tiff | 13.129 | 9.419 | 3.710 | 0.0330
70401.tiff | 25.322 | 27.843 | 2.522 | 0.0330
75626.tiff | 8.444 | 12.794 | 4.350 | 0.0330
67743.tiff | 25.450 | 30.108 | 4.658 | 0.0330
72511.tiff | 6.522 | 7.591 | 1.070 | 0.0330
74810.tiff | 23.221 | 28.303 | 5.083 | 0.0330
75088.tiff | 44.939 | 44.634 | 0.305 | 0.0330
66902.tiff | 1.085 | 3.696 | 2.611 | 0.0330
71970.tiff | 27.207 | 30.686 | 3.479 | 0.0330
75817.tiff | 6.177 | 3.539 | 2.638 | 0.0330
66570.tiff | 29.942 | 29.291 | 0.651 | 0.0330
74453.tiff | 6.304 | 3.666 | 2.638 | 0.0330
65348.tiff | 6.432 | 7.369 | 0.937 | 0.0330
66243.tiff | 56.128 | 56.405 | 0.277 | 0.0330
65421.tiff | 11.373 | 12.118 | 0.745 | 0.0330
73553.tiff | 9.962 | 11.401 | 1.439 | 0.0330
71876.tiff | 19.659 | 23.400 | 3.742 | 0.0330
67715.tiff | 23.292 | 27.577 | 4.284 | 0.0330
72536.tiff | 4.482 | 5.546 | 1.065 | 0.0330
73100.tiff | 42.418 | 43.304 | 0.886 | 0.0330
74863.tiff | 27.539 | 34.284 | 6.745 | 0.0330
66032.tiff | 57.462 | 58.295 | 0.832 | 0.0330
69891.tiff | 30.023 | 30.661 | 0.639 | 0.0330
71327.tiff | 21.042 | 22.065 | 1.023 | 0.0330
71192.tiff | 31.454 | 31.787 | 0.332 | 0.0330
71078.tiff | 32.059 | 32.422 | 0.363 | 0.0330
74972.tiff | 36.730 | 42.614 | 5.884 | 0.0330
65764.tiff | 37.079 | 38.421 | 1.342 | 0.0330
75059.tiff | 42.551 | 43.604 | 1.053 | 0.0330
68849.tiff | 4.231 | 6.665 | 2.434 | 0.0330
75011.tiff | 39.907 | 44.444 | 4.537 | 0.0330
67485.tiff | 6.276 | 7.894 | 1.618 | 0.0330
66223.tiff | 57.825 | 57.983 | 0.158 | 0.0330
69251.tiff | 18.350 | 17.293 | 1.057 | 0.0330
67135.tiff | 20.396 | 17.713 | 2.682 | 0.0330
67424.tiff | 1.652 | 4.396 | 2.744 | 0.0330
70126.tiff | 48.153 | 48.505 | 0.352 | 0.0330
70881.tiff | 15.549 | 15.591 | 0.043 | 0.0330
71009.tiff | 26.278 | 25.730 | 0.548 | 0.0330
68890.tiff | 7.626 | 10.149 | 2.522 | 0.0330
66576.tiff | 29.374 | 28.674 | 0.701 | 0.0330
65510.tiff | 17.828 | 17.891 | 0.063 | 0.0330
73810.tiff | 9.822 | 8.228 | 1.594 | 0.0330
70813.tiff | 9.838 | 9.833 | 0.005 | 0.0330
73479.tiff | 16.058 | 16.819 | 0.761 | 0.0330
67305.tiff | 7.364 | 6.805 | 0.560 | 0.0330
74971.tiff | 36.620 | 42.594 | 5.975 | 0.0330
68689.tiff | 9.179 | 8.618 | 0.561 | 0.0330
75865.tiff | 9.910 | 5.280 | 4.630 | 0.0330
66260.tiff | 54.692 | 54.708 | 0.016 | 0.0330
75506.tiff | 17.791 | 21.390 | 3.599 | 0.0330
70266.tiff | 36.636 | 40.400 | 3.764 | 0.0330
75895.tiff | 12.218 | 6.973 | 5.245 | 0.0330
67761.tiff | 26.804 | 31.869 | 5.066 | 0.0330
65712.tiff | 33.154 | 33.569 | 0.415 | 0.0330
73237.tiff | 37.319 | 38.902 | 1.584 | 0.0330
75323.tiff | 32.253 | 36.878 | 4.625 | 0.0330
67827.tiff | 31.928 | 38.286 | 6.358 | 0.0330
67930.tiff | 39.728 | 45.579 | 5.850 | 0.0330
70941.tiff | 20.519 | 20.278 | 0.241 | 0.0330
66373.tiff | 46.039 | 48.560 | 2.521 | 0.0330
65713.tiff | 33.213 | 33.873 | 0.660 | 0.0330
68195.tiff | 49.892 | 55.025 | 5.133 | 0.0330
69334.tiff | 11.987 | 11.656 | 0.331 | 0.0330
73015.tiff | 35.296 | 36.516 | 1.220 | 0.0330
69374.tiff | 8.935 | 8.599 | 0.336 | 0.0330
73561.tiff | 9.369 | 10.569 | 1.200 | 0.0330
66483.tiff | 37.177 | 38.331 | 1.155 | 0.0330
66490.tiff | 36.592 | 37.727 | 1.135 | 0.0330
72039.tiff | 32.530 | 36.197 | 3.668 | 0.0330
74860.tiff | 27.412 | 34.088 | 6.676 | 0.0330
66795.tiff | 10.933 | 10.356 | 0.576 | 0.0330
69920.tiff | 32.208 | 33.132 | 0.924 | 0.0330
66822.tiff | 8.672 | 7.961 | 0.711 | 0.0330
72497.tiff | 7.665 | 9.012 | 1.347 | 0.0330
73927.tiff | 18.807 | 16.452 | 2.355 | 0.0330
71352.tiff | 19.208 | 20.377 | 1.169 | 0.0330
68834.tiff | 3.012 | 5.691 | 2.679 | 0.0330
66742.tiff | 15.379 | 14.513 | 0.866 | 0.0330
66659.tiff | 22.360 | 21.145 | 1.215 | 0.0330
65213.tiff | 4.133 | 3.496 | 0.638 | 0.0330
76029.tiff | 22.601 | 16.003 | 6.598 | 0.0330
68423.tiff | 31.330 | 32.484 | 1.154 | 0.0330
65324.tiff | 4.609 | 5.963 | 1.354 | 0.0330
75657.tiff | 6.155 | 10.816 | 4.661 | 0.0330
66098.tiff | 62.554 | 63.449 | 0.895 | 0.0330
75153.tiff | 45.859 | 45.357 | 0.502 | 0.0330
66360.tiff | 47.037 | 49.383 | 2.346 | 0.0330
65335.tiff | 5.441 | 6.608 | 1.167 | 0.0330
71787.tiff | 12.771 | 16.526 | 3.755 | 0.0330
66614.tiff | 26.201 | 24.783 | 1.418 | 0.0330
74020.tiff | 25.933 | 22.898 | 3.035 | 0.0330
65793.tiff | 39.268 | 41.113 | 1.845 | 0.0330
65234.tiff | 2.249 | 2.648 | 0.399 | 0.0330
75892.tiff | 12.000 | 6.879 | 5.121 | 0.0330
73594.tiff | 6.909 | 8.118 | 1.209 | 0.0330
76106.tiff | 28.577 | 21.908 | 6.669 | 0.0330
73711.tiff | 2.209 | 3.317 | 1.108 | 0.0330
73658.tiff | 1.896 | 4.279 | 2.383 | 0.0330
75564.tiff | 13.290 | 17.129 | 3.839 | 0.0330
75711.tiff | 2.003 | 6.643 | 4.640 | 0.0330
71381.tiff | 17.026 | 18.527 | 1.501 | 0.0330
70844.tiff | 12.482 | 12.682 | 0.200 | 0.0330
76221.tiff | 32.000 | 69.122 | 37.122 | 0.0330
73198.tiff | 40.342 | 41.869 | 1.527 | 0.0330
67414.tiff | 0.910 | 3.967 | 3.057 | 0.0330
71499.tiff | 7.902 | 10.106 | 2.204 | 0.0330
73371.tiff | 24.431 | 23.854 | 0.577 | 0.0330
69330.tiff | 12.314 | 12.171 | 0.143 | 0.0330
69863.tiff | 27.872 | 27.860 | 0.012 | 0.0330
65872.tiff | 45.327 | 47.416 | 2.089 | 0.0330
69193.tiff | 22.794 | 20.697 | 2.097 | 0.0330
66264.tiff | 54.382 | 54.364 | 0.017 | 0.0330
66619.tiff | 25.746 | 24.686 | 1.060 | 0.0330
73875.tiff | 14.836 | 12.977 | 1.859 | 0.0330
75568.tiff | 12.963 | 16.833 | 3.870 | 0.0330
70118.tiff | 47.488 | 48.114 | 0.626 | 0.0330
75266.tiff | 37.015 | 40.842 | 3.827 | 0.0330
74122.tiff | 33.885 | 31.700 | 2.185 | 0.0330
68264.tiff | 44.092 | 48.539 | 4.447 | 0.0330
66221.tiff | 57.955 | 58.244 | 0.289 | 0.0330
73880.tiff | 15.192 | 13.380 | 1.812 | 0.0330
66766.tiff | 13.320 | 12.430 | 0.891 | 0.0330
73009.tiff | 34.850 | 35.867 | 1.018 | 0.0330
67457.tiff | 4.208 | 5.973 | 1.765 | 0.0330
71985.tiff | 28.393 | 31.705 | 3.312 | 0.0330
72860.tiff | 22.399 | 22.118 | 0.282 | 0.0330
66514.tiff | 34.527 | 35.235 | 0.708 | 0.0330
70024.tiff | 40.266 | 40.928 | 0.662 | 0.0330
72826.tiff | 19.606 | 19.361 | 0.245 | 0.0330
71921.tiff | 23.470 | 26.994 | 3.523 | 0.0330
71063.tiff | 30.803 | 30.620 | 0.183 | 0.0330
67524.tiff | 9.345 | 10.525 | 1.180 | 0.0330
68404.tiff | 33.007 | 34.861 | 1.854 | 0.0330
73680.tiff | 0.212 | 3.506 | 3.294 | 0.0330
73302.tiff | 32.239 | 34.597 | 2.358 | 0.0330
69481.tiff | 0.832 | 3.779 | 2.946 | 0.0330
69881.tiff | 29.195 | 29.393 | 0.198 | 0.0330
73699.tiff | 1.312 | 3.387 | 2.075 | 0.0330
74733.tiff | 16.909 | 21.839 | 4.930 | 0.0330
67111.tiff | 18.667 | 16.353 | 2.314 | 0.0330
67376.tiff | 1.983 | 3.663 | 1.680 | 0.0330
73621.tiff | 4.787 | 6.347 | 1.559 | 0.0330
75489.tiff | 19.106 | 22.355 | 3.249 | 0.0330
71138.tiff | 35.616 | 36.791 | 1.175 | 0.0330
68007.tiff | 45.666 | 50.926 | 5.260 | 0.0330
74699.tiff | 14.126 | 18.988 | 4.861 | 0.0330
67961.tiff | 42.126 | 47.489 | 5.363 | 0.0330
75694.tiff | 3.301 | 7.858 | 4.558 | 0.0330
69166.tiff | 24.863 | 22.675 | 2.187 | 0.0330
65618.tiff | 26.062 | 25.867 | 0.195 | 0.0330
70660.tiff | 4.201 | 5.684 | 1.483 | 0.0330
68059.tiff | 49.563 | 54.856 | 5.294 | 0.0330
72289.tiff | 24.990 | 27.345 | 2.354 | 0.0330
69960.tiff | 35.311 | 36.103 | 0.792 | 0.0330
72782.tiff | 15.911 | 16.025 | 0.114 | 0.0330
71467.tiff | 10.314 | 12.656 | 2.342 | 0.0330
73076.tiff | 40.345 | 41.217 | 0.872 | 0.0330
65746.tiff | 35.710 | 36.638 | 0.928 | 0.0330
73189.tiff | 41.060 | 42.279 | 1.219 | 0.0330
68835.tiff | 3.089 | 5.797 | 2.708 | 0.0330
75290.tiff | 35.111 | 39.647 | 4.536 | 0.0330
69005.tiff | 17.448 | 15.810 | 1.638 | 0.0330
75809.tiff | 5.559 | 3.368 | 2.191 | 0.0330
75625.tiff | 8.603 | 12.883 | 4.280 | 0.0330
75024.tiff | 40.987 | 44.732 | 3.745 | 0.0330
66337.tiff | 49.037 | 51.289 | 2.252 | 0.0330
70400.tiff | 25.428 | 27.884 | 2.457 | 0.0330
69843.tiff | 26.286 | 26.242 | 0.043 | 0.0330
69677.tiff | 13.621 | 13.464 | 0.157 | 0.0330
72845.tiff | 21.171 | 20.882 | 0.289 | 0.0330
71392.tiff | 16.103 | 17.677 | 1.574 | 0.0330
72355.tiff | 19.454 | 21.427 | 1.973 | 0.0330
71193.tiff | 31.434 | 31.605 | 0.171 | 0.0330
74653.tiff | 10.301 | 15.168 | 4.867 | 0.0330
66314.tiff | 50.903 | 52.894 | 1.991 | 0.0330
68896.tiff | 8.138 | 10.704 | 2.566 | 0.0330
75969.tiff | 17.923 | 11.703 | 6.220 | 0.0330
68471.tiff | 27.264 | 27.177 | 0.087 | 0.0330
75984.tiff | 19.070 | 12.842 | 6.228 | 0.0330
68134.tiff | 54.967 | 59.430 | 4.463 | 0.0330
73386.tiff | 23.343 | 22.790 | 0.553 | 0.0330
72591.tiff | 0.142 | 3.402 | 3.259 | 0.0330
70196.tiff | 42.978 | 42.910 | 0.068 | 0.0330
69162.tiff | 25.144 | 22.537 | 2.608 | 0.0330
65654.tiff | 28.733 | 28.200 | 0.533 | 0.0330
74867.tiff | 27.887 | 34.708 | 6.821 | 0.0330
67270.tiff | 10.065 | 9.387 | 0.678 | 0.0330
72016.tiff | 30.702 | 34.182 | 3.480 | 0.0330
71900.tiff | 21.453 | 25.060 | 3.607 | 0.0330
68534.tiff | 21.945 | 21.488 | 0.457 | 0.0330
71076.tiff | 31.879 | 31.674 | 0.205 | 0.0330
72710.tiff | 10.022 | 10.204 | 0.182 | 0.0330
74919.tiff | 32.285 | 39.417 | 7.132 | 0.0330
73337.tiff | 28.534 | 28.056 | 0.478 | 0.0330
70731.tiff | 1.699 | 3.764 | 2.064 | 0.0330
65612.tiff | 25.610 | 25.040 | 0.570 | 0.0330
67957.tiff | 41.810 | 47.181 | 5.372 | 0.0330
67115.tiff | 19.040 | 16.583 | 2.457 | 0.0330
69266.tiff | 17.191 | 16.300 | 0.891 | 0.0330
68992.tiff | 16.381 | 14.901 | 1.480 | 0.0330
74149.tiff | 32.215 | 29.517 | 2.698 | 0.0330
68496.tiff | 25.178 | 24.768 | 0.410 | 0.0330
67603.tiff | 14.410 | 18.783 | 4.372 | 0.0330
65512.tiff | 17.977 | 17.958 | 0.019 | 0.0330
74226.tiff | 25.938 | 22.155 | 3.783 | 0.0330
74026.tiff | 26.323 | 23.282 | 3.041 | 0.0330
68527.tiff | 22.519 | 21.946 | 0.573 | 0.0330
72730.tiff | 11.654 | 11.872 | 0.218 | 0.0330
69979.tiff | 36.749 | 37.628 | 0.879 | 0.0330
74085.tiff | 30.941 | 28.240 | 2.700 | 0.0330
68791.tiff | 0.611 | 3.805 | 3.195 | 0.0330
72592.tiff | 0.159 | 3.403 | 3.244 | 0.0330
73953.tiff | 20.773 | 18.273 | 2.500 | 0.0330
69346.tiff | 11.028 | 10.713 | 0.315 | 0.0330
71146.tiff | 34.955 | 36.492 | 1.537 | 0.0330
70454.tiff | 21.316 | 23.280 | 1.965 | 0.0330
75275.tiff | 36.352 | 40.345 | 3.993 | 0.0330
75089.tiff | 45.036 | 44.652 | 0.384 | 0.0330
71504.tiff | 7.491 | 9.944 | 2.453 | 0.0330
70741.tiff | 2.523 | 3.943 | 1.420 | 0.0330
76201.tiff | 31.999 | 68.997 | 36.999 | 0.0330
70684.tiff | 2.205 | 4.494 | 2.289 | 0.0330
68209.tiff | 48.700 | 53.698 | 4.997 | 0.0330
66110.tiff | 63.481 | 64.464 | 0.982 | 0.0330
72681.tiff | 7.566 | 7.810 | 0.245 | 0.0330
71811.tiff | 14.625 | 17.992 | 3.367 | 0.0330
66039.tiff | 58.067 | 59.097 | 1.030 | 0.0330
65021.tiff | 1.183 | 2.829 | 1.646 | 0.0330
69869.tiff | 28.333 | 28.299 | 0.033 | 0.0330
75843.tiff | 8.213 | 4.166 | 4.046 | 0.0330
70365.tiff | 28.366 | 31.766 | 3.400 | 0.0330
69238.tiff | 19.367 | 18.067 | 1.299 | 0.0331
65935.tiff | 50.069 | 51.544 | 1.475 | 0.0330
69569.tiff | 5.388 | 6.410 | 1.023 | 0.0330
74691.tiff | 13.464 | 18.325 | 4.861 | 0.0330
67985.tiff | 43.965 | 49.126 | 5.161 | 0.0330
65395.tiff | 10.057 | 10.961 | 0.905 | 0.0330
68541.tiff | 21.416 | 20.881 | 0.535 | 0.0330
66738.tiff | 15.746 | 14.880 | 0.866 | 0.0330
67166.tiff | 18.032 | 16.080 | 1.952 | 0.0330
65562.tiff | 21.806 | 21.694 | 0.113 | 0.0330
73036.tiff | 37.062 | 38.036 | 0.974 | 0.0330
66163.tiff | 62.870 | 63.541 | 0.670 | 0.0330
74049.tiff | 28.210 | 25.248 | 2.962 | 0.0330
76120.tiff | 29.676 | 23.101 | 6.575 | 0.0330
66730.tiff | 16.423 | 15.449 | 0.974 | 0.0330
66528.tiff | 33.387 | 33.906 | 0.520 | 0.0330
65843.tiff | 43.097 | 45.264 | 2.167 | 0.0330
67931.tiff | 39.801 | 45.576 | 5.775 | 0.0330
71750.tiff | 9.894 | 13.774 | 3.880 | 0.0330
65059.tiff | 2.030 | 5.078 | 3.047 | 0.0330
67866.tiff | 34.876 | 41.088 | 6.213 | 0.0330
70323.tiff | 31.855 | 35.831 | 3.976 | 0.0330
70805.tiff | 9.224 | 9.203 | 0.021 | 0.0330
67292.tiff | 8.446 | 7.677 | 0.769 | 0.0330
72780.tiff | 15.824 | 16.070 | 0.245 | 0.0330
73862.tiff | 13.864 | 12.078 | 1.786 | 0.0330
69202.tiff | 22.099 | 20.099 | 2.000 | 0.0330
71692.tiff | 7.119 | 5.036 | 2.084 | 0.0330
71387.tiff | 16.513 | 18.079 | 1.566 | 0.0330
70305.tiff | 33.380 | 37.358 | 3.979 | 0.0330
67725.tiff | 24.064 | 28.707 | 4.643 | 0.0330
71119.tiff | 35.411 | 36.777 | 1.367 | 0.0330
70465.tiff | 20.412 | 22.576 | 2.164 | 0.0330
65415.tiff | 11.192 | 12.232 | 1.040 | 0.0330
75745.tiff | 0.617 | 4.604 | 3.987 | 0.0330
72725.tiff | 11.249 | 11.664 | 0.414 | 0.0330
70943.tiff | 20.741 | 20.647 | 0.094 | 0.0330
73828.tiff | 11.188 | 9.677 | 1.512 | 0.0330
69787.tiff | 22.048 | 21.944 | 0.104 | 0.0330
70246.tiff | 38.298 | 42.482 | 4.183 | 0.0330
73737.tiff | 4.210 | 3.811 | 0.399 | 0.0330
74654.tiff | 10.390 | 15.211 | 4.820 | 0.0330
71734.tiff | 9.365 | 6.723 | 2.642 | 0.0330
75754.tiff | 1.291 | 4.165 | 2.874 | 0.0330
67908.tiff | 38.065 | 44.202 | 6.137 | 0.0330
73089.tiff | 41.431 | 42.259 | 0.828 | 0.0330
71393.tiff | 16.012 | 17.489 | 1.477 | 0.0330
67134.tiff | 20.430 | 17.957 | 2.473 | 0.0330
66898.tiff | 0.742 | 3.890 | 3.148 | 0.0330
74297.tiff | 20.007 | 16.434 | 3.574 | 0.0330
70801.tiff | 8.920 | 8.734 | 0.186 | 0.0330
73324.tiff | 30.530 | 33.064 | 2.534 | 0.0330
73463.tiff | 17.302 | 17.676 | 0.374 | 0.0330
73769.tiff | 6.679 | 5.409 | 1.270 | 0.0330
75932.tiff | 15.072 | 9.141 | 5.931 | 0.0330
74352.tiff | 15.181 | 11.477 | 3.704 | 0.0330
66818.tiff | 9.029 | 8.160 | 0.869 | 0.0330
66938.tiff | 4.124 | 3.503 | 0.622 | 0.0330
68882.tiff | 6.988 | 9.417 | 2.430 | 0.0330
67336.tiff | 5.064 | 4.889 | 0.175 | 0.0330
67073.tiff | 15.494 | 13.466 | 2.028 | 0.0330
76044.tiff | 23.797 | 17.090 | 6.706 | 0.0330
66727.tiff | 16.701 | 15.797 | 0.904 | 0.0330
66048.tiff | 58.714 | 59.703 | 0.989 | 0.0330
70382.tiff | 26.937 | 29.994 | 3.058 | 0.0330
67816.tiff | 31.068 | 37.230 | 6.162 | 0.0330
74082.tiff | 30.742 | 27.814 | 2.928 | 0.0330
67321.tiff | 6.232 | 5.690 | 0.543 | 0.0330
69735.tiff | 18.040 | 17.830 | 0.210 | 0.0330
75391.tiff | 26.972 | 30.088 | 3.116 | 0.0330
69318.tiff | 13.193 | 13.088 | 0.105 | 0.0330
72832.tiff | 20.099 | 19.860 | 0.239 | 0.0330
65767.tiff | 37.276 | 38.736 | 1.460 | 0.0330
67862.tiff | 34.593 | 41.057 | 6.464 | 0.0330
70131.tiff | 48.340 | 48.600 | 0.260 | 0.0330
66145.tiff | 64.317 | 64.999 | 0.682 | 0.0330
74252.tiff | 23.706 | 20.178 | 3.528 | 0.0330
67511.tiff | 8.380 | 9.789 | 1.409 | 0.0330
73290.tiff | 33.201 | 35.618 | 2.418 | 0.0330
67274.tiff | 9.804 | 9.361 | 0.442 | 0.0330
75318.tiff | 32.514 | 37.090 | 4.577 | 0.0330
68414.tiff | 32.054 | 33.677 | 1.624 | 0.0330
74036.tiff | 27.176 | 24.089 | 3.087 | 0.0330
75760.tiff | 1.783 | 3.811 | 2.028 | 0.0330
69708.tiff | 16.017 | 15.670 | 0.346 | 0.0330
65103.tiff | 5.731 | 8.214 | 2.484 | 0.0330
66990.tiff | 8.465 | 6.653 | 1.812 | 0.0330
68652.tiff | 12.187 | 11.616 | 0.571 | 0.0330
74053.tiff | 28.432 | 25.690 | 2.742 | 0.0330
72175.tiff | 34.469 | 37.788 | 3.319 | 0.0330
65829.tiff | 42.018 | 44.268 | 2.251 | 0.0330
73242.tiff | 36.943 | 38.648 | 1.704 | 0.0330
66673.tiff | 21.147 | 19.894 | 1.253 | 0.0330
69899.tiff | 30.590 | 31.279 | 0.689 | 0.0330
69958.tiff | 35.166 | 36.344 | 1.178 | 0.0330
72797.tiff | 17.186 | 17.178 | 0.008 | 0.0330
67857.tiff | 34.142 | 40.453 | 6.310 | 0.0330
69503.tiff | 0.853 | 4.023 | 3.171 | 0.0330
68316.tiff | 40.242 | 43.048 | 2.806 | 0.0330
67276.tiff | 9.629 | 9.019 | 0.610 | 0.0330
76263.tiff | 37.115 | 24.972 | 12.143 | 0.0330
69096.tiff | 24.984 | 22.392 | 2.592 | 0.0330
68356.tiff | 36.912 | 39.396 | 2.485 | 0.0330
67046.tiff | 13.222 | 11.602 | 1.619 | 0.0330
75673.tiff | 4.926 | 9.080 | 4.154 | 0.0330
73442.tiff | 18.977 | 18.949 | 0.028 | 0.0330
73484.tiff | 15.698 | 16.452 | 0.754 | 0.0330
66296.tiff | 52.479 | 54.487 | 2.008 | 0.0330
74301.tiff | 19.689 | 16.014 | 3.675 | 0.0330
65592.tiff | 24.073 | 23.714 | 0.359 | 0.0330
65222.tiff | 3.511 | 3.138 | 0.373 | 0.0330
75849.tiff | 8.657 | 4.454 | 4.203 | 0.0330
72206.tiff | 31.942 | 34.896 | 2.954 | 0.0330
70654.tiff | 4.737 | 6.302 | 1.565 | 0.0330
65859.tiff | 44.284 | 46.655 | 2.371 | 0.0330
69413.tiff | 5.999 | 5.988 | 0.010 | 0.0330
75675.tiff | 4.717 | 9.084 | 4.366 | 0.0330
72825.tiff | 19.534 | 19.304 | 0.229 | 0.0330
65842.tiff | 42.975 | 45.361 | 2.386 | 0.0330
71591.tiff | 0.751 | 4.359 | 3.609 | 0.0330
73496.tiff | 14.806 | 15.721 | 0.915 | 0.0330
70016.tiff | 39.633 | 39.641 | 0.008 | 0.0330
73734.tiff | 3.931 | 3.722 | 0.209 | 0.0330
65995.tiff | 54.653 | 55.555 | 0.902 | 0.0330
70614.tiff | 8.131 | 9.406 | 1.276 | 0.0330
70607.tiff | 8.678 | 9.953 | 1.275 | 0.0330
66555.tiff | 31.147 | 30.963 | 0.183 | 0.0330
74812.tiff | 23.419 | 28.392 | 4.973 | 0.0330
73608.tiff | 5.778 | 7.001 | 1.223 | 0.0330
73744.tiff | 4.734 | 4.142 | 0.592 | 0.0330
68529.tiff | 22.387 | 21.878 | 0.509 | 0.0330
68571.tiff | 18.896 | 18.032 | 0.864 | 0.0330
70891.tiff | 16.444 | 16.452 | 0.008 | 0.0330
67849.tiff | 33.583 | 39.909 | 6.326 | 0.0330
70488.tiff | 18.548 | 20.312 | 1.765 | 0.0330
72872.tiff | 23.399 | 23.146 | 0.253 | 0.0330
67514.tiff | 8.593 | 10.124 | 1.531 | 0.0330
75450.tiff | 22.170 | 25.365 | 3.195 | 0.0330
66464.tiff | 38.760 | 40.770 | 2.010 | 0.0330
70822.tiff | 10.629 | 10.630 | 0.001 | 0.0330
69150.tiff | 26.074 | 23.563 | 2.511 | 0.0330
67836.tiff | 32.582 | 38.832 | 6.250 | 0.0330
68778.tiff | 1.705 | 3.710 | 2.005 | 0.0330
75083.tiff | 44.592 | 44.391 | 0.201 | 0.0330
67234.tiff | 12.882 | 11.955 | 0.926 | 0.0330
68051.tiff | 49.007 | 54.545 | 5.537 | 0.0330
71968.tiff | 27.079 | 30.446 | 3.367 | 0.0330
65401.tiff | 10.497 | 11.599 | 1.102 | 0.0330
69227.tiff | 20.172 | 18.567 | 1.605 | 0.0330
69327.tiff | 12.556 | 12.365 | 0.192 | 0.0330
69601.tiff | 7.856 | 8.446 | 0.591 | 0.0330
76073.tiff | 26.052 | 19.406 | 6.646 | 0.0330
72273.tiff | 26.368 | 28.524 | 2.157 | 0.0330
75800.tiff | 4.875 | 3.173 | 1.701 | 0.0330
69068.tiff | 22.660 | 20.230 | 2.430 | 0.0330
76181.tiff | 31.995 | 69.219 | 37.224 | 0.0330
70014.tiff | 39.451 | 39.672 | 0.220 | 0.0330
65060.tiff | 2.135 | 4.953 | 2.817 | 0.0330
74022.tiff | 26.094 | 23.328 | 2.766 | 0.0330
73724.tiff | 3.197 | 3.527 | 0.330 | 0.0330
69418.tiff | 5.641 | 5.632 | 0.008 | 0.0330
73384.tiff | 23.457 | 22.866 | 0.590 | 0.0330
66329.tiff | 49.680 | 51.803 | 2.124 | 0.0330
69833.tiff | 25.526 | 25.428 | 0.098 | 0.0330
73447.tiff | 18.624 | 18.989 | 0.365 | 0.0330
74642.tiff | 9.415 | 14.314 | 4.899 | 0.0330
73540.tiff | 11.363 | 12.541 | 1.179 | 0.0330
71875.tiff | 19.567 | 23.158 | 3.590 | 0.0330
66551.tiff | 31.475 | 31.085 | 0.390 | 0.0330
66010.tiff | 55.808 | 56.657 | 0.849 | 0.0330
72439.tiff | 12.529 | 14.125 | 1.596 | 0.0330
67555.tiff | 11.787 | 13.107 | 1.320 | 0.0330
75494.tiff | 18.724 | 22.302 | 3.578 | 0.0330
66613.tiff | 26.260 | 25.192 | 1.069 | 0.0330
67738.tiff | 25.087 | 29.587 | 4.500 | 0.0330
69956.tiff | 34.983 | 35.863 | 0.880 | 0.0330
73794.tiff | 8.560 | 7.135 | 1.425 | 0.0330
75822.tiff | 6.554 | 3.549 | 3.005 | 0.0330
65649.tiff | 28.368 | 27.826 | 0.542 | 0.0330
67863.tiff | 34.629 | 40.887 | 6.258 | 0.0330
65880.tiff | 45.851 | 47.884 | 2.032 | 0.0330
72137.tiff | 37.600 | 41.264 | 3.664 | 0.0330
74913.tiff | 31.735 | 39.315 | 7.580 | 0.0330
67304.tiff | 7.559 | 6.875 | 0.684 | 0.0330
70539.tiff | 14.292 | 15.420 | 1.129 | 0.0330
66625.tiff | 25.239 | 24.048 | 1.191 | 0.0330
65551.tiff | 20.966 | 21.027 | 0.061 | 0.0330
71142.tiff | 35.366 | 36.363 | 0.997 | 0.0330
73501.tiff | 14.434 | 15.218 | 0.785 | 0.0330
70932.tiff | 19.867 | 19.776 | 0.091 | 0.0330
69861.tiff | 27.741 | 27.827 | 0.085 | 0.0330
74856.tiff | 27.056 | 33.899 | 6.843 | 0.0330
70441.tiff | 22.432 | 24.468 | 2.036 | 0.0330
65212.tiff | 4.260 | 3.486 | 0.774 | 0.0330
72411.tiff | 14.802 | 16.463 | 1.661 | 0.0330
70036.tiff | 41.201 | 41.512 | 0.311 | 0.0330
74076.tiff | 30.281 | 27.207 | 3.073 | 0.0330
75764.tiff | 2.049 | 3.730 | 1.680 | 0.0330
65069.tiff | 2.892 | 5.585 | 2.693 | 0.0330
66439.tiff | 40.824 | 43.453 | 2.629 | 0.0330
67516.tiff | 8.760 | 10.136 | 1.376 | 0.0330
67869.tiff | 35.059 | 41.296 | 6.237 | 0.0330
72234.tiff | 29.603 | 32.008 | 2.405 | 0.0330
70825.tiff | 10.809 | 10.845 | 0.037 | 0.0330
74498.tiff | 2.570 | 3.553 | 0.983 | 0.0330
65697.tiff | 32.013 | 32.035 | 0.021 | 0.0330
73225.tiff | 38.313 | 39.796 | 1.483 | 0.0330
73982.tiff | 23.018 | 20.437 | 2.581 | 0.0330
72114.tiff | 37.273 | 40.994 | 3.721 | 0.0330
69116.tiff | 26.627 | 24.080 | 2.547 | 0.0330
66315.tiff | 50.857 | 52.788 | 1.931 | 0.0330
71007.tiff | 26.144 | 25.495 | 0.649 | 0.0330
73780.tiff | 7.529 | 6.209 | 1.320 | 0.0330
68521.tiff | 23.078 | 22.683 | 0.396 | 0.0330
69455.tiff | 2.783 | 3.972 | 1.188 | 0.0330
65013.tiff | 1.782 | 2.713 | 0.931 | 0.0330
70467.tiff | 20.258 | 22.372 | 2.114 | 0.0330
65819.tiff | 41.214 | 43.598 | 2.384 | 0.0330
73771.tiff | 6.801 | 5.598 | 1.203 | 0.0330
66347.tiff | 48.182 | 50.325 | 2.143 | 0.0330
74786.tiff | 21.275 | 26.072 | 4.797 | 0.0330
65454.tiff | 13.580 | 14.181 | 0.601 | 0.0330
73840.tiff | 12.130 | 10.385 | 1.745 | 0.0330
75958.tiff | 17.023 | 10.834 | 6.189 | 0.0330
66657.tiff | 22.551 | 21.277 | 1.274 | 0.0330
74576.tiff | 3.903 | 8.551 | 4.648 | 0.0330
74879.tiff | 28.885 | 36.110 | 7.225 | 0.0330
73899.tiff | 16.598 | 14.459 | 2.138 | 0.0330
65038.tiff | 0.261 | 3.538 | 3.277 | 0.0330
66044.tiff | 58.419 | 59.319 | 0.901 | 0.0330
67909.tiff | 38.089 | 44.427 | 6.339 | 0.0330
70762.tiff | 4.262 | 4.770 | 0.508 | 0.0330
65941.tiff | 50.511 | 51.908 | 1.398 | 0.0330
68594.tiff | 17.001 | 16.282 | 0.719 | 0.0330
73145.tiff | 44.457 | 44.640 | 0.182 | 0.0330
68783.tiff | 1.237 | 3.726 | 2.489 | 0.0330
68845.tiff | 3.876 | 6.328 | 2.452 | 0.0330
69541.tiff | 3.279 | 5.039 | 1.759 | 0.0330
74520.tiff | 0.771 | 4.401 | 3.631 | 0.0330
71488.tiff | 8.753 | 11.070 | 2.317 | 0.0330
65539.tiff | 20.036 | 20.116 | 0.080 | 0.0330
75912.tiff | 13.503 | 7.955 | 5.548 | 0.0330
75684.tiff | 4.027 | 8.362 | 4.335 | 0.0330
66401.tiff | 43.994 | 46.718 | 2.725 | 0.0330
70219.tiff | 41.395 | 41.014 | 0.381 | 0.0330
69839.tiff | 26.033 | 25.699 | 0.334 | 0.0330
67268.tiff | 10.299 | 9.640 | 0.659 | 0.0330
74798.tiff | 22.258 | 26.999 | 4.741 | 0.0330
76273.tiff | 39.154 | 31.042 | 8.112 | 0.0330
67471.tiff | 5.264 | 6.924 | 1.660 | 0.0330
73542.tiff | 11.230 | 12.296 | 1.066 | 0.0330
72614.tiff | 2.040 | 3.538 | 1.498 | 0.0330
68615.tiff | 15.282 | 14.386 | 0.896 | 0.0330
71459.tiff | 10.987 | 13.187 | 2.200 | 0.0330
70177.tiff | 44.558 | 44.739 | 0.181 | 0.0330
69831.tiff | 25.413 | 25.180 | 0.232 | 0.0330
68533.tiff | 22.066 | 21.510 | 0.556 | 0.0330
65267.tiff | 0.231 | 2.830 | 2.599 | 0.0330
66109.tiff | 63.401 | 64.214 | 0.813 | 0.0330
75325.tiff | 32.122 | 36.514 | 4.392 | 0.0330
75235.tiff | 39.342 | 42.597 | 3.255 | 0.0330
69880.tiff | 29.154 | 29.426 | 0.272 | 0.0330
71177.tiff | 32.650 | 33.353 | 0.703 | 0.0330
69642.tiff | 10.998 | 11.100 | 0.102 | 0.0330
71011.tiff | 26.481 | 25.784 | 0.697 | 0.0330
66740.tiff | 15.564 | 14.652 | 0.912 | 0.0330
65231.tiff | 2.518 | 2.733 | 0.215 | 0.0330
73773.tiff | 6.935 | 5.714 | 1.222 | 0.0330
65899.tiff | 47.307 | 49.141 | 1.834 | 0.0330
74853.tiff | 26.823 | 33.352 | 6.529 | 0.0330
70970.tiff | 23.035 | 22.720 | 0.315 | 0.0330
72199.tiff | 32.464 | 35.516 | 3.051 | 0.0330
70026.tiff | 40.392 | 40.833 | 0.441 | 0.0330
70667.tiff | 3.640 | 5.255 | 1.615 | 0.0330
69210.tiff | 21.492 | 19.517 | 1.975 | 0.0330
66564.tiff | 30.402 | 29.922 | 0.480 | 0.0330
68510.tiff | 23.988 | 23.516 | 0.472 | 0.0330
75298.tiff | 34.443 | 38.930 | 4.487 | 0.0330
68072.tiff | 50.559 | 55.947 | 5.388 | 0.0330
72464.tiff | 10.411 | 11.846 | 1.435 | 0.0330
76078.tiff | 26.381 | 20.067 | 6.314 | 0.0330
71033.tiff | 28.298 | 27.608 | 0.689 | 0.0330
70194.tiff | 43.091 | 43.096 | 0.005 | 0.0330
74051.tiff | 28.335 | 25.560 | 2.775 | 0.0330
75118.tiff | 47.404 | 45.470 | 1.934 | 0.0330
75490.tiff | 19.037 | 22.524 | 3.487 | 0.0330
69563.tiff | 4.921 | 6.083 | 1.162 | 0.0330
70545.tiff | 13.788 | 15.007 | 1.219 | 0.0330
76238.tiff | 33.203 | 24.941 | 8.262 | 0.0330
71576.tiff | 1.958 | 5.110 | 3.152 | 0.0330
73623.tiff | 4.648 | 6.089 | 1.441 | 0.0330
69451.tiff | 3.130 | 4.207 | 1.078 | 0.0330
67841.tiff | 32.951 | 38.917 | 5.966 | 0.0330
69626.tiff | 9.722 | 9.930 | 0.208 | 0.0330
68539.tiff | 21.530 | 20.990 | 0.539 | 0.0330
74822.tiff | 24.195 | 29.684 | 5.490 | 0.0330
75267.tiff | 36.907 | 41.026 | 4.119 | 0.0330
75424.tiff | 24.372 | 27.366 | 2.995 | 0.0330
67214.tiff | 14.425 | 13.389 | 1.036 | 0.0330
65834.tiff | 42.381 | 44.638 | 2.257 | 0.0330
73252.tiff | 36.181 | 38.083 | 1.902 | 0.0330
74030.tiff | 26.714 | 23.545 | 3.169 | 0.0330
71201.tiff | 30.788 | 31.223 | 0.435 | 0.0330
75468.tiff | 20.724 | 24.167 | 3.443 | 0.0330
71453.tiff | 11.362 | 13.555 | 2.194 | 0.0330
70045.tiff | 41.886 | 42.110 | 0.224 | 0.0330
75253.tiff | 37.973 | 41.685 | 3.712 | 0.0330
66744.tiff | 15.212 | 14.342 | 0.870 | 0.0330
72130.tiff | 38.169 | 41.760 | 3.591 | 0.0330
69225.tiff | 20.306 | 18.767 | 1.540 | 0.0330
69408.tiff | 6.386 | 6.327 | 0.059 | 0.0330
68915.tiff | 9.696 | 12.607 | 2.912 | 0.0330
75224.tiff | 40.283 | 42.990 | 2.707 | 0.0330
73499.tiff | 14.573 | 15.525 | 0.953 | 0.0330
70647.tiff | 5.362 | 6.922 | 1.560 | 0.0330
67544.tiff | 10.912 | 11.965 | 1.053 | 0.0330
65931.tiff | 49.742 | 51.220 | 1.478 | 0.0330
73315.tiff | 31.212 | 33.619 | 2.407 | 0.0330
66198.tiff | 59.934 | 60.279 | 0.345 | 0.0330
71498.tiff | 7.933 | 10.119 | 2.186 | 0.0330
69697.tiff | 15.160 | 14.958 | 0.201 | 0.0330
73103.tiff | 42.574 | 43.383 | 0.810 | 0.0330
66430.tiff | 41.591 | 44.157 | 2.566 | 0.0330
76049.tiff | 24.171 | 17.611 | 6.560 | 0.0330
68096.tiff | 52.371 | 57.698 | 5.327 | 0.0330
67992.tiff | 44.481 | 49.590 | 5.109 | 0.0330
72794.tiff | 16.991 | 16.990 | 0.001 | 0.0330
75316.tiff | 33.170 | 37.788 | 4.617 | 0.0330
66154.tiff | 63.611 | 64.463 | 0.852 | 0.0330
65333.tiff | 5.258 | 6.522 | 1.264 | 0.0330
72746.tiff | 12.990 | 13.058 | 0.068 | 0.0330
67770.tiff | 27.511 | 32.808 | 5.297 | 0.0330
76037.tiff | 23.204 | 16.618 | 6.586 | 0.0330
66599.tiff | 27.420 | 26.434 | 0.986 | 0.0330
74416.tiff | 9.337 | 5.579 | 3.758 | 0.0330
69772.tiff | 20.904 | 20.773 | 0.132 | 0.0330
65965.tiff | 52.360 | 53.295 | 0.936 | 0.0330
70961.tiff | 22.307 | 21.983 | 0.323 | 0.0330
70268.tiff | 36.488 | 40.155 | 3.667 | 0.0330
72173.tiff | 34.583 | 37.863 | 3.280 | 0.0330
67699.tiff | 22.114 | 26.392 | 4.278 | 0.0330
70551.tiff | 13.325 | 14.536 | 1.211 | 0.0330
69520.tiff | 2.194 | 4.389 | 2.195 | 0.0330
66484.tiff | 37.092 | 38.619 | 1.527 | 0.0330
75178.tiff | 43.843 | 44.377 | 0.534 | 0.0330
72394.tiff | 16.184 | 17.742 | 1.558 | 0.0330
71131.tiff | 36.153 | 37.896 | 1.743 | 0.0330
71936.tiff | 24.568 | 28.194 | 3.626 | 0.0330
66427.tiff | 41.838 | 44.436 | 2.598 | 0.0330
67545.tiff | 10.986 | 12.150 | 1.165 | 0.0330
72083.tiff | 34.874 | 38.577 | 3.703 | 0.0330
71437.tiff | 12.672 | 14.711 | 2.040 | 0.0330
76233.tiff | 33.741 | 31.980 | 1.760 | 0.0330
71993.tiff | 28.985 | 32.515 | 3.531 | 0.0330
68071.tiff | 50.519 | 55.923 | 5.405 | 0.0330
67179.tiff | 17.014 | 15.401 | 1.613 | 0.0330
72201.tiff | 32.301 | 35.356 | 3.055 | 0.0330
74220.tiff | 26.370 | 22.728 | 3.642 | 0.0330
66058.tiff | 59.478 | 60.532 | 1.054 | 0.0330
70383.tiff | 26.944 | 30.071 | 3.127 | 0.0330
69484.tiff | 0.583 | 3.663 | 3.080 | 0.0330
69345.tiff | 11.195 | 10.965 | 0.230 | 0.0330
74029.tiff | 26.635 | 23.875 | 2.760 | 0.0330
67969.tiff | 42.695 | 48.095 | 5.401 | 0.0330
71302.tiff | 23.011 | 23.652 | 0.641 | 0.0330
68124.tiff | 54.571 | 59.042 | 4.471 | 0.0330
74074.tiff | 30.075 | 27.104 | 2.971 | 0.0330
66545.tiff | 32.054 | 31.897 | 0.157 | 0.0330
71568.tiff | 2.585 | 5.665 | 3.080 | 0.0330
75789.tiff | 4.046 | 3.335 | 0.711 | 0.0330
68774.tiff | 2.014 | 3.724 | 1.710 | 0.0330
75456.tiff | 21.691 | 24.795 | 3.104 | 0.0330
65725.tiff | 34.131 | 34.859 | 0.729 | 0.0330
74072.tiff | 29.905 | 26.825 | 3.080 | 0.0330
72963.tiff | 31.017 | 31.784 | 0.767 | 0.0330
72041.tiff | 32.705 | 36.393 | 3.688 | 0.0330
66128.tiff | 64.844 | 65.227 | 0.383 | 0.0330
69475.tiff | 1.301 | 3.756 | 2.455 | 0.0330
71616.tiff | 1.188 | 3.597 | 2.408 | 0.0330
71175.tiff | 32.778 | 33.785 | 1.007 | 0.0330
66587.tiff | 28.479 | 27.568 | 0.911 | 0.0330
69811.tiff | 23.857 | 23.561 | 0.296 | 0.0330
68560.tiff | 19.789 | 19.023 | 0.767 | 0.0330
71983.tiff | 28.235 | 31.484 | 3.249 | 0.0330
66562.tiff | 30.555 | 29.892 | 0.663 | 0.0330
70360.tiff | 28.893 | 32.455 | 3.562 | 0.0330
70951.tiff | 21.476 | 21.430 | 0.046 | 0.0330
74496.tiff | 2.711 | 3.625 | 0.914 | 0.0330
71188.tiff | 31.808 | 32.086 | 0.279 | 0.0330
69460.tiff | 2.423 | 3.970 | 1.547 | 0.0330
73135.tiff | 45.296 | 44.345 | 0.951 | 0.0330
69255.tiff | 18.035 | 17.196 | 0.839 | 0.0330
70399.tiff | 25.568 | 28.142 | 2.574 | 0.0330
72636.tiff | 3.853 | 4.392 | 0.539 | 0.0330
73871.tiff | 14.501 | 12.597 | 1.905 | 0.0330
68922.tiff | 10.294 | 13.143 | 2.849 | 0.0330
75415.tiff | 25.349 | 28.452 | 3.104 | 0.0330
74641.tiff | 9.308 | 14.184 | 4.876 | 0.0330
73500.tiff | 14.442 | 15.412 | 0.970 | 0.0330
73918.tiff | 18.094 | 15.761 | 2.333 | 0.0330
68288.tiff | 42.064 | 46.724 | 4.660 | 0.0330
75909.tiff | 13.308 | 7.821 | 5.486 | 0.0330
75243.tiff | 38.821 | 41.898 | 3.077 | 0.0330
73888.tiff | 15.739 | 13.740 | 2.000 | 0.0330
67606.tiff | 14.629 | 19.079 | 4.450 | 0.0330
75871.tiff | 10.347 | 5.604 | 4.743 | 0.0330
66393.tiff | 44.662 | 47.371 | 2.710 | 0.0330
72924.tiff | 27.670 | 27.790 | 0.120 | 0.0330
65753.tiff | 36.225 | 37.358 | 1.133 | 0.0330
71217.tiff | 29.585 | 29.599 | 0.014 | 0.0330
76058.tiff | 24.877 | 18.149 | 6.728 | 0.0330
70119.tiff | 47.536 | 47.844 | 0.309 | 0.0330
68216.tiff | 48.078 | 52.977 | 4.898 | 0.0330
70493.tiff | 18.119 | 19.883 | 1.764 | 0.0330
74659.tiff | 10.818 | 15.593 | 4.774 | 0.0330
66778.tiff | 12.327 | 11.512 | 0.815 | 0.0330
65018.tiff | 1.379 | 2.851 | 1.472 | 0.0330
66771.tiff | 12.984 | 12.481 | 0.503 | 0.0330
66889.tiff | 0.035 | 4.401 | 4.365 | 0.0330
74865.tiff | 27.799 | 34.678 | 6.879 | 0.0330
66643.tiff | 23.739 | 22.525 | 1.215 | 0.0330
74636.tiff | 8.910 | 13.841 | 4.932 | 0.0330
67317.tiff | 6.502 | 5.916 | 0.586 | 0.0330
68023.tiff | 46.844 | 52.222 | 5.378 | 0.0330
71002.tiff | 25.688 | 25.179 | 0.510 | 0.0330
65133.tiff | 8.223 | 10.425 | 2.202 | 0.0330
75667.tiff | 5.393 | 9.723 | 4.330 | 0.0330
68013.tiff | 46.041 | 51.161 | 5.120 | 0.0330
68725.tiff | 6.101 | 5.831 | 0.270 | 0.0330
71852.tiff | 17.844 | 21.643 | 3.799 | 0.0330
74367.tiff | 13.422 | 9.824 | 3.598 | 0.0330
74059.tiff | 28.943 | 26.217 | 2.726 | 0.0330
66096.tiff | 62.425 | 63.382 | 0.957 | 0.0330
69585.tiff | 6.596 | 7.349 | 0.753 | 0.0330
70072.tiff | 43.922 | 44.482 | 0.560 | 0.0330
65528.tiff | 19.266 | 19.318 | 0.052 | 0.0330
70262.tiff | 36.993 | 40.839 | 3.846 | 0.0330
67003.tiff | 9.563 | 7.617 | 1.945 | 0.0330
69871.tiff | 28.476 | 28.643 | 0.167 | 0.0330
65169.tiff | 7.533 | 6.042 | 1.491 | 0.0330
72554.tiff | 2.976 | 4.448 | 1.472 | 0.0330
72733.tiff | 11.951 | 12.358 | 0.407 | 0.0330
69339.tiff | 11.565 | 11.335 | 0.230 | 0.0330
66920.tiff | 2.456 | 3.453 | 0.997 | 0.0330
68155.tiff | 53.238 | 57.945 | 4.707 | 0.0330
65702.tiff | 32.421 | 32.478 | 0.057 | 0.0330
71694.tiff | 7.240 | 5.108 | 2.132 | 0.0330
69075.tiff | 23.206 | 20.876 | 2.330 | 0.0330
69229.tiff | 20.025 | 18.471 | 1.554 | 0.0330
68932.tiff | 11.126 | 14.108 | 2.982 | 0.0330
70355.tiff | 29.223 | 32.593 | 3.370 | 0.0330
68551.tiff | 20.558 | 20.146 | 0.413 | 0.0330
71390.tiff | 16.259 | 17.823 | 1.564 | 0.0330
67767.tiff | 27.340 | 32.513 | 5.173 | 0.0330
71924.tiff | 23.706 | 27.301 | 3.594 | 0.0330
65773.tiff | 37.740 | 39.288 | 1.549 | 0.0330
66299.tiff | 52.224 | 53.958 | 1.734 | 0.0330
71340.tiff | 20.118 | 21.380 | 1.262 | 0.0330
71775.tiff | 11.862 | 15.704 | 3.842 | 0.0330
75064.tiff | 43.003 | 43.735 | 0.733 | 0.0330
66353.tiff | 47.704 | 49.946 | 2.242 | 0.0330
67927.tiff | 39.540 | 45.702 | 6.162 | 0.0330
72969.tiff | 31.450 | 32.304 | 0.855 | 0.0330
75036.tiff | 41.666 | 45.302 | 3.636 | 0.0330
66288.tiff | 53.118 | 55.152 | 2.034 | 0.0330
68469.tiff | 27.429 | 27.573 | 0.144 | 0.0330
73144.tiff | 44.507 | 44.350 | 0.157 | 0.0330
74272.tiff | 22.059 | 18.585 | 3.474 | 0.0330
69398.tiff | 7.143 | 6.925 | 0.219 | 0.0330
70195.tiff | 43.064 | 43.036 | 0.029 | 0.0330
67014.tiff | 10.511 | 8.949 | 1.562 | 0.0330
74969.tiff | 36.443 | 42.438 | 5.996 | 0.0330
75819.tiff | 6.368 | 3.539 | 2.829 | 0.0330
75930.tiff | 14.924 | 9.120 | 5.804 | 0.0330
73146.tiff | 44.373 | 44.704 | 0.331 | 0.0330
69985.tiff | 37.191 | 37.922 | 0.731 | 0.0330
67148.tiff | 19.437 | 16.971 | 2.467 | 0.0330
76008.tiff | 20.913 | 14.474 | 6.439 | 0.0330
76141.tiff | 30.552 | 35.936 | 5.384 | 0.0330
68034.tiff | 47.665 | 53.158 | 5.493 | 0.0330
73652.tiff | 2.402 | 4.655 | 2.253 | 0.0330
70000.tiff | 38.337 | 38.890 | 0.553 | 0.0330
70747.tiff | 2.994 | 4.108 | 1.114 | 0.0330
65450.tiff | 13.268 | 13.955 | 0.687 | 0.0330
68669.tiff | 10.761 | 10.064 | 0.697 | 0.0330
73207.tiff | 39.645 | 41.307 | 1.662 | 0.0330
71957.tiff | 26.203 | 29.871 | 3.668 | 0.0330
71493.tiff | 8.329 | 10.504 | 2.175 | 0.0330
70886.tiff | 16.011 | 16.258 | 0.248 | 0.0330
73282.tiff | 33.838 | 35.981 | 2.143 | 0.0330
65811.tiff | 40.654 | 42.776 | 2.123 | 0.0330
69768.tiff | 20.519 | 20.437 | 0.082 | 0.0330
73245.tiff | 36.676 | 38.490 | 1.813 | 0.0330
69826.tiff | 25.012 | 24.931 | 0.081 | 0.0330
71999.tiff | 29.497 | 33.030 | 3.533 | 0.0330
67074.tiff | 15.604 | 13.703 | 1.902 | 0.0330
73292.tiff | 33.142 | 35.655 | 2.513 | 0.0330
73138.tiff | 45.032 | 44.594 | 0.438 | 0.0330
75723.tiff | 1.066 | 5.853 | 4.786 | 0.0330
66478.tiff | 37.599 | 39.391 | 1.792 | 0.0330
66791.tiff | 11.290 | 10.281 | 1.009 | 0.0330
69631.tiff | 10.113 | 10.412 | 0.299 | 0.0330
67334.tiff | 5.158 | 4.899 | 0.259 | 0.0330
70533.tiff | 14.794 | 16.009 | 1.214 | 0.0330
68234.tiff | 46.584 | 51.105 | 4.522 | 0.0330
67009.tiff | 10.068 | 8.695 | 1.372 | 0.0330
65683.tiff | 30.949 | 30.656 | 0.293 | 0.0330
69367.tiff | 9.528 | 9.253 | 0.275 | 0.0330
70351.tiff | 29.556 | 33.113 | 3.557 | 0.0330
67860.tiff | 34.388 | 40.586 | 6.197 | 0.0330
71862.tiff | 18.578 | 22.471 | 3.893 | 0.0330
65058.tiff | 1.899 | 4.853 | 2.953 | 0.0330
75207.tiff | 41.549 | 43.478 | 1.929 | 0.0330
72203.tiff | 32.179 | 35.330 | 3.151 | 0.0330
74605.tiff | 6.343 | 11.261 | 4.918 | 0.0330
67400.tiff | 0.172 | 3.718 | 3.546 | 0.0330
73001.tiff | 34.125 | 35.255 | 1.130 | 0.0330
65047.tiff | 0.995 | 4.074 | 3.079 | 0.0330
65031.tiff | 0.320 | 3.186 | 2.866 | 0.0330
69476.tiff | 1.187 | 3.689 | 2.502 | 0.0330
70390.tiff | 26.310 | 29.110 | 2.800 | 0.0330
70959.tiff | 22.095 | 21.855 | 0.239 | 0.0330
66469.tiff | 38.303 | 40.169 | 1.866 | 0.0330
66666.tiff | 21.786 | 20.539 | 1.247 | 0.0330
66417.tiff | 42.630 | 45.296 | 2.665 | 0.0330
72502.tiff | 7.277 | 8.536 | 1.259 | 0.0330
67359.tiff | 3.316 | 3.883 | 0.567 | 0.0330
75537.tiff | 15.380 | 19.258 | 3.877 | 0.0330
69792.tiff | 22.420 | 22.275 | 0.145 | 0.0330
71995.tiff | 29.162 | 32.648 | 3.486 | 0.0330
70578.tiff | 11.071 | 12.384 | 1.313 | 0.0330
74588.tiff | 4.859 | 9.551 | 4.693 | 0.0330
69282.tiff | 15.958 | 15.451 | 0.507 | 0.0330
65430.tiff | 11.783 | 12.686 | 0.903 | 0.0330
74640.tiff | 9.246 | 14.062 | 4.816 | 0.0330
75616.tiff | 9.282 | 13.519 | 4.238 | 0.0330
65386.tiff | 9.286 | 10.241 | 0.955 | 0.0330
66946.tiff | 4.799 | 3.705 | 1.094 | 0.0330
74844.tiff | 26.079 | 32.134 | 6.055 | 0.0330
69514.tiff | 1.728 | 4.173 | 2.445 | 0.0330
68525.tiff | 22.698 | 22.360 | 0.339 | 0.0330
65474.tiff | 15.059 | 15.601 | 0.543 | 0.0330
71649.tiff | 3.742 | 3.413 | 0.329 | 0.0330
75429.tiff | 23.510 | 26.413 | 2.902 | 0.0330
68703.tiff | 7.922 | 7.443 | 0.479 | 0.0330
72908.tiff | 26.430 | 26.474 | 0.044 | 0.0330
75147.tiff | 46.294 | 45.036 | 1.257 | 0.0330
65579.tiff | 23.079 | 22.899 | 0.180 | 0.0330
72052.tiff | 33.547 | 37.022 | 3.474 | 0.0330
66056.tiff | 59.301 | 60.198 | 0.896 | 0.0330
67282.tiff | 9.157 | 8.353 | 0.805 | 0.0330
71350.tiff | 19.350 | 20.594 | 1.243 | 0.0330
69673.tiff | 13.306 | 13.264 | 0.042 | 0.0330
69316.tiff | 13.337 | 13.155 | 0.182 | 0.0330
70303.tiff | 33.562 | 37.425 | 3.863 | 0.0330
68446.tiff | 29.428 | 30.149 | 0.721 | 0.0330
72453.tiff | 11.375 | 13.085 | 1.710 | 0.0330
69986.tiff | 37.319 | 38.197 | 0.878 | 0.0330
68170.tiff | 51.981 | 56.966 | 4.986 | 0.0330
65812.tiff | 40.666 | 42.612 | 1.946 | 0.0330
70859.tiff | 13.743 | 14.100 | 0.358 | 0.0330
70366.tiff | 28.300 | 31.668 | 3.369 | 0.0330
68943.tiff | 12.088 | 15.032 | 2.944 | 0.0330
70763.tiff | 4.341 | 4.859 | 0.518 | 0.0330
67756.tiff | 26.400 | 31.443 | 5.043 | 0.0330
72958.tiff | 30.512 | 31.232 | 0.721 | 0.0330
68046.tiff | 48.584 | 54.181 | 5.597 | 0.0330
75911.tiff | 13.411 | 7.975 | 5.436 | 0.0330
68033.tiff | 47.613 | 53.077 | 5.464 | 0.0330
65112.tiff | 6.457 | 8.750 | 2.293 | 0.0330
71626.tiff | 1.975 | 3.417 | 1.442 | 0.0330
75077.tiff | 44.088 | 44.446 | 0.359 | 0.0330
75943.tiff | 15.865 | 10.130 | 5.735 | 0.0330
69685.tiff | 14.221 | 14.232 | 0.011 | 0.0330
66746.tiff | 15.099 | 14.324 | 0.775 | 0.0330
68502.tiff | 24.689 | 24.273 | 0.416 | 0.0330
66453.tiff | 39.646 | 41.909 | 2.262 | 0.0330
67150.tiff | 19.228 | 16.871 | 2.357 | 0.0330
65320.tiff | 4.261 | 5.732 | 1.470 | 0.0330
70729.tiff | 1.547 | 3.735 | 2.188 | 0.0330
65062.tiff | 2.291 | 5.084 | 2.794 | 0.0330
67674.tiff | 19.817 | 24.317 | 4.500 | 0.0330
66923.tiff | 2.814 | 3.340 | 0.526 | 0.0330
75899.tiff | 12.490 | 7.127 | 5.363 | 0.0330
75255.tiff | 37.878 | 41.642 | 3.764 | 0.0330
69723.tiff | 17.147 | 16.808 | 0.339 | 0.0330
74140.tiff | 32.999 | 30.673 | 2.326 | 0.0330
71423.tiff | 13.720 | 15.689 | 1.969 | 0.0330
73910.tiff | 17.496 | 15.245 | 2.251 | 0.0330
71976.tiff | 27.642 | 31.093 | 3.452 | 0.0330
67130.tiff | 20.261 | 17.803 | 2.457 | 0.0330
73226.tiff | 38.165 | 39.420 | 1.255 | 0.0330
71943.tiff | 25.153 | 28.789 | 3.635 | 0.0330
75983.tiff | 19.037 | 12.665 | 6.372 | 0.0330
68964.tiff | 14.040 | 12.591 | 1.449 | 0.0330
73852.tiff | 13.017 | 11.154 | 1.863 | 0.0330
73208.tiff | 39.545 | 40.954 | 1.408 | 0.0330
71197.tiff | 31.081 | 31.619 | 0.538 | 0.0330
71672.tiff | 5.541 | 4.176 | 1.365 | 0.0330
75187.tiff | 43.139 | 43.893 | 0.754 | 0.0330
74162.tiff | 31.184 | 27.976 | 3.208 | 0.0330
66053.tiff | 59.146 | 60.248 | 1.102 | 0.0330
75841.tiff | 8.079 | 4.321 | 3.758 | 0.0330
74954.tiff | 35.149 | 41.837 | 6.688 | 0.0330
70099.tiff | 46.081 | 46.635 | 0.555 | 0.0330
65100.tiff | 5.469 | 8.264 | 2.795 | 0.0330
73178.tiff | 41.927 | 42.799 | 0.872 | 0.0330
66457.tiff | 39.363 | 41.212 | 1.849 | 0.0330
65362.tiff | 7.486 | 8.622 | 1.136 | 0.0330
65813.tiff | 40.826 | 42.792 | 1.967 | 0.0330
66093.tiff | 62.221 | 63.179 | 0.957 | 0.0330
69078.tiff | 23.426 | 21.219 | 2.207 | 0.0330
76150.tiff | 32.369 | 59.512 | 27.143 | 0.0330
68146.tiff | 53.982 | 58.661 | 4.679 | 0.0330
75374.tiff | 28.279 | 32.096 | 3.817 | 0.0330
76234.tiff | 34.206 | 25.207 | 8.998 | 0.0330
70479.tiff | 19.292 | 21.250 | 1.958 | 0.0330
72537.tiff | 4.365 | 5.395 | 1.030 | 0.0330
73107.tiff | 42.834 | 43.623 | 0.789 | 0.0330
74858.tiff | 27.199 | 34.096 | 6.897 | 0.0330
66036.tiff | 57.785 | 58.705 | 0.920 | 0.0330
71912.tiff | 22.782 | 26.479 | 3.696 | 0.0330
66415.tiff | 42.850 | 45.504 | 2.654 | 0.0330
65541.tiff | 20.250 | 20.146 | 0.104 | 0.0330
74080.tiff | 30.562 | 27.864 | 2.698 | 0.0330
75763.tiff | 1.988 | 3.903 | 1.915 | 0.0330
73979.tiff | 22.803 | 20.242 | 2.561 | 0.0330
66147.tiff | 64.193 | 64.682 | 0.489 | 0.0330
70567.tiff | 12.062 | 13.301 | 1.239 | 0.0330
75211.tiff | 41.237 | 43.036 | 1.799 | 0.0330
65755.tiff | 36.406 | 37.809 | 1.402 | 0.0330
73519.tiff | 12.940 | 13.902 | 0.962 | 0.0330
72932.tiff | 28.377 | 28.442 | 0.065 | 0.0330
70585.tiff | 10.534 | 11.751 | 1.217 | 0.0330
68686.tiff | 9.369 | 8.879 | 0.490 | 0.0330
75045.tiff | 41.425 | 42.997 | 1.572 | 0.0330
70962.tiff | 22.400 | 22.106 | 0.293 | 0.0330
75767.tiff | 2.323 | 3.751 | 1.428 | 0.0330
68131.tiff | 55.044 | 59.485 | 4.441 | 0.0330
67958.tiff | 41.899 | 47.245 | 5.346 | 0.0330
71588.tiff | 0.980 | 4.423 | 3.443 | 0.0330
75815.tiff | 6.048 | 3.451 | 2.597 | 0.0330
70112.tiff | 47.008 | 47.548 | 0.540 | 0.0330
74457.tiff | 5.984 | 3.548 | 2.436 | 0.0330
65101.tiff | 5.577 | 8.173 | 2.596 | 0.0330
67609.tiff | 14.847 | 19.364 | 4.517 | 0.0330
69343.tiff | 11.287 | 11.027 | 0.260 | 0.0330
73827.tiff | 11.138 | 9.534 | 1.604 | 0.0330
73795.tiff | 8.679 | 7.183 | 1.497 | 0.0330
74587.tiff | 4.827 | 9.535 | 4.708 | 0.0330
71914.tiff | 22.911 | 26.606 | 3.695 | 0.0330
68856.tiff | 4.798 | 7.243 | 2.445 | 0.0330
71523.tiff | 6.027 | 8.602 | 2.575 | 0.0330
70624.tiff | 7.294 | 8.450 | 1.156 | 0.0330
75449.tiff | 22.220 | 25.417 | 3.198 | 0.0330
65602.tiff | 24.829 | 24.619 | 0.210 | 0.0330
68956.tiff | 12.895 | 15.667 | 2.772 | 0.0330
75087.tiff | 44.881 | 44.554 | 0.327 | 0.0330
71910.tiff | 22.574 | 26.309 | 3.735 | 0.0330
72140.tiff | 37.361 | 40.899 | 3.537 | 0.0330
70071.tiff | 43.884 | 44.433 | 0.550 | 0.0330
72909.tiff | 26.443 | 26.263 | 0.179 | 0.0330
71052.tiff | 29.778 | 29.150 | 0.628 | 0.0330
66045.tiff | 58.482 | 59.312 | 0.830 | 0.0330
73774.tiff | 7.073 | 5.754 | 1.319 | 0.0330
66558.tiff | 30.890 | 30.540 | 0.350 | 0.0330
70013.tiff | 39.412 | 39.887 | 0.475 | 0.0330
66488.tiff | 36.676 | 38.001 | 1.325 | 0.0330
75469.tiff | 20.686 | 23.903 | 3.217 | 0.0330
73998.tiff | 24.263 | 21.674 | 2.589 | 0.0330
65181.tiff | 6.590 | 5.323 | 1.267 | 0.0330
75394.tiff | 26.687 | 30.068 | 3.380 | 0.0330
71483.tiff | 9.134 | 11.334 | 2.200 | 0.0330
67116.tiff | 19.107 | 16.694 | 2.413 | 0.0330
66700.tiff | 18.886 | 17.780 | 1.105 | 0.0330
66380.tiff | 45.469 | 48.104 | 2.635 | 0.0330
68942.tiff | 12.015 | 15.028 | 3.013 | 0.0330
67405.tiff | 0.203 | 3.896 | 3.693 | 0.0330
66396.tiff | 44.416 | 47.176 | 2.759 | 0.0330
75798.tiff | 4.705 | 3.240 | 1.465 | 0.0330
65619.tiff | 26.114 | 25.778 | 0.336 | 0.0330
69195.tiff | 22.679 | 20.767 | 1.913 | 0.0330
76135.tiff | 31.573 | 31.103 | 0.470 | 0.0330
68397.tiff | 33.535 | 35.581 | 2.047 | 0.0330
66601.tiff | 27.267 | 25.949 | 1.318 | 0.0330
75977.tiff | 18.553 | 12.328 | 6.226 | 0.0330
72628.tiff | 3.168 | 4.066 | 0.897 | 0.0330
66616.tiff | 26.017 | 24.504 | 1.513 | 0.0330
72572.tiff | 1.513 | 3.686 | 2.173 | 0.0330
65439.tiff | 12.464 | 13.263 | 0.798 | 0.0330
75514.tiff | 17.165 | 20.688 | 3.523 | 0.0330
67084.tiff | 16.372 | 14.288 | 2.083 | 0.0330
75221.tiff | 40.526 | 42.922 | 2.397 | 0.0330
72634.tiff | 3.674 | 4.301 | 0.626 | 0.0330
71226.tiff | 28.829 | 28.984 | 0.155 | 0.0330
73804.tiff | 9.378 | 7.866 | 1.511 | 0.0330
73062.tiff | 39.149 | 40.163 | 1.014 | 0.0330
71347.tiff | 19.610 | 20.835 | 1.225 | 0.0330
75816.tiff | 6.113 | 3.506 | 2.607 | 0.0330
73829.tiff | 11.270 | 9.779 | 1.491 | 0.0330
73459.tiff | 17.680 | 17.950 | 0.270 | 0.0330
69908.tiff | 31.316 | 32.072 | 0.756 | 0.0330
67546.tiff | 11.086 | 12.322 | 1.236 | 0.0330
72307.tiff | 23.539 | 25.752 | 2.213 | 0.0330
74419.tiff | 9.154 | 5.521 | 3.634 | 0.0330
75740.tiff | 0.239 | 4.912 | 4.673 | 0.0330
66919.tiff | 2.468 | 3.432 | 0.963 | 0.0330
74415.tiff | 9.466 | 5.762 | 3.704 | 0.0330
73544.tiff | 11.049 | 12.525 | 1.476 | 0.0330
73077.tiff | 40.429 | 41.559 | 1.131 | 0.0330
71904.tiff | 22.135 | 25.921 | 3.787 | 0.0330
69885.tiff | 29.483 | 29.818 | 0.335 | 0.0330
68610.tiff | 15.676 | 15.002 | 0.674 | 0.0330
73096.tiff | 42.071 | 42.536 | 0.466 | 0.0330
67055.tiff | 13.951 | 12.410 | 1.540 | 0.0330
75960.tiff | 17.187 | 11.026 | 6.160 | 0.0330
75418.tiff | 25.394 | 28.529 | 3.135 | 0.0330
67363.tiff | 2.996 | 3.823 | 0.827 | 0.0330
68015.tiff | 46.193 | 51.475 | 5.283 | 0.0330
68287.tiff | 42.147 | 46.756 | 4.609 | 0.0330
67226.tiff | 13.479 | 12.532 | 0.947 | 0.0330
75848.tiff | 8.632 | 4.508 | 4.124 | 0.0330
74222.tiff | 26.246 | 22.539 | 3.707 | 0.0330
66127.tiff | 64.797 | 65.340 | 0.543 | 0.0330
69808.tiff | 23.637 | 23.332 | 0.305 | 0.0330
70897.tiff | 16.944 | 17.077 | 0.133 | 0.0330
73604.tiff | 6.065 | 7.485 | 1.420 | 0.0330
67442.tiff | 3.062 | 5.108 | 2.046 | 0.0330
67445.tiff | 3.305 | 5.332 | 2.027 | 0.0330
72360.tiff | 19.094 | 21.006 | 1.912 | 0.0330
68945.tiff | 12.212 | 15.171 | 2.959 | 0.0330
66323.tiff | 50.201 | 52.281 | 2.081 | 0.0330
66604.tiff | 27.048 | 25.676 | 1.372 | 0.0330
72071.tiff | 33.928 | 37.617 | 3.689 | 0.0330
73823.tiff | 10.826 | 9.271 | 1.555 | 0.0330
74765.tiff | 19.506 | 24.140 | 4.633 | 0.0330
74213.tiff | 26.965 | 23.595 | 3.369 | 0.0330
73338.tiff | 27.568 | 32.132 | 4.565 | 0.0330
71500.tiff | 7.841 | 10.315 | 2.475 | 0.0330
70644.tiff | 5.563 | 6.991 | 1.428 | 0.0330
75484.tiff | 19.521 | 22.829 | 3.308 | 0.0330
73482.tiff | 15.852 | 16.537 | 0.685 | 0.0330
67291.tiff | 8.485 | 7.872 | 0.613 | 0.0330
75573.tiff | 12.634 | 16.247 | 3.613 | 0.0330
72602.tiff | 1.014 | 3.419 | 2.405 | 0.0330
74692.tiff | 13.527 | 18.333 | 4.806 | 0.0330
66508.tiff | 35.065 | 36.075 | 1.010 | 0.0330
73092.tiff | 41.687 | 42.466 | 0.779 | 0.0330
66560.tiff | 30.715 | 30.118 | 0.597 | 0.0331
73362.tiff | 25.068 | 24.302 | 0.766 | 0.0330
71000.tiff | 25.547 | 25.006 | 0.541 | 0.0330
73950.tiff | 20.544 | 18.196 | 2.349 | 0.0330
69105.tiff | 25.697 | 23.071 | 2.626 | 0.0330
74229.tiff | 25.640 | 21.982 | 3.658 | 0.0330
69421.tiff | 5.342 | 5.386 | 0.043 | 0.0330
66837.tiff | 7.361 | 6.625 | 0.736 | 0.0330
70031.tiff | 40.773 | 41.053 | 0.279 | 0.0330
74676.tiff | 12.201 | 16.995 | 4.795 | 0.0330
65982.tiff | 53.648 | 54.629 | 0.981 | 0.0330
74471.tiff | 4.830 | 3.231 | 1.599 | 0.0330
66355.tiff | 47.505 | 49.971 | 2.466 | 0.0330
67871.tiff | 35.259 | 41.517 | 6.257 | 0.0330
65046.tiff | 0.885 | 4.078 | 3.193 | 0.0330
67543.tiff | 10.813 | 11.794 | 0.980 | 0.0330
65105.tiff | 5.883 | 8.264 | 2.381 | 0.0330
70829.tiff | 11.235 | 11.379 | 0.144 | 0.0330
65749.tiff | 35.950 | 37.110 | 1.160 | 0.0330
71830.tiff | 16.110 | 19.757 | 3.646 | 0.0330
69029.tiff | 19.440 | 17.555 | 1.885 | 0.0330
76164.tiff | 32.006 | 69.017 | 37.011 | 0.0330
74981.tiff | 37.438 | 43.144 | 5.706 | 0.0330
72170.tiff | 34.868 | 38.089 | 3.221 | 0.0330
72750.tiff | 13.305 | 13.455 | 0.150 | 0.0330
70973.tiff | 23.275 | 22.794 | 0.480 | 0.0330
69963.tiff | 35.527 | 36.389 | 0.861 | 0.0330
65536.tiff | 19.846 | 19.863 | 0.017 | 0.0330
74549.tiff | 1.699 | 6.434 | 4.735 | 0.0330
75110.tiff | 46.739 | 45.419 | 1.320 | 0.0330
71642.tiff | 3.211 | 3.499 | 0.287 | 0.0330
72117.tiff | 37.456 | 41.024 | 3.567 | 0.0330
67252.tiff | 11.438 | 10.640 | 0.798 | 0.0330
66026.tiff | 57.026 | 57.861 | 0.835 | 0.0330
68722.tiff | 6.331 | 6.120 | 0.211 | 0.0330
69935.tiff | 33.388 | 34.756 | 1.368 | 0.0330
71320.tiff | 21.641 | 22.519 | 0.879 | 0.0330
73631.tiff | 4.072 | 5.656 | 1.584 | 0.0330
70139.tiff | 47.712 | 48.018 | 0.306 | 0.0330
69300.tiff | 14.581 | 14.129 | 0.452 | 0.0330
68398.tiff | 33.448 | 35.548 | 2.100 | 0.0330
65314.tiff | 3.820 | 5.136 | 1.315 | 0.0330
70172.tiff | 44.925 | 45.113 | 0.188 | 0.0330
70983.tiff | 24.103 | 23.612 | 0.491 | 0.0330
70091.tiff | 45.402 | 46.128 | 0.726 | 0.0330
75902.tiff | 12.712 | 7.275 | 5.436 | 0.0330
71349.tiff | 19.448 | 20.587 | 1.139 | 0.0330
65665.tiff | 29.552 | 29.005 | 0.546 | 0.0330
68818.tiff | 1.585 | 4.643 | 3.058 | 0.0330
70293.tiff | 34.380 | 38.295 | 3.915 | 0.0330
67890.tiff | 36.691 | 43.055 | 6.364 | 0.0330
72101.tiff | 36.235 | 39.755 | 3.520 | 0.0330
69639.tiff | 10.700 | 10.826 | 0.126 | 0.0330
67971.tiff | 42.899 | 48.068 | 5.169 | 0.0330
75509.tiff | 17.573 | 21.228 | 3.654 | 0.0330
70580.tiff | 10.952 | 12.308 | 1.356 | 0.0330
69706.tiff | 15.867 | 15.449 | 0.418 | 0.0330
70153.tiff | 46.518 | 46.791 | 0.273 | 0.0330
75860.tiff | 9.530 | 5.040 | 4.490 | 0.0330
73741.tiff | 4.478 | 3.968 | 0.510 | 0.0330
69773.tiff | 20.911 | 20.712 | 0.198 | 0.0330
65676.tiff | 30.436 | 30.440 | 0.004 | 0.0330
69376.tiff | 8.833 | 8.451 | 0.382 | 0.0330
73370.tiff | 24.513 | 23.758 | 0.755 | 0.0330
69823.tiff | 24.752 | 24.529 | 0.223 | 0.0330
68839.tiff | 3.374 | 5.880 | 2.505 | 0.0330
74223.tiff | 26.142 | 22.476 | 3.667 | 0.0330
73514.tiff | 13.373 | 14.445 | 1.072 | 0.0330
70212.tiff | 41.724 | 41.467 | 0.257 | 0.0330
74001.tiff | 24.471 | 21.747 | 2.724 | 0.0330
68036.tiff | 47.837 | 53.253 | 5.416 | 0.0330
66963.tiff | 6.194 | 4.574 | 1.620 | 0.0330
66841.tiff | 7.183 | 6.594 | 0.588 | 0.0330
70398.tiff | 25.599 | 27.979 | 2.380 | 0.0330
68674.tiff | 10.302 | 9.608 | 0.694 | 0.0330
76179.tiff | 31.993 | 69.164 | 37.171 | 0.0330
74748.tiff | 18.138 | 22.971 | 4.832 | 0.0330
74322.tiff | 17.931 | 14.228 | 3.702 | 0.0330
76278.tiff | 37.661 | 36.951 | 0.710 | 0.0330
68321.tiff | 39.812 | 42.600 | 2.788 | 0.0330
71238.tiff | 27.957 | 28.203 | 0.247 | 0.0330
74430.tiff | 8.242 | 4.799 | 3.443 | 0.0330
69041.tiff | 20.400 | 18.223 | 2.176 | 0.0330
69221.tiff | 20.659 | 19.121 | 1.538 | 0.0330
70831.tiff | 11.447 | 11.637 | 0.190 | 0.0330
73270.tiff | 34.781 | 36.753 | 1.972 | 0.0330
71108.tiff | 34.588 | 35.235 | 0.647 | 0.0330
73605.tiff | 6.075 | 7.416 | 1.341 | 0.0330
65412.tiff | 10.994 | 11.819 | 0.826 | 0.0330
65614.tiff | 25.765 | 25.292 | 0.473 | 0.0330
65848.tiff | 43.412 | 45.771 | 2.359 | 0.0330
69234.tiff | 19.684 | 18.295 | 1.389 | 0.0330
71680.tiff | 6.149 | 4.449 | 1.701 | 0.0330
66431.tiff | 41.516 | 44.343 | 2.827 | 0.0330
72279.tiff | 25.884 | 28.147 | 2.263 | 0.0330
75692.tiff | 3.407 | 7.649 | 4.242 | 0.0330
74158.tiff | 31.499 | 28.535 | 2.965 | 0.0330
72365.tiff | 18.658 | 20.530 | 1.872 | 0.0330
75993.tiff | 19.790 | 13.687 | 6.102 | 0.0330
70703.tiff | 0.623 | 3.725 | 3.103 | 0.0330
75619.tiff | 9.080 | 13.252 | 4.171 | 0.0330
71163.tiff | 33.725 | 34.719 | 0.994 | 0.0330
69442.tiff | 3.812 | 4.475 | 0.663 | 0.0330
66418.tiff | 42.577 | 45.191 | 2.614 | 0.0330
70299.tiff | 33.939 | 38.010 | 4.071 | 0.0330
68678.tiff | 9.997 | 9.462 | 0.535 | 0.0330
71115.tiff | 35.104 | 36.589 | 1.485 | 0.0330
65605.tiff | 25.041 | 24.567 | 0.474 | 0.0330
66273.tiff | 53.581 | 53.419 | 0.162 | 0.0330
73433.tiff | 19.692 | 19.768 | 0.076 | 0.0330
75273.tiff | 36.447 | 40.439 | 3.992 | 0.0330
71536.tiff | 5.013 | 7.609 | 2.596 | 0.0330
69263.tiff | 17.443 | 16.487 | 0.955 | 0.0330
67312.tiff | 6.903 | 6.179 | 0.724 | 0.0330
73626.tiff | 4.360 | 5.939 | 1.579 | 0.0330
65248.tiff | 1.189 | 2.654 | 1.465 | 0.0330
75128.tiff | 47.727 | 45.935 | 1.792 | 0.0330
67901.tiff | 37.566 | 43.836 | 6.269 | 0.0330
66983.tiff | 7.899 | 6.084 | 1.815 | 0.0330
74298.tiff | 19.920 | 16.042 | 3.878 | 0.0330
71844.tiff | 17.200 | 21.135 | 3.934 | 0.0330
65200.tiff | 5.142 | 4.259 | 0.882 | 0.0330
76094.tiff | 27.704 | 21.001 | 6.703 | 0.0330
65486.tiff | 16.001 | 16.365 | 0.364 | 0.0330
67880.tiff | 35.930 | 42.370 | 6.440 | 0.0330
74179.tiff | 29.812 | 26.687 | 3.125 | 0.0330
72776.tiff | 15.462 | 15.656 | 0.193 | 0.0330
69895.tiff | 30.299 | 30.898 | 0.598 | 0.0330
67824.tiff | 31.674 | 37.934 | 6.261 | 0.0330
65456.tiff | 13.730 | 14.385 | 0.655 | 0.0330
76076.tiff | 26.252 | 19.635 | 6.617 | 0.0330
74988.tiff | 38.046 | 43.261 | 5.215 | 0.0330
68246.tiff | 45.536 | 50.010 | 4.474 | 0.0330
65358.tiff | 7.215 | 8.438 | 1.223 | 0.0330
66722.tiff | 17.088 | 15.965 | 1.123 | 0.0330
72075.tiff | 34.173 | 37.736 | 3.563 | 0.0330
68750.tiff | 4.039 | 4.428 | 0.390 | 0.0330
71686.tiff | 6.555 | 4.705 | 1.850 | 0.0330
69771.tiff | 20.817 | 20.596 | 0.221 | 0.0330
74244.tiff | 24.408 | 20.960 | 3.447 | 0.0330
67795.tiff | 29.407 | 35.195 | 5.788 | 0.0330
70628.tiff | 6.916 | 8.108 | 1.192 | 0.0330
72380.tiff | 17.428 | 19.271 | 1.843 | 0.0330
72441.tiff | 12.338 | 13.870 | 1.532 | 0.0330
65525.tiff | 18.966 | 19.242 | 0.276 | 0.0330
65863.tiff | 44.571 | 46.811 | 2.240 | 0.0330
67095.tiff | 17.371 | 15.038 | 2.332 | 0.0330
65948.tiff | 51.072 | 52.268 | 1.196 | 0.0330
69036.tiff | 19.979 | 17.965 | 2.014 | 0.0330
66445.tiff | 40.336 | 42.563 | 2.227 | 0.0330
73975.tiff | 22.470 | 19.875 | 2.595 | 0.0330
66281.tiff | 54.410 | 52.256 | 2.155 | 0.0330
75633.tiff | 7.986 | 12.274 | 4.288 | 0.0330
65123.tiff | 7.381 | 9.342 | 1.961 | 0.0330
74922.tiff | 32.540 | 39.876 | 7.336 | 0.0330
69573.tiff | 5.658 | 6.441 | 0.783 | 0.0330
70101.tiff | 46.235 | 46.719 | 0.484 | 0.0330
68985.tiff | 15.849 | 14.477 | 1.372 | 0.0330
74335.tiff | 16.835 | 13.138 | 3.697 | 0.0330
69510.tiff | 1.444 | 4.135 | 2.691 | 0.0330
67303.tiff | 7.580 | 6.991 | 0.589 | 0.0330
70999.tiff | 25.444 | 24.909 | 0.536 | 0.0330
75206.tiff | 41.642 | 43.451 | 1.809 | 0.0330
73516.tiff | 13.174 | 14.169 | 0.995 | 0.0330
67005.tiff | 9.724 | 7.941 | 1.783 | 0.0330
71096.tiff | 33.544 | 34.089 | 0.545 | 0.0330
74849.tiff | 26.473 | 33.158 | 6.685 | 0.0330
66006.tiff | 55.488 | 56.344 | 0.856 | 0.0330
68461.tiff | 28.183 | 28.458 | 0.275 | 0.0330
68860.tiff | 5.124 | 7.524 | 2.401 | 0.0330
73075.tiff | 40.309 | 41.576 | 1.266 | 0.0330
75461.tiff | 21.334 | 24.651 | 3.317 | 0.0330
68056.tiff | 49.366 | 55.047 | 5.680 | 0.0330
67886.tiff | 36.421 | 42.841 | 6.420 | 0.0330
68567.tiff | 19.250 | 18.593 | 0.657 | 0.0330
76099.tiff | 28.018 | 21.529 | 6.489 | 0.0330
67133.tiff | 20.536 | 17.945 | 2.592 | 0.0330
71850.tiff | 17.684 | 21.552 | 3.868 | 0.0330
73622.tiff | 4.729 | 6.058 | 1.329 | 0.0330
75846.tiff | 8.471 | 4.343 | 4.129 | 0.0330
74403.tiff | 10.457 | 6.682 | 3.775 | 0.0330
67058.tiff | 14.270 | 12.638 | 1.632 | 0.0330
71743.tiff | 9.410 | 13.427 | 4.017 | 0.0330
65189.tiff | 5.941 | 4.851 | 1.090 | 0.0330
65230.tiff | 2.579 | 2.856 | 0.277 | 0.0330
70462.tiff | 20.657 | 22.537 | 1.881 | 0.0330
72343.tiff | 20.505 | 22.537 | 2.032 | 0.0330
75330.tiff | 31.696 | 36.013 | 4.317 | 0.0330
72665.tiff | 6.277 | 6.427 | 0.150 | 0.0330
73314.tiff | 31.345 | 33.718 | 2.373 | 0.0330
68008.tiff | 45.773 | 50.975 | 5.202 | 0.0330
75135.tiff | 47.265 | 45.679 | 1.586 | 0.0330
74467.tiff | 5.142 | 3.397 | 1.744 | 0.0330
74469.tiff | 4.947 | 3.305 | 1.642 | 0.0330
65210.tiff | 4.410 | 3.600 | 0.810 | 0.0330
71503.tiff | 7.590 | 9.926 | 2.336 | 0.0330
67751.tiff | 26.060 | 30.689 | 4.629 | 0.0330
70596.tiff | 9.596 | 10.881 | 1.285 | 0.0330
70082.tiff | 44.700 | 45.225 | 0.525 | 0.0330
72392.tiff | 16.413 | 17.874 | 1.461 | 0.0330
71927.tiff | 23.932 | 27.642 | 3.709 | 0.0330
65281.tiff | 1.353 | 3.387 | 2.034 | 0.0330
67945.tiff | 40.873 | 46.544 | 5.670 | 0.0330
71323.tiff | 21.455 | 22.396 | 0.941 | 0.0330
74369.tiff | 13.265 | 9.772 | 3.493 | 0.0330
67719.tiff | 23.579 | 28.078 | 4.499 | 0.0330
74464.tiff | 5.361 | 3.434 | 1.926 | 0.0330
71107.tiff | 34.522 | 35.283 | 0.761 | 0.0330
69964.tiff | 35.619 | 36.565 | 0.946 | 0.0330
66729.tiff | 16.489 | 15.219 | 1.270 | 0.0330
70345.tiff | 30.043 | 33.741 | 3.698 | 0.0330
65338.tiff | 5.663 | 6.651 | 0.989 | 0.0330
71386.tiff | 16.630 | 18.210 | 1.580 | 0.0330
72204.tiff | 32.021 | 34.908 | 2.888 | 0.0330
67651.tiff | 18.048 | 22.401 | 4.352 | 0.0330
69072.tiff | 22.957 | 20.507 | 2.450 | 0.0330
74639.tiff | 9.150 | 13.959 | 4.809 | 0.0330
75923.tiff | 14.372 | 8.762 | 5.609 | 0.0330
71518.tiff | 6.435 | 8.878 | 2.443 | 0.0330
69054.tiff | 21.503 | 19.193 | 2.310 | 0.0330
70121.tiff | 47.728 | 47.987 | 0.259 | 0.0330
74317.tiff | 18.339 | 14.669 | 3.670 | 0.0330
68483.tiff | 26.256 | 26.151 | 0.105 | 0.0330
66227.tiff | 57.474 | 57.721 | 0.247 | 0.0330
70092.tiff | 45.510 | 46.182 | 0.671 | 0.0330
70523.tiff | 15.612 | 16.765 | 1.153 | 0.0330
67145.tiff | 19.627 | 17.089 | 2.538 | 0.0330
75082.tiff | 44.498 | 44.597 | 0.100 | 0.0330
74929.tiff | 33.046 | 40.248 | 7.202 | 0.0330
70341.tiff | 30.452 | 34.122 | 3.671 | 0.0330
67112.tiff | 18.757 | 16.590 | 2.167 | 0.0330
72803.tiff | 17.724 | 17.655 | 0.069 | 0.0330
72177.tiff | 34.298 | 37.708 | 3.410 | 0.0330
69609.tiff | 8.417 | 8.895 | 0.479 | 0.0330
69342.tiff | 11.413 | 11.151 | 0.263 | 0.0330
68111.tiff | 53.559 | 58.408 | 4.848 | 0.0330
70283.tiff | 35.178 | 38.846 | 3.668 | 0.0330
66018.tiff | 56.419 | 57.337 | 0.917 | 0.0330
71554.tiff | 3.650 | 6.350 | 2.700 | 0.0330
65182.tiff | 6.521 | 5.581 | 0.940 | 0.0330
71424.tiff | 13.619 | 15.640 | 2.022 | 0.0330
68648.tiff | 12.531 | 11.917 | 0.614 | 0.0330
66929.tiff | 3.367 | 3.363 | 0.004 | 0.0330
75716.tiff | 1.623 | 6.355 | 4.731 | 0.0330
65351.tiff | 6.624 | 7.768 | 1.143 | 0.0330
69314.tiff | 13.526 | 13.287 | 0.239 | 0.0330
67202.tiff | 15.357 | 14.081 | 1.277 | 0.0330
70364.tiff | 28.485 | 31.908 | 3.423 | 0.0330
66935.tiff | 3.850 | 3.539 | 0.312 | 0.0330
75567.tiff | 13.096 | 16.781 | 3.685 | 0.0330
74723.tiff | 16.039 | 21.020 | 4.981 | 0.0330
73521.tiff | 12.919 | 13.973 | 1.053 | 0.0330
74795.tiff | 22.030 | 26.740 | 4.710 | 0.0330
71534.tiff | 5.231 | 7.944 | 2.713 | 0.0330
70157.tiff | 46.269 | 46.555 | 0.286 | 0.0330
71452.tiff | 11.528 | 13.712 | 2.184 | 0.0330
65565.tiff | 22.093 | 21.955 | 0.138 | 0.0330
66583.tiff | 28.784 | 27.946 | 0.839 | 0.0330
74513.tiff | 1.281 | 4.204 | 2.923 | 0.0330
70665.tiff | 3.808 | 5.454 | 1.646 | 0.0330
67176.tiff | 17.275 | 15.452 | 1.822 | 0.0330
74070.tiff | 29.760 | 26.595 | 3.165 | 0.0330
67541.tiff | 10.671 | 11.756 | 1.085 | 0.0330
75239.tiff | 39.069 | 42.344 | 3.274 | 0.0330
68934.tiff | 11.337 | 14.301 | 2.965 | 0.0330
72954.tiff | 30.221 | 30.778 | 0.557 | 0.0330
70093.tiff | 45.592 | 46.085 | 0.493 | 0.0330
75944.tiff | 16.043 | 10.178 | 5.864 | 0.0330
67708.tiff | 22.772 | 27.018 | 4.246 | 0.0330
68373.tiff | 35.529 | 38.101 | 2.572 | 0.0330
76160.tiff | 32.010 | 69.061 | 37.051 | 0.0330
67229.tiff | 13.273 | 12.117 | 1.155 | 0.0330
66116.tiff | 63.927 | 64.730 | 0.803 | 0.0330
70114.tiff | 47.176 | 47.633 | 0.456 | 0.0330
69192.tiff | 22.888 | 20.809 | 2.078 | 0.0330
74052.tiff | 28.420 | 25.637 | 2.782 | 0.0330
68536.tiff | 21.805 | 21.440 | 0.366 | 0.0330
74160.tiff | 31.314 | 28.083 | 3.231 | 0.0330
74389.tiff | 11.568 | 7.896 | 3.673 | 0.0330
75571.tiff | 12.737 | 16.791 | 4.054 | 0.0330
76242.tiff | 34.052 | 24.958 | 9.094 | 0.0330
68740.tiff | 4.873 | 4.895 | 0.021 | 0.0330
69354.tiff | 10.450 | 10.132 | 0.319 | 0.0330
73856.tiff | 13.345 | 11.750 | 1.595 | 0.0330
68430.tiff | 30.739 | 31.979 | 1.240 | 0.0330
65822.tiff | 41.423 | 43.531 | 2.108 | 0.0330
67064.tiff | 14.727 | 12.977 | 1.750 | 0.0330
67273.tiff | 9.865 | 9.029 | 0.836 | 0.0330
75194.tiff | 42.563 | 43.836 | 1.272 | 0.0330
65082.tiff | 4.050 | 6.689 | 2.639 | 0.0330
66324.tiff | 50.122 | 52.189 | 2.067 | 0.0330
76128.tiff | 30.104 | 25.512 | 4.592 | 0.0330
68707.tiff | 7.576 | 7.236 | 0.340 | 0.0330
70182.tiff | 44.198 | 44.346 | 0.148 | 0.0330
66615.tiff | 26.094 | 24.842 | 1.252 | 0.0330
67698.tiff | 21.994 | 26.185 | 4.191 | 0.0330
65832.tiff | 42.230 | 44.636 | 2.406 | 0.0330
74661.tiff | 10.983 | 15.805 | 4.822 | 0.0330
68827.tiff | 2.375 | 5.177 | 2.802 | 0.0330
75547.tiff | 14.692 | 18.545 | 3.852 | 0.0330
71607.tiff | 0.516 | 3.812 | 3.296 | 0.0330
67421.tiff | 1.468 | 4.278 | 2.810 | 0.0330
72874.tiff | 23.570 | 23.259 | 0.311 | 0.0330
69618.tiff | 9.138 | 9.464 | 0.326 | 0.0330
67834.tiff | 32.398 | 38.526 | 6.127 | 0.0330
71821.tiff | 15.404 | 19.118 | 3.714 | 0.0330
75508.tiff | 17.641 | 21.156 | 3.515 | 0.0330
71940.tiff | 24.874 | 28.323 | 3.449 | 0.0330
66650.tiff | 23.136 | 21.777 | 1.359 | 0.0330
70611.tiff | 8.347 | 9.539 | 1.192 | 0.0330
70621.tiff | 7.533 | 8.631 | 1.098 | 0.0330
66076.tiff | 60.876 | 61.607 | 0.731 | 0.0330
65049.tiff | 1.157 | 4.250 | 3.093 | 0.0330
70799.tiff | 8.701 | 8.661 | 0.041 | 0.0330
69795.tiff | 22.621 | 22.416 | 0.204 | 0.0330
73025.tiff | 36.099 | 37.309 | 1.210 | 0.0330
73398.tiff | 22.323 | 22.048 | 0.276 | 0.0330
75370.tiff | 28.616 | 32.290 | 3.674 | 0.0330
71718.tiff | 9.082 | 6.431 | 2.651 | 0.0330
71650.tiff | 3.869 | 3.624 | 0.245 | 0.0330
73511.tiff | 13.596 | 14.460 | 0.864 | 0.0330
73184.tiff | 41.407 | 43.133 | 1.726 | 0.0330
67690.tiff | 21.071 | 25.372 | 4.301 | 0.0330
70004.tiff | 38.667 | 39.156 | 0.489 | 0.0330
72500.tiff | 7.436 | 8.473 | 1.038 | 0.0330
65750.tiff | 36.035 | 37.458 | 1.423 | 0.0330
74249.tiff | 23.986 | 20.237 | 3.749 | 0.0330
70560.tiff | 12.575 | 13.780 | 1.206 | 0.0330
69468.tiff | 1.801 | 3.776 | 1.974 | 0.0330
67374.tiff | 2.155 | 3.654 | 1.500 | 0.0330
67443.tiff | 3.133 | 5.145 | 2.012 | 0.0330
71012.tiff | 26.543 | 25.973 | 0.571 | 0.0330
68729.tiff | 5.702 | 5.501 | 0.202 | 0.0330
71456.tiff | 11.173 | 13.279 | 2.106 | 0.0330
67759.tiff | 26.652 | 31.770 | 5.119 | 0.0330
69059.tiff | 21.890 | 19.612 | 2.277 | 0.0330
69344.tiff | 11.274 | 11.001 | 0.272 | 0.0330
72108.tiff | 36.787 | 40.382 | 3.595 | 0.0330
74456.tiff | 6.216 | 3.671 | 2.544 | 0.0330
74346.tiff | 15.948 | 12.257 | 3.691 | 0.0330
74234.tiff | 25.230 | 21.382 | 3.848 | 0.0330
75222.tiff | 40.402 | 42.813 | 2.411 | 0.0330
70957.tiff | 21.917 | 21.547 | 0.370 | 0.0330
69709.tiff | 16.119 | 15.862 | 0.257 | 0.0330
68881.tiff | 6.883 | 9.460 | 2.578 | 0.0330
71803.tiff | 14.063 | 17.758 | 3.694 | 0.0330
70260.tiff | 37.131 | 41.041 | 3.909 | 0.0330
75888.tiff | 11.687 | 6.714 | 4.973 | 0.0330
71162.tiff | 33.793 | 34.795 | 1.001 | 0.0330
68659.tiff | 11.557 | 11.107 | 0.451 | 0.0330
75377.tiff | 28.067 | 31.747 | 3.679 | 0.0330
74574.tiff | 3.751 | 8.502 | 4.752 | 0.0330
68651.tiff | 12.265 | 11.738 | 0.526 | 0.0330
71465.tiff | 10.451 | 12.723 | 2.271 | 0.0330
66140.tiff | 64.769 | 65.407 | 0.638 | 0.0330
68946.tiff | 12.389 | 15.222 | 2.833 | 0.0330
73940.tiff | 19.806 | 17.384 | 2.422 | 0.0330
67232.tiff | 13.049 | 11.909 | 1.140 | 0.0330
67165.tiff | 18.139 | 16.231 | 1.908 | 0.0330
67887.tiff | 36.450 | 42.780 | 6.330 | 0.0330
69478.tiff | 1.059 | 3.615 | 2.556 | 0.0330
76258.tiff | 36.444 | 24.827 | 11.617 | 0.0330
67778.tiff | 28.136 | 33.642 | 5.506 | 0.0330
73471.tiff | 16.698 | 16.875 | 0.178 | 0.0330
73830.tiff | 11.380 | 9.703 | 1.677 | 0.0330
73742.tiff | 4.584 | 4.052 | 0.532 | 0.0330
66571.tiff | 29.773 | 28.932 | 0.842 | 0.0330
65173.tiff | 7.163 | 5.863 | 1.300 | 0.0330
65640.tiff | 27.727 | 27.095 | 0.631 | 0.0330
69338.tiff | 11.679 | 11.448 | 0.231 | 0.0330
72621.tiff | 2.605 | 3.860 | 1.255 | 0.0330
67088.tiff | 16.783 | 14.795 | 1.987 | 0.0330
68129.tiff | 54.901 | 59.219 | 4.318 | 0.0330
67401.tiff | 0.069 | 3.791 | 3.722 | 0.0330
70849.tiff | 12.894 | 12.964 | 0.070 | 0.0330
66144.tiff | 64.434 | 65.145 | 0.711 | 0.0330
73098.tiff | 42.180 | 43.102 | 0.922 | 0.0330
70080.tiff | 44.620 | 45.148 | 0.528 | 0.0330
71309.tiff | 22.514 | 23.403 | 0.890 | 0.0330
74510.tiff | 1.580 | 4.029 | 2.450 | 0.0330
72609.tiff | 1.652 | 3.538 | 1.886 | 0.0330
66833.tiff | 7.767 | 6.889 | 0.879 | 0.0330
73065.tiff | 39.448 | 40.613 | 1.166 | 0.0330
75752.tiff | 1.114 | 4.281 | 3.167 | 0.0330
68687.tiff | 9.287 | 8.807 | 0.480 | 0.0330
73498.tiff | 14.638 | 15.462 | 0.824 | 0.0330
75324.tiff | 32.146 | 36.918 | 4.772 | 0.0330
74945.tiff | 34.395 | 41.304 | 6.909 | 0.0330
75756.tiff | 1.427 | 4.005 | 2.578 | 0.0330
69915.tiff | 31.849 | 32.720 | 0.872 | 0.0330
70285.tiff | 35.036 | 38.806 | 3.770 | 0.0330
72412.tiff | 14.706 | 16.256 | 1.550 | 0.0330
65835.tiff | 42.485 | 44.872 | 2.388 | 0.0330
67487.tiff | 6.508 | 7.837 | 1.328 | 0.0330
74652.tiff | 10.203 | 15.113 | 4.910 | 0.0330
72260.tiff | 27.415 | 29.993 | 2.578 | 0.0330
71449.tiff | 11.765 | 13.905 | 2.140 | 0.0330
74066.tiff | 29.447 | 26.442 | 3.005 | 0.0330
73768.tiff | 6.575 | 5.344 | 1.230 | 0.0330
70752.tiff | 3.475 | 4.408 | 0.933 | 0.0330
65820.tiff | 41.389 | 43.387 | 1.998 | 0.0330
65066.tiff | 2.571 | 5.422 | 2.851 | 0.0330
73929.tiff | 19.023 | 16.553 | 2.470 | 0.0330
68661.tiff | 11.406 | 10.869 | 0.537 | 0.0330
74637.tiff | 8.993 | 13.785 | 4.793 | 0.0330
74897.tiff | 30.484 | 38.058 | 7.573 | 0.0330
67025.tiff | 11.415 | 9.702 | 1.713 | 0.0330
73469.tiff | 16.864 | 17.350 | 0.486 | 0.0330
65355.tiff | 6.964 | 8.008 | 1.043 | 0.0330
70147.tiff | 47.049 | 47.439 | 0.390 | 0.0330
73535.tiff | 11.806 | 12.959 | 1.153 | 0.0330
69353.tiff | 11.055 | 10.275 | 0.780 | 0.0330
66809.tiff | 9.747 | 8.978 | 0.770 | 0.0330
73414.tiff | 21.184 | 20.881 | 0.303 | 0.0330
69719.tiff | 16.811 | 16.642 | 0.169 | 0.0330
70289.tiff | 34.738 | 38.700 | 3.961 | 0.0330
74177.tiff | 29.953 | 26.664 | 3.289 | 0.0330
70442.tiff | 22.294 | 24.335 | 2.041 | 0.0330
70525.tiff | 15.464 | 16.790 | 1.327 | 0.0330
69402.tiff | 6.826 | 6.661 | 0.165 | 0.0330
69258.tiff | 17.810 | 16.852 | 0.957 | 0.0330
65473.tiff | 15.052 | 15.459 | 0.406 | 0.0330
75156.tiff | 45.531 | 44.935 | 0.596 | 0.0330
68128.tiff | 54.823 | 59.273 | 4.450 | 0.0330
71419.tiff | 13.996 | 15.834 | 1.838 | 0.0330
71746.tiff | 9.622 | 13.681 | 4.059 | 0.0330
72607.tiff | 1.454 | 3.487 | 2.032 | 0.0330
69114.tiff | 26.437 | 23.719 | 2.719 | 0.0330
70107.tiff | 46.669 | 47.223 | 0.554 | 0.0330
74247.tiff | 24.138 | 20.635 | 3.503 | 0.0330
71619.tiff | 1.385 | 3.568 | 2.183 | 0.0330
69680.tiff | 13.838 | 13.797 | 0.041 | 0.0330
72415.tiff | 14.463 | 15.842 | 1.380 | 0.0330
70929.tiff | 19.631 | 19.532 | 0.099 | 0.0330
72677.tiff | 7.224 | 7.210 | 0.015 | 0.0330
67771.tiff | 27.595 | 33.147 | 5.552 | 0.0330
73119.tiff | 43.873 | 44.003 | 0.130 | 0.0330
74404.tiff | 10.369 | 6.719 | 3.650 | 0.0330
72888.tiff | 24.684 | 24.389 | 0.295 | 0.0330
68210.tiff | 48.580 | 53.509 | 4.929 | 0.0330
70986.tiff | 24.368 | 23.794 | 0.574 | 0.0330
68906.tiff | 8.948 | 11.850 | 2.902 | 0.0330
70515.tiff | 16.403 | 17.837 | 1.434 | 0.0330
70764.tiff | 4.414 | 4.929 | 0.515 | 0.0330
72479.tiff | 9.139 | 10.484 | 1.344 | 0.0330
67380.tiff | 1.678 | 3.574 | 1.896 | 0.0330
72553.tiff | 3.069 | 4.645 | 1.576 | 0.0330
70522.tiff | 15.710 | 16.987 | 1.277 | 0.0330
71508.tiff | 7.229 | 9.717 | 2.488 | 0.0330
68429.tiff | 30.843 | 32.022 | 1.179 | 0.0330
66102.tiff | 62.914 | 63.599 | 0.685 | 0.0330
74729.tiff | 16.547 | 21.660 | 5.113 | 0.0330
74975.tiff | 36.923 | 42.743 | 5.820 | 0.0330
75786.tiff | 3.819 | 3.379 | 0.440 | 0.0330
72913.tiff | 26.750 | 26.842 | 0.091 | 0.0330
68558.tiff | 19.956 | 19.401 | 0.556 | 0.0330
71070.tiff | 31.449 | 31.066 | 0.383 | 0.0330
65119.tiff | 7.044 | 9.460 | 2.416 | 0.0330
67023.tiff | 11.256 | 9.708 | 1.549 | 0.0330
73397.tiff | 22.453 | 21.980 | 0.474 | 0.0330
75586.tiff | 11.602 | 15.403 | 3.801 | 0.0330
74800.tiff | 22.492 | 27.305 | 4.813 | 0.0330
75987.tiff | 19.329 | 13.021 | 6.307 | 0.0330
73072.tiff | 39.997 | 41.152 | 1.154 | 0.0330
69274.tiff | 16.554 | 15.924 | 0.630 | 0.0330
73087.tiff | 41.288 | 42.072 | 0.783 | 0.0330
70387.tiff | 26.556 | 29.311 | 2.756 | 0.0330
65088.tiff | 4.485 | 7.174 | 2.690 | 0.0330
68383.tiff | 34.647 | 37.131 | 2.485 | 0.0330
71833.tiff | 16.362 | 19.997 | 3.635 | 0.0330
65404.tiff | 10.660 | 11.752 | 1.091 | 0.0330
68351.tiff | 37.322 | 39.941 | 2.619 | 0.0330
74423.tiff | 8.802 | 5.285 | 3.517 | 0.0330
69329.tiff | 12.351 | 12.229 | 0.123 | 0.0330
72770.tiff | 14.950 | 15.200 | 0.251 | 0.0330
67242.tiff | 12.242 | 11.224 | 1.017 | 0.0330
74905.tiff | 31.090 | 38.644 | 7.554 | 0.0330
73068.tiff | 39.688 | 40.765 | 1.077 | 0.0330
66028.tiff | 57.162 | 57.969 | 0.807 | 0.0330
75975.tiff | 18.352 | 12.184 | 6.169 | 0.0330
73022.tiff | 35.841 | 36.716 | 0.875 | 0.0330
67437.tiff | 2.659 | 4.855 | 2.196 | 0.0330
74394.tiff | 11.233 | 7.518 | 3.715 | 0.0330
66279.tiff | 54.469 | 52.402 | 2.067 | 0.0330
71291.tiff | 23.897 | 24.644 | 0.747 | 0.0330
74050.tiff | 28.236 | 25.494 | 2.743 | 0.0330
66426.tiff | 41.902 | 44.571 | 2.670 | 0.0330
73348.tiff | 26.202 | 25.676 | 0.527 | 0.0330
66503.tiff | 35.463 | 36.533 | 1.070 | 0.0330
76015.tiff | 21.545 | 15.045 | 6.500 | 0.0330
76199.tiff | 32.006 | 68.928 | 36.923 | 0.0330
72477.tiff | 9.338 | 10.832 | 1.494 | 0.0330
74705.tiff | 14.622 | 19.677 | 5.056 | 0.0330
65679.tiff | 30.682 | 30.447 | 0.235 | 0.0330
72534.tiff | 4.640 | 5.612 | 0.972 | 0.0330
72664.tiff | 6.205 | 6.234 | 0.029 | 0.0330
73385.tiff | 23.362 | 22.737 | 0.624 | 0.0330
66071.tiff | 60.462 | 61.551 | 1.089 | 0.0330
72459.tiff | 10.799 | 12.306 | 1.507 | 0.0330
72672.tiff | 6.815 | 6.763 | 0.052 | 0.0330
74406.tiff | 10.231 | 6.564 | 3.667 | 0.0330
68393.tiff | 33.836 | 36.066 | 2.230 | 0.0330
72535.tiff | 4.575 | 5.588 | 1.013 | 0.0330
70736.tiff | 2.116 | 3.787 | 1.671 | 0.0330
71667.tiff | 5.146 | 3.976 | 1.170 | 0.0330
65419.tiff | 11.221 | 12.041 | 0.820 | 0.0330
71202.tiff | 30.702 | 30.549 | 0.153 | 0.0330
76003.tiff | 20.621 | 14.224 | 6.397 | 0.0330
66948.tiff | 4.995 | 3.939 | 1.056 | 0.0330
68337.tiff | 38.490 | 40.932 | 2.443 | 0.0330
67300.tiff | 7.804 | 7.114 | 0.690 | 0.0330
70806.tiff | 9.300 | 9.299 | 0.001 | 0.0330
72388.tiff | 16.715 | 18.357 | 1.643 | 0.0330
65209.tiff | 4.478 | 3.697 | 0.781 | 0.0330
71432.tiff | 13.033 | 15.023 | 1.990 | 0.0330
70675.tiff | 3.009 | 5.021 | 2.011 | 0.0330
75627.tiff | 8.434 | 12.642 | 4.208 | 0.0330
65529.tiff | 19.305 | 19.607 | 0.302 | 0.0330
65780.tiff | 38.273 | 39.829 | 1.556 | 0.0330
65723.tiff | 34.002 | 34.660 | 0.658 | 0.0330
75426.tiff | 24.231 | 27.239 | 3.009 | 0.0330
66861.tiff | 4.004 | 5.597 | 1.593 | 0.0330
74590.tiff | 5.060 | 9.711 | 4.651 | 0.0330
75812.tiff | 5.810 | 3.191 | 2.618 | 0.0330
74579.tiff | 4.178 | 8.819 | 4.641 | 0.0330
75257.tiff | 37.727 | 41.410 | 3.683 | 0.0330
66993.tiff | 8.737 | 6.849 | 1.888 | 0.0330
67333.tiff | 5.278 | 4.990 | 0.288 | 0.0330
71578.tiff | 1.746 | 5.002 | 3.256 | 0.0330
75053.tiff | 42.069 | 43.302 | 1.233 | 0.0330
70933.tiff | 19.978 | 19.994 | 0.016 | 0.0330
68460.tiff | 28.181 | 28.285 | 0.105 | 0.0330
70184.tiff | 43.969 | 44.045 | 0.077 | 0.0330
74021.tiff | 25.994 | 23.047 | 2.947 | 0.0330
71019.tiff | 27.047 | 26.374 | 0.673 | 0.0330
69672.tiff | 13.289 | 13.077 | 0.212 | 0.0330
74429.tiff | 8.268 | 4.742 | 3.526 | 0.0330
65258.tiff | 0.443 | 2.694 | 2.251 | 0.0330
73627.tiff | 4.324 | 5.775 | 1.451 | 0.0330
74744.tiff | 17.806 | 22.667 | 4.862 | 0.0330
74414.tiff | 9.504 | 5.869 | 3.634 | 0.0330
71388.tiff | 16.487 | 18.033 | 1.546 | 0.0330
68626.tiff | 14.342 | 13.704 | 0.638 | 0.0330
65703.tiff | 32.427 | 32.634 | 0.207 | 0.0330
68190.tiff | 50.282 | 55.430 | 5.149 | 0.0330
65504.tiff | 17.381 | 17.763 | 0.382 | 0.0330
74974.tiff | 36.878 | 42.974 | 6.096 | 0.0330
72221.tiff | 30.669 | 33.232 | 2.563 | 0.0330
76178.tiff | 31.998 | 68.905 | 36.907 | 0.0330
67249.tiff | 11.696 | 11.083 | 0.613 | 0.0330
65373.tiff | 8.355 | 9.402 | 1.047 | 0.0330
69053.tiff | 21.416 | 19.139 | 2.277 | 0.0330
68938.tiff | 11.682 | 14.606 | 2.924 | 0.0330
76183.tiff | 31.995 | 69.035 | 37.039 | 0.0330
69077.tiff | 23.377 | 21.009 | 2.368 | 0.0330
65998.tiff | 54.833 | 55.591 | 0.758 | 0.0330
66177.tiff | 61.690 | 62.367 | 0.677 | 0.0330
75954.tiff | 16.736 | 10.549 | 6.187 | 0.0330
65552.tiff | 21.036 | 21.075 | 0.039 | 0.0330
68498.tiff | 24.994 | 24.740 | 0.254 | 0.0330
69565.tiff | 5.044 | 6.145 | 1.100 | 0.0330
70324.tiff | 31.814 | 35.658 | 3.844 | 0.0330
69837.tiff | 25.825 | 25.791 | 0.034 | 0.0330
72373.tiff | 17.972 | 19.895 | 1.923 | 0.0330
71877.tiff | 19.744 | 23.346 | 3.602 | 0.0330
74949.tiff | 34.733 | 41.287 | 6.554 | 0.0330
74458.tiff | 5.884 | 3.500 | 2.384 | 0.0330
72815.tiff | 18.640 | 18.558 | 0.082 | 0.0330
65694.tiff | 31.729 | 31.862 | 0.134 | 0.0330
67534.tiff | 10.069 | 11.169 | 1.100 | 0.0330
68444.tiff | 29.521 | 29.872 | 0.351 | 0.0330
65983.tiff | 53.710 | 54.623 | 0.913 | 0.0330
69550.tiff | 3.960 | 5.466 | 1.506 | 0.0330
75645.tiff | 7.057 | 11.348 | 4.290 | 0.0330
69223.tiff | 20.483 | 19.019 | 1.464 | 0.0330
65092.tiff | 4.782 | 7.082 | 2.300 | 0.0330
67267.tiff | 10.312 | 9.596 | 0.716 | 0.0330
73030.tiff | 36.514 | 37.766 | 1.252 | 0.0330
71736.tiff | 9.993 | 11.286 | 1.293 | 0.0330
65262.tiff | 0.178 | 2.827 | 2.649 | 0.0330
68338.tiff | 38.380 | 40.916 | 2.536 | 0.0330
71638.tiff | 2.871 | 3.326 | 0.455 | 0.0330
74211.tiff | 27.122 | 23.725 | 3.397 | 0.0330
71622.tiff | 1.637 | 3.490 | 1.854 | 0.0330
65446.tiff | 12.992 | 13.649 | 0.656 | 0.0330
68556.tiff | 20.148 | 19.424 | 0.724 | 0.0330
67195.tiff | 15.857 | 14.574 | 1.283 | 0.0330
73754.tiff | 5.450 | 4.504 | 0.946 | 0.0330
72551.tiff | 3.189 | 4.577 | 1.388 | 0.0330
67868.tiff | 35.054 | 41.575 | 6.521 | 0.0330
67527.tiff | 9.558 | 10.847 | 1.289 | 0.0330
74854.tiff | 26.856 | 33.375 | 6.519 | 0.0330
69769.tiff | 20.637 | 20.672 | 0.035 | 0.0330
74166.tiff | 30.839 | 27.842 | 2.997 | 0.0330
66169.tiff | 62.340 | 62.971 | 0.631 | 0.0330
69145.tiff | 26.456 | 23.735 | 2.721 | 0.0330
65085.tiff | 4.169 | 6.909 | 2.740 | 0.0330
68150.tiff | 53.678 | 58.533 | 4.855 | 0.0330
70649.tiff | 5.168 | 6.578 | 1.410 | 0.0330
65881.tiff | 45.931 | 48.076 | 2.145 | 0.0330
72574.tiff | 1.339 | 3.682 | 2.343 | 0.0330
69845.tiff | 26.417 | 26.554 | 0.137 | 0.0330
66468.tiff | 38.433 | 40.413 | 1.979 | 0.0330
73274.tiff | 34.445 | 36.687 | 2.242 | 0.0330
71134.tiff | 35.903 | 37.635 | 1.732 | 0.0330
70991.tiff | 24.794 | 24.294 | 0.499 | 0.0330
69045.tiff | 20.724 | 18.726 | 1.999 | 0.0330
69138.tiff | 27.062 | 24.408 | 2.654 | 0.0330
68040.tiff | 48.072 | 53.533 | 5.461 | 0.0330
75010.tiff | 39.862 | 44.291 | 4.429 | 0.0330
69449.tiff | 3.240 | 4.303 | 1.063 | 0.0330
65580.tiff | 23.211 | 22.915 | 0.297 | 0.0330
72659.tiff | 5.742 | 6.120 | 0.378 | 0.0330
73327.tiff | 30.309 | 32.565 | 2.256 | 0.0330
69534.tiff | 2.966 | 4.700 | 1.734 | 0.0330
73912.tiff | 17.697 | 15.440 | 2.256 | 0.0330
72198.tiff | 32.510 | 35.466 | 2.956 | 0.0330
69158.tiff | 25.449 | 22.985 | 2.464 | 0.0330
70122.tiff | 47.848 | 48.300 | 0.452 | 0.0330
65414.tiff | 11.155 | 12.129 | 0.975 | 0.0330
65403.tiff | 10.650 | 11.765 | 1.115 | 0.0330
67085.tiff | 16.507 | 14.621 | 1.886 | 0.0330
68058.tiff | 49.538 | 55.149 | 5.611 | 0.0330
73476.tiff | 16.344 | 17.102 | 0.758 | 0.0330
65165.tiff | 6.975 | 9.450 | 2.475 | 0.0330
75092.tiff | 45.271 | 44.856 | 0.415 | 0.0330
75399.tiff | 26.365 | 29.542 | 3.177 | 0.0330
73461.tiff | 17.437 | 17.771 | 0.334 | 0.0330
68318.tiff | 40.074 | 42.731 | 2.656 | 0.0330
74071.tiff | 29.881 | 27.106 | 2.775 | 0.0330
68935.tiff | 11.394 | 14.289 | 2.894 | 0.0330
71992.tiff | 28.909 | 32.414 | 3.505 | 0.0330
66335.tiff | 49.194 | 51.420 | 2.226 | 0.0330
73701.tiff | 1.377 | 3.356 | 1.980 | 0.0330
65754.tiff | 36.359 | 37.780 | 1.421 | 0.0330
68065.tiff | 50.040 | 55.416 | 5.376 | 0.0330
65707.tiff | 32.761 | 33.131 | 0.370 | 0.0330
74360.tiff | 14.544 | 11.085 | 3.459 | 0.0330
69405.tiff | 6.627 | 6.469 | 0.158 | 0.0330
68152.tiff | 53.470 | 58.199 | 4.729 | 0.0330
68800.tiff | 0.132 | 3.918 | 3.787 | 0.0330
69023.tiff | 18.918 | 17.110 | 1.808 | 0.0330
66075.tiff | 60.728 | 61.528 | 0.801 | 0.0330
71963.tiff | 26.707 | 30.246 | 3.540 | 0.0330
68439.tiff | 29.955 | 30.660 | 0.705 | 0.0330
70767.tiff | 4.556 | 5.003 | 0.447 | 0.0330
74350.tiff | 15.629 | 12.028 | 3.601 | 0.0330
73021.tiff | 35.726 | 36.701 | 0.975 | 0.0330
67430.tiff | 2.149 | 4.624 | 2.475 | 0.0330
65247.tiff | 1.308 | 2.580 | 1.272 | 0.0330
68816.tiff | 1.460 | 4.641 | 3.182 | 0.0330
68633.tiff | 13.754 | 13.067 | 0.687 | 0.0330
71919.tiff | 23.275 | 26.938 | 3.662 | 0.0330
67263.tiff | 10.652 | 10.046 | 0.606 | 0.0330
67247.tiff | 11.897 | 10.900 | 0.997 | 0.0330
65836.tiff | 42.519 | 44.868 | 2.348 | 0.0330
65433.tiff | 12.020 | 12.951 | 0.932 | 0.0330
69537.tiff | 2.898 | 4.849 | 1.951 | 0.0330
66174.tiff | 61.932 | 62.535 | 0.603 | 0.0330
70392.tiff | 26.129 | 28.958 | 2.828 | 0.0330
71391.tiff | 16.227 | 17.718 | 1.491 | 0.0330
74565.tiff | 3.016 | 7.621 | 4.605 | 0.0330
75761.tiff | 1.842 | 3.721 | 1.879 | 0.0330
76062.tiff | 25.228 | 18.498 | 6.730 | 0.0330
69603.tiff | 8.020 | 8.406 | 0.386 | 0.0330
71221.tiff | 29.210 | 29.466 | 0.256 | 0.0330
69575.tiff | 5.788 | 6.861 | 1.072 | 0.0330
72493.tiff | 8.021 | 9.207 | 1.186 | 0.0330
67730.tiff | 24.433 | 28.745 | 4.312 | 0.0330
76190.tiff | 31.998 | 69.121 | 37.123 | 0.0330
65434.tiff | 12.129 | 13.044 | 0.914 | 0.0330
73580.tiff | 7.990 | 9.113 | 1.123 | 0.0330
75280.tiff | 35.899 | 40.127 | 4.228 | 0.0330
71225.tiff | 28.888 | 28.913 | 0.025 | 0.0330
71511.tiff | 6.922 | 9.133 | 2.211 | 0.0330
70063.tiff | 43.282 | 43.663 | 0.381 | 0.0330
73453.tiff | 18.083 | 18.441 | 0.358 | 0.0330
69003.tiff | 17.262 | 15.710 | 1.552 | 0.0330
66333.tiff | 49.331 | 51.296 | 1.965 | 0.0330
71769.tiff | 11.392 | 15.165 | 3.773 | 0.0330
71409.tiff | 14.794 | 16.717 | 1.923 | 0.0330
69705.tiff | 15.763 | 15.383 | 0.379 | 0.0330
66444.tiff | 40.397 | 42.466 | 2.068 | 0.0330
70994.tiff | 25.004 | 24.337 | 0.667 | 0.0330
74940.tiff | 34.011 | 41.055 | 7.044 | 0.0330
74302.tiff | 19.620 | 15.798 | 3.822 | 0.0330
73254.tiff | 36.054 | 37.963 | 1.909 | 0.0330
74989.tiff | 38.152 | 43.510 | 5.358 | 0.0330
73939.tiff | 19.744 | 17.342 | 2.402 | 0.0330
67570.tiff | 12.870 | 13.607 | 0.737 | 0.0330
69278.tiff | 16.260 | 15.730 | 0.530 | 0.0330
68667.tiff | 10.910 | 10.267 | 0.643 | 0.0330
73141.tiff | 44.745 | 44.331 | 0.413 | 0.0330
67447.tiff | 3.450 | 5.514 | 2.063 | 0.0330
69420.tiff | 5.403 | 5.499 | 0.096 | 0.0330
73760.tiff | 5.984 | 4.913 | 1.071 | 0.0330
74381.tiff | 12.260 | 8.640 | 3.620 | 0.0330
68173.tiff | 51.701 | 56.629 | 4.928 | 0.0330
66224.tiff | 57.734 | 58.061 | 0.327 | 0.0330
69925.tiff | 32.632 | 33.577 | 0.945 | 0.0330
72020.tiff | 31.092 | 34.528 | 3.436 | 0.0330
65545.tiff | 20.499 | 20.797 | 0.298 | 0.0330
66205.tiff | 59.330 | 59.734 | 0.403 | 0.0330
70047.tiff | 42.004 | 42.459 | 0.455 | 0.0330
74606.tiff | 6.448 | 11.126 | 4.678 | 0.0330
75296.tiff | 34.664 | 39.022 | 4.359 | 0.0330
67638.tiff | 17.060 | 21.445 | 4.385 | 0.0330
75948.tiff | 16.328 | 10.575 | 5.753 | 0.0330
69688.tiff | 14.463 | 14.297 | 0.166 | 0.0330
74413.tiff | 9.636 | 6.048 | 3.588 | 0.0330
70482.tiff | 19.059 | 20.969 | 1.910 | 0.0330
74859.tiff | 27.259 | 33.769 | 6.510 | 0.0330
65878.tiff | 45.733 | 47.838 | 2.105 | 0.0330
74186.tiff | 29.259 | 25.707 | 3.552 | 0.0330
65197.tiff | 5.319 | 4.321 | 0.998 | 0.0330
76020.tiff | 21.898 | 15.691 | 6.207 | 0.0330
68384.tiff | 34.599 | 36.822 | 2.223 | 0.0330
69380.tiff | 8.490 | 8.023 | 0.467 | 0.0330
72734.tiff | 12.003 | 12.481 | 0.478 | 0.0330
73028.tiff | 36.340 | 37.516 | 1.176 | 0.0330
67998.tiff | 44.902 | 50.021 | 5.119 | 0.0330
71422.tiff | 13.877 | 15.835 | 1.958 | 0.0330
67572.tiff | 13.014 | 13.850 | 0.836 | 0.0330
70023.tiff | 40.160 | 40.667 | 0.506 | 0.0330
74758.tiff | 18.986 | 23.658 | 4.672 | 0.0330
75601.tiff | 10.487 | 14.443 | 3.956 | 0.0330
69164.tiff | 25.065 | 22.663 | 2.402 | 0.0330
69415.tiff | 5.872 | 5.790 | 0.082 | 0.0330
69868.tiff | 28.284 | 28.532 | 0.248 | 0.0330
73507.tiff | 13.950 | 14.826 | 0.876 | 0.0330
67683.tiff | 20.555 | 24.813 | 4.258 | 0.0330
67509.tiff | 8.230 | 9.703 | 1.473 | 0.0330
69605.tiff | 8.117 | 8.584 | 0.467 | 0.0330
66511.tiff | 34.797 | 35.825 | 1.028 | 0.0330
72371.tiff | 18.206 | 19.978 | 1.772 | 0.0330
72208.tiff | 31.724 | 34.550 | 2.827 | 0.0330
66245.tiff | 55.957 | 56.138 | 0.181 | 0.0330
69744.tiff | 18.738 | 18.474 | 0.264 | 0.0330
74970.tiff | 36.493 | 42.656 | 6.163 | 0.0330
69122.tiff | 26.802 | 24.085 | 2.716 | 0.0330
73202.tiff | 40.059 | 41.521 | 1.462 | 0.0330
69990.tiff | 37.616 | 38.118 | 0.502 | 0.0330
70782.tiff | 6.174 | 6.311 | 0.137 | 0.0330
70562.tiff | 12.414 | 13.642 | 1.227 | 0.0330
65255.tiff | 0.716 | 2.615 | 1.899 | 0.0330
75602.tiff | 10.426 | 14.594 | 4.168 | 0.0330
74379.tiff | 12.454 | 8.885 | 3.569 | 0.0330
74342.tiff | 16.267 | 12.539 | 3.728 | 0.0330
65760.tiff | 36.785 | 38.179 | 1.393 | 0.0330
65655.tiff | 28.842 | 28.299 | 0.543 | 0.0330
71454.tiff | 11.400 | 13.643 | 2.243 | 0.0330
68402.tiff | 33.101 | 35.160 | 2.059 | 0.0330
66421.tiff | 42.334 | 45.055 | 2.720 | 0.0330
68045.tiff | 48.528 | 54.111 | 5.583 | 0.0330
67831.tiff | 32.213 | 38.404 | 6.191 | 0.0330
72135.tiff | 37.761 | 41.273 | 3.511 | 0.0330
65329.tiff | 4.965 | 6.197 | 1.232 | 0.0330
72663.tiff | 6.078 | 6.224 | 0.146 | 0.0330
71042.tiff | 29.028 | 28.335 | 0.693 | 0.0330
69378.tiff | 8.658 | 8.211 | 0.446 | 0.0330
68020.tiff | 46.634 | 52.029 | 5.394 | 0.0330
68030.tiff | 47.398 | 52.743 | 5.345 | 0.0330
67637.tiff | 17.034 | 21.505 | 4.470 | 0.0330
73427.tiff | 20.133 | 20.216 | 0.083 | 0.0330
68019.tiff | 46.540 | 51.901 | 5.361 | 0.0330
67946.tiff | 41.000 | 46.558 | 5.558 | 0.0330
68660.tiff | 11.545 | 11.152 | 0.393 | 0.0330
72813.tiff | 18.528 | 18.521 | 0.006 | 0.0330
74943.tiff | 34.300 | 41.404 | 7.104 | 0.0330
70228.tiff | 39.741 | 39.537 | 0.204 | 0.0330
67664.tiff | 19.066 | 23.232 | 4.166 | 0.0330
69851.tiff | 26.912 | 26.759 | 0.153 | 0.0330
66363.tiff | 46.905 | 49.555 | 2.650 | 0.0330
69865.tiff | 27.971 | 28.126 | 0.155 | 0.0330
68482.tiff | 26.355 | 26.229 | 0.126 | 0.0330
75890.tiff | 11.818 | 6.713 | 5.105 | 0.0330
73295.tiff | 32.790 | 34.993 | 2.203 | 0.0330
74582.tiff | 4.415 | 9.177 | 4.762 | 0.0330
76040.tiff | 23.465 | 16.879 | 6.586 | 0.0330
76188.tiff | 32.002 | 69.256 | 37.254 | 0.0330
67881.tiff | 36.010 | 42.320 | 6.310 | 0.0330
68382.tiff | 34.747 | 37.058 | 2.312 | 0.0330
66303.tiff | 51.872 | 53.946 | 2.073 | 0.0330
70358.tiff | 29.005 | 32.275 | 3.270 | 0.0330
70229.tiff | 39.610 | 39.097 | 0.513 | 0.0330
71326.tiff | 21.169 | 22.194 | 1.025 | 0.0330
69598.tiff | 7.569 | 8.151 | 0.582 | 0.0330
65943.tiff | 50.685 | 51.832 | 1.147 | 0.0330
68236.tiff | 46.423 | 51.020 | 4.597 | 0.0330
68258.tiff | 44.563 | 49.002 | 4.440 | 0.0330
71962.tiff | 26.588 | 29.926 | 3.338 | 0.0330
73381.tiff | 23.706 | 23.130 | 0.577 | 0.0330
65177.tiff | 6.896 | 5.528 | 1.368 | 0.0330
65436.tiff | 12.216 | 13.017 | 0.801 | 0.0330
73736.tiff | 4.117 | 3.751 | 0.365 | 0.0330
65309.tiff | 3.494 | 4.772 | 1.278 | 0.0330
66566.tiff | 30.203 | 29.599 | 0.603 | 0.0330
68965.tiff | 14.135 | 12.662 | 1.473 | 0.0330
73666.tiff | 1.266 | 4.010 | 2.744 | 0.0330
72583.tiff | 0.535 | 3.476 | 2.941 | 0.0330
74266.tiff | 22.562 | 18.836 | 3.726 | 0.0330
65596.tiff | 24.409 | 24.089 | 0.320 | 0.0330
69696.tiff | 15.065 | 14.799 | 0.266 | 0.0330
72081.tiff | 34.661 | 38.370 | 3.709 | 0.0330
74407.tiff | 10.133 | 6.437 | 3.695 | 0.0330
67624.tiff | 16.031 | 20.577 | 4.546 | 0.0330
75690.tiff | 3.568 | 8.046 | 4.478 | 0.0330
75404.tiff | 25.947 | 29.003 | 3.056 | 0.0330
65232.tiff | 2.431 | 2.704 | 0.273 | 0.0330
65180.tiff | 6.658 | 5.454 | 1.203 | 0.0330
65738.tiff | 35.127 | 36.040 | 0.913 | 0.0330
72713.tiff | 10.276 | 10.509 | 0.233 | 0.0330
74195.tiff | 28.485 | 24.892 | 3.593 | 0.0330
74242.tiff | 24.595 | 20.958 | 3.637 | 0.0330
70318.tiff | 32.340 | 36.027 | 3.687 | 0.0330
71563.tiff | 2.959 | 5.909 | 2.949 | 0.0330
69984.tiff | 37.115 | 37.959 | 0.844 | 0.0330
66322.tiff | 50.261 | 52.372 | 2.111 | 0.0330
66996.tiff | 8.981 | 7.044 | 1.937 | 0.0330
72656.tiff | 5.499 | 5.611 | 0.112 | 0.0330
70278.tiff | 35.668 | 39.413 | 3.746 | 0.0330
65801.tiff | 39.847 | 41.667 | 1.819 | 0.0330
73577.tiff | 8.188 | 9.340 | 1.152 | 0.0335
74851.tiff | 26.609 | 33.053 | 6.444 | 0.0330
75361.tiff | 29.273 | 33.323 | 4.050 | 0.0330
65070.tiff | 2.956 | 5.668 | 2.712 | 0.0330
74157.tiff | 31.557 | 28.299 | 3.258 | 0.0330
72385.tiff | 17.019 | 18.622 | 1.603 | 0.0330
66681.tiff | 20.493 | 19.241 | 1.251 | 0.0330
65378.tiff | 8.728 | 9.662 | 0.935 | 0.0330
66470.tiff | 38.226 | 40.187 | 1.961 | 0.0330
67604.tiff | 14.514 | 19.116 | 4.602 | 0.0330
69182.tiff | 23.637 | 21.617 | 2.020 | 0.0330
75393.tiff | 26.779 | 30.078 | 3.298 | 0.0330
69231.tiff | 19.879 | 18.345 | 1.534 | 0.0330
68092.tiff | 52.091 | 57.297 | 5.206 | 0.0330
67727.tiff | 24.227 | 28.727 | 4.500 | 0.0330
65478.tiff | 15.403 | 15.775 | 0.372 | 0.0330
66330.tiff | 49.575 | 51.181 | 1.606 | 0.0330
67284.tiff | 9.021 | 8.267 | 0.754 | 0.0330
68733.tiff | 5.410 | 5.387 | 0.023 | 0.0330
75906.tiff | 13.066 | 7.653 | 5.413 | 0.0330
65752.tiff | 36.155 | 37.459 | 1.304 | 0.0330
70226.tiff | 39.922 | 39.525 | 0.397 | 0.0330
72712.tiff | 10.145 | 10.544 | 0.399 | 0.0330
71659.tiff | 4.512 | 3.707 | 0.805 | 0.0330
71608.tiff | 0.573 | 3.771 | 3.197 | 0.0330
66546.tiff | 31.861 | 31.401 | 0.459 | 0.0330
73064.tiff | 39.404 | 40.446 | 1.042 | 0.0330
74682.tiff | 12.717 | 17.606 | 4.889 | 0.0330
67684.tiff | 20.653 | 24.943 | 4.291 | 0.0330
73686.tiff | 0.244 | 3.452 | 3.207 | 0.0330
72898.tiff | 25.540 | 25.365 | 0.175 | 0.0330
71887.tiff | 20.540 | 24.056 | 3.516 | 0.0330
68519.tiff | 23.222 | 22.691 | 0.531 | 0.0330
69561.tiff | 4.739 | 5.840 | 1.101 | 0.0330
67355.tiff | 3.580 | 4.024 | 0.443 | 0.0330
71623.tiff | 1.723 | 3.496 | 1.774 | 0.0330
65774.tiff | 37.844 | 39.302 | 1.458 | 0.0330
72921.tiff | 27.471 | 27.640 | 0.169 | 0.0330
74968.tiff | 36.396 | 42.739 | 6.343 | 0.0330
73956.tiff | 21.010 | 18.542 | 2.468 | 0.0330
65642.tiff | 27.827 | 27.338 | 0.489 | 0.0330
70412.tiff | 24.515 | 26.951 | 2.436 | 0.0330
75491.tiff | 18.894 | 22.456 | 3.562 | 0.0330
72426.tiff | 13.560 | 15.134 | 1.574 | 0.0330
71905.tiff | 22.181 | 25.965 | 3.784 | 0.0330
69310.tiff | 13.850 | 13.526 | 0.324 | 0.0330
65866.tiff | 44.812 | 47.028 | 2.216 | 0.0330
74393.tiff | 11.261 | 7.397 | 3.863 | 0.0330
71293.tiff | 23.718 | 24.434 | 0.716 | 0.0330
76176.tiff | 31.993 | 69.308 | 37.314 | 0.0330
71513.tiff | 6.867 | 9.339 | 2.472 | 0.0330
71394.tiff | 15.925 | 17.603 | 1.678 | 0.0330
72051.tiff | 33.456 | 37.393 | 3.937 | 0.0330
65963.tiff | 52.226 | 53.314 | 1.088 | 0.0330
73395.tiff | 22.609 | 22.134 | 0.476 | 0.0330
72632.tiff | 3.531 | 4.298 | 0.767 | 0.0330
70471.tiff | 19.918 | 21.983 | 2.065 | 0.0330
68310.tiff | 40.773 | 43.300 | 2.528 | 0.0330
67167.tiff | 17.993 | 16.007 | 1.986 | 0.0330
65364.tiff | 7.609 | 8.860 | 1.251 | 0.0330
68724.tiff | 6.153 | 6.081 | 0.072 | 0.0330
67826.tiff | 31.800 | 38.068 | 6.267 | 0.0330
68598.tiff | 16.670 | 15.725 | 0.945 | 0.0330
65547.tiff | 20.671 | 20.800 | 0.129 | 0.0330
67941.tiff | 40.616 | 46.247 | 5.631 | 0.0330
65472.tiff | 14.953 | 15.436 | 0.483 | 0.0330
66642.tiff | 23.807 | 22.509 | 1.298 | 0.0330
70478.tiff | 19.337 | 21.257 | 1.920 | 0.0330
68339.tiff | 38.365 | 40.996 | 2.631 | 0.0330
69694.tiff | 14.904 | 14.698 | 0.206 | 0.0330
66173.tiff | 62.012 | 62.879 | 0.868 | 0.0330
71828.tiff | 15.944 | 19.694 | 3.750 | 0.0330
75384.tiff | 27.506 | 30.871 | 3.365 | 0.0330
72458.tiff | 10.900 | 12.644 | 1.744 | 0.0330
71223.tiff | 29.093 | 29.306 | 0.213 | 0.0330
70845.tiff | 12.552 | 12.896 | 0.344 | 0.0330
72349.tiff | 19.992 | 21.900 | 1.908 | 0.0331
69790.tiff | 22.237 | 21.988 | 0.250 | 0.0330
74672.tiff | 11.835 | 16.512 | 4.676 | 0.0330
66411.tiff | 43.161 | 45.782 | 2.621 | 0.0330
73825.tiff | 11.011 | 9.377 | 1.634 | 0.0330
74290.tiff | 20.590 | 16.838 | 3.752 | 0.0330
69756.tiff | 19.672 | 19.607 | 0.065 | 0.0330
73422.tiff | 20.518 | 20.373 | 0.146 | 0.0330
67695.tiff | 21.806 | 26.425 | 4.620 | 0.0330
65816.tiff | 41.046 | 43.144 | 2.099 | 0.0330
67132.tiff | 20.456 | 17.855 | 2.601 | 0.0330
66798.tiff | 10.635 | 10.034 | 0.602 | 0.0330
69576.tiff | 5.905 | 6.663 | 0.758 | 0.0330
68123.tiff | 54.446 | 58.955 | 4.509 | 0.0330
70655.tiff | 4.669 | 6.059 | 1.390 | 0.0330
69276.tiff | 16.404 | 15.717 | 0.687 | 0.0330
75464.tiff | 21.057 | 24.429 | 3.372 | 0.0330
74529.tiff | 0.038 | 5.220 | 5.182 | 0.0330
74664.tiff | 11.190 | 15.980 | 4.790 | 0.0330
74584.tiff | 4.536 | 9.094 | 4.558 | 0.0330
71761.tiff | 10.773 | 14.521 | 3.748 | 0.0330
65238.tiff | 1.891 | 2.586 | 0.695 | 0.0330
66533.tiff | 33.014 | 33.508 | 0.494 | 0.0330
75649.tiff | 6.698 | 10.981 | 4.284 | 0.0330
69901.tiff | 30.747 | 31.429 | 0.683 | 0.0330
68411.tiff | 32.376 | 34.104 | 1.728 | 0.0330
73055.tiff | 38.624 | 40.279 | 1.655 | 0.0330
75300.tiff | 34.370 | 38.842 | 4.472 | 0.0330
66536.tiff | 32.757 | 32.912 | 0.154 | 0.0330
68880.tiff | 6.792 | 9.302 | 2.511 | 0.0330
66300.tiff | 52.082 | 54.199 | 2.117 | 0.0330
70689.tiff | 1.798 | 4.172 | 2.373 | 0.0330
72992.tiff | 33.376 | 34.468 | 1.092 | 0.0330
66481.tiff | 37.369 | 39.030 | 1.662 | 0.0330
67794.tiff | 29.401 | 35.251 | 5.850 | 0.0330
71212.tiff | 29.908 | 30.067 | 0.159 | 0.0330
76057.tiff | 24.783 | 18.145 | 6.637 | 0.0330
72727.tiff | 11.434 | 11.903 | 0.468 | 0.0330
70059.tiff | 42.960 | 43.349 | 0.390 | 0.0330
75226.tiff | 40.137 | 42.963 | 2.826 | 0.0330
70900.tiff | 17.161 | 17.339 | 0.179 | 0.0330
72918.tiff | 27.214 | 27.272 | 0.058 | 0.0330
68662.tiff | 11.327 | 10.711 | 0.616 | 0.0330
65556.tiff | 21.330 | 21.218 | 0.112 | 0.0330
66164.tiff | 62.767 | 63.588 | 0.821 | 0.0330
71373.tiff | 17.576 | 18.993 | 1.416 | 0.0330
65398.tiff | 10.254 | 11.253 | 0.999 | 0.0330
72475.tiff | 9.489 | 10.956 | 1.466 | 0.0330
71756.tiff | 10.385 | 14.239 | 3.854 | 0.0330
74951.tiff | 34.943 | 41.659 | 6.715 | 0.0330
75502.tiff | 18.119 | 21.662 | 3.543 | 0.0330
71725.tiff | 8.921 | 6.357 | 2.564 | 0.0330
70490.tiff | 18.350 | 20.107 | 1.757 | 0.0330
65724.tiff | 34.030 | 34.812 | 0.782 | 0.0330
65301.tiff | 2.864 | 4.398 | 1.534 | 0.0330
74501.tiff | 2.300 | 3.740 | 1.440 | 0.0330
69295.tiff | 14.962 | 14.631 | 0.331 | 0.0330
73168.tiff | 42.726 | 43.623 | 0.897 | 0.0330
69186.tiff | 23.322 | 21.227 | 2.095 | 0.0330
70548.tiff | 13.573 | 14.616 | 1.042 | 0.0330
71087.tiff | 32.789 | 33.196 | 0.408 | 0.0330
76114.tiff | 29.196 | 22.795 | 6.401 | 0.0330
68143.tiff | 54.225 | 58.726 | 4.501 | 0.0330
70265.tiff | 36.708 | 40.551 | 3.844 | 0.0330
68206.tiff | 48.944 | 53.835 | 4.891 | 0.0330
69583.tiff | 6.450 | 7.242 | 0.792 | 0.0330
75247.tiff | 38.481 | 42.182 | 3.701 | 0.0330
75823.tiff | 6.628 | 3.534 | 3.094 | 0.0330
70770.tiff | 4.912 | 5.136 | 0.225 | 0.0330
74390.tiff | 11.552 | 7.888 | 3.663 | 0.0330
66153.tiff | 63.697 | 64.391 | 0.694 | 0.0330
66213.tiff | 58.612 | 59.070 | 0.457 | 0.0330
69504.tiff | 0.984 | 3.987 | 3.002 | 0.0330
72906.tiff | 26.233 | 26.179 | 0.054 | 0.0330
75973.tiff | 18.203 | 11.909 | 6.293 | 0.0330
73248.tiff | 36.507 | 38.489 | 1.982 | 0.0330
71168.tiff | 33.293 | 33.642 | 0.349 | 0.0330
74735.tiff | 17.058 | 21.902 | 4.844 | 0.0330
65666.tiff | 29.695 | 29.185 | 0.510 | 0.0330
65643.tiff | 27.963 | 27.424 | 0.540 | 0.0330
75453.tiff | 21.869 | 24.973 | 3.103 | 0.0330
68768.tiff | 2.479 | 3.880 | 1.400 | 0.0330
69273.tiff | 16.628 | 15.791 | 0.837 | 0.0330
69817.tiff | 24.360 | 23.953 | 0.407 | 0.0330
65787.tiff | 38.850 | 40.510 | 1.660 | 0.0330
73162.tiff | 43.085 | 43.853 | 0.768 | 0.0330
68203.tiff | 49.215 | 54.205 | 4.990 | 0.0330
72021.tiff | 31.159 | 34.900 | 3.741 | 0.0330
69188.tiff | 23.178 | 21.128 | 2.050 | 0.0330
74792.tiff | 21.740 | 26.268 | 4.528 | 0.0330
72339.tiff | 20.857 | 22.810 | 1.953 | 0.0330
67906.tiff | 37.872 | 44.118 | 6.246 | 0.0330
69627.tiff | 9.795 | 10.087 | 0.292 | 0.0330
69951.tiff | 34.595 | 35.580 | 0.984 | 0.0330
65997.tiff | 54.796 | 55.783 | 0.987 | 0.0330
72104.tiff | 36.501 | 40.046 | 3.545 | 0.0330
75039.tiff | 40.949 | 42.666 | 1.717 | 0.0330
70750.tiff | 3.263 | 4.175 | 0.912 | 0.0330
70062.tiff | 43.191 | 43.808 | 0.617 | 0.0330
65157.tiff | 6.764 | 9.312 | 2.548 | 0.0330
75396.tiff | 26.566 | 29.753 | 3.188 | 0.0330
68086.tiff | 51.654 | 57.099 | 5.445 | 0.0330
73490.tiff | 15.218 | 15.825 | 0.607 | 0.0330
72972.tiff | 31.708 | 32.481 | 0.773 | 0.0330
72188.tiff | 33.375 | 36.492 | 3.117 | 0.0330
71551.tiff | 3.894 | 6.648 | 2.754 | 0.0330
68796.tiff | 0.153 | 3.896 | 3.743 | 0.0330
65496.tiff | 16.789 | 16.962 | 0.173 | 0.0330
67322.tiff | 6.086 | 5.478 | 0.607 | 0.0330
70779.tiff | 5.668 | 5.666 | 0.002 | 0.0330
69793.tiff | 22.457 | 22.277 | 0.179 | 0.0330
65152.tiff | 7.115 | 9.471 | 2.357 | 0.0330
76116.tiff | 29.374 | 22.743 | 6.631 | 0.0330
70652.tiff | 4.919 | 6.399 | 1.480 | 0.0330
73281.tiff | 33.902 | 36.118 | 2.217 | 0.0330
66739.tiff | 15.615 | 14.479 | 1.136 | 0.0330
68002.tiff | 45.221 | 50.380 | 5.159 | 0.0330
75037.tiff | 41.731 | 45.040 | 3.309 | 0.0330
72890.tiff | 24.902 | 24.732 | 0.170 | 0.0330
73671.tiff | 0.874 | 3.845 | 2.971 | 0.0330
75659.tiff | 5.990 | 10.244 | 4.254 | 0.0330
67884.tiff | 36.246 | 42.434 | 6.188 | 0.0330
68721.tiff | 6.481 | 6.221 | 0.260 | 0.0330
72397.tiff | 15.951 | 17.404 | 1.454 | 0.0330
76134.tiff | 31.128 | 28.786 | 2.342 | 0.0330
72470.tiff | 9.918 | 11.482 | 1.564 | 0.0330
73257.tiff | 35.800 | 37.619 | 1.819 | 0.0330
67277.tiff | 9.573 | 8.754 | 0.820 | 0.0330
69462.tiff | 2.241 | 3.929 | 1.688 | 0.0330
65344.tiff | 6.107 | 7.165 | 1.057 | 0.0330
71443.tiff | 12.169 | 14.304 | 2.135 | 0.0330
69137.tiff | 27.110 | 24.287 | 2.823 | 0.0330
75847.tiff | 8.562 | 4.545 | 4.017 | 0.0330
76260.tiff | 36.341 | 24.863 | 11.478 | 0.0330
70906.tiff | 17.672 | 17.726 | 0.055 | 0.0330
67224.tiff | 13.616 | 12.605 | 1.011 | 0.0330
69197.tiff | 22.522 | 20.566 | 1.955 | 0.0330
71726.tiff | 9.167 | 6.588 | 2.579 | 0.0330
70854.tiff | 13.341 | 13.600 | 0.259 | 0.0330
72499.tiff | 7.555 | 8.702 | 1.147 | 0.0330
71256.tiff | 26.548 | 26.953 | 0.405 | 0.0330
70707.tiff | 0.320 | 3.756 | 3.436 | 0.0330
75336.tiff | 31.216 | 35.645 | 4.429 | 0.0330
73164.tiff | 42.963 | 43.883 | 0.920 | 0.0330
66466.tiff | 38.554 | 40.221 | 1.666 | 0.0330
69594.tiff | 7.317 | 8.028 | 0.711 | 0.0330
67235.tiff | 12.807 | 11.789 | 1.018 | 0.0330
71425.tiff | 13.586 | 15.524 | 1.938 | 0.0330
68904.tiff | 8.793 | 11.546 | 2.754 | 0.0330
73937.tiff | 19.554 | 17.168 | 2.386 | 0.0330
72788.tiff | 16.474 | 16.598 | 0.124 | 0.0330
69830.tiff | 25.316 | 25.053 | 0.264 | 0.0330
74697.tiff | 13.984 | 18.839 | 4.855 | 0.0330
72559.tiff | 2.558 | 4.274 | 1.716 | 0.0330
71441.tiff | 12.287 | 14.423 | 2.136 | 0.0330
69152.tiff | 25.907 | 23.554 | 2.354 | 0.0330
75572.tiff | 12.701 | 16.581 | 3.880 | 0.0330
67122.tiff | 19.645 | 17.103 | 2.542 | 0.0330
71211.tiff | 29.965 | 30.215 | 0.250 | 0.0330
73722.tiff | 3.065 | 3.433 | 0.368 | 0.0330
71022.tiff | 27.342 | 26.628 | 0.714 | 0.0330
68162.tiff | 52.644 | 57.555 | 4.911 | 0.0330
67631.tiff | 16.544 | 21.164 | 4.621 | 0.0330
71235.tiff | 28.176 | 28.386 | 0.209 | 0.0330
74625.tiff | 7.986 | 12.904 | 4.918 | 0.0330
71958.tiff | 26.295 | 29.694 | 3.399 | 0.0330
75152.tiff | 45.858 | 44.951 | 0.908 | 0.0330
66204.tiff | 59.403 | 59.790 | 0.387 | 0.0330
73607.tiff | 5.890 | 7.193 | 1.302 | 0.0330
65617.tiff | 26.020 | 25.483 | 0.536 | 0.0330
66927.tiff | 3.151 | 3.353 | 0.202 | 0.0330
68115.tiff | 53.889 | 58.567 | 4.678 | 0.0330
67642.tiff | 17.359 | 21.613 | 4.254 | 0.0330
75146.tiff | 46.351 | 45.059 | 1.291 | 0.0330
67563.tiff | 12.350 | 13.350 | 1.000 | 0.0330
70237.tiff | 39.061 | 43.357 | 4.296 | 0.0330
67729.tiff | 24.406 | 29.019 | 4.612 | 0.0330
70378.tiff | 27.234 | 30.178 | 2.945 | 0.0330
73983.tiff | 23.096 | 20.687 | 2.409 | 0.0330
67127.tiff | 20.002 | 17.461 | 2.541 | 0.0330
70494.tiff | 18.011 | 19.713 | 1.702 | 0.0330
74328.tiff | 17.406 | 13.874 | 3.532 | 0.0330
70913.tiff | 18.262 | 18.264 | 0.002 | 0.0330
71342.tiff | 19.989 | 21.300 | 1.311 | 0.0330
65806.tiff | 40.247 | 42.276 | 2.029 | 0.0330
69695.tiff | 15.019 | 14.737 | 0.282 | 0.0330
75623.tiff | 8.687 | 12.625 | 3.938 | 0.0330
68141.tiff | 54.438 | 58.988 | 4.550 | 0.0330
69281.tiff | 15.995 | 15.449 | 0.546 | 0.0330
73546.tiff | 10.890 | 12.218 | 1.328 | 0.0330
73730.tiff | 3.623 | 3.566 | 0.057 | 0.0330
73870.tiff | 14.479 | 12.629 | 1.850 | 0.0330
65548.tiff | 20.713 | 20.618 | 0.095 | 0.0330
65027.tiff | 0.655 | 2.941 | 2.286 | 0.0330
71346.tiff | 19.652 | 20.890 | 1.238 | 0.0330
68919.tiff | 10.004 | 12.972 | 2.968 | 0.0330
69487.tiff | 0.324 | 3.697 | 3.373 | 0.0330
72686.tiff | 8.044 | 8.198 | 0.153 | 0.0330
70156.tiff | 46.221 | 46.611 | 0.390 | 0.0330
66222.tiff | 57.900 | 58.007 | 0.107 | 0.0330
71396.tiff | 15.842 | 17.447 | 1.605 | 0.0330
67549.tiff | 11.237 | 12.403 | 1.166 | 0.0330
65438.tiff | 12.358 | 13.131 | 0.772 | 0.0330
73834.tiff | 11.653 | 10.204 | 1.449 | 0.0330
74572.tiff | 3.558 | 8.274 | 4.716 | 0.0330
66862.tiff | 3.974 | 5.693 | 1.719 | 0.0330
67700.tiff | 22.098 | 26.480 | 4.382 | 0.0330
75632.tiff | 8.067 | 12.122 | 4.054 | 0.0330
72641.tiff | 4.288 | 4.770 | 0.482 | 0.0330
67482.tiff | 6.083 | 7.688 | 1.605 | 0.0330
76157.tiff | 32.006 | 69.157 | 37.151 | 0.0330
74539.tiff | 0.782 | 5.608 | 4.826 | 0.0330
67707.tiff | 22.684 | 27.112 | 4.428 | 0.0330
70604.tiff | 8.910 | 10.230 | 1.320 | 0.0330
65327.tiff | 4.768 | 5.962 | 1.195 | 0.0330
67500.tiff | 7.457 | 8.696 | 1.240 | 0.0330
66005.tiff | 55.419 | 56.263 | 0.843 | 0.0330
70427.tiff | 23.543 | 26.003 | 2.460 | 0.0330
76056.tiff | 24.770 | 18.083 | 6.687 | 0.0330
69012.tiff | 18.025 | 16.300 | 1.725 | 0.0330
73403.tiff | 21.945 | 21.643 | 0.302 | 0.0330
65535.tiff | 19.742 | 19.626 | 0.116 | 0.0330
71755.tiff | 10.291 | 14.089 | 3.797 | 0.0330
68961.tiff | 13.851 | 12.427 | 1.424 | 0.0330
65586.tiff | 23.643 | 23.373 | 0.269 | 0.0330
74323.tiff | 17.833 | 14.317 | 3.516 | 0.0330
72529.tiff | 5.033 | 6.206 | 1.173 | 0.0330
70666.tiff | 3.762 | 5.527 | 1.765 | 0.0330
70497.tiff | 17.772 | 19.258 | 1.486 | 0.0330
72144.tiff | 37.026 | 40.326 | 3.299 | 0.0330
65492.tiff | 16.479 | 16.725 | 0.246 | 0.0330
70965.tiff | 22.590 | 22.244 | 0.346 | 0.0330
73061.tiff | 39.157 | 40.332 | 1.174 | 0.0330
70065.tiff | 43.379 | 43.982 | 0.603 | 0.0330
73525.tiff | 12.599 | 13.603 | 1.005 | 0.0330
74674.tiff | 12.022 | 16.648 | 4.626 | 0.0330
68549.tiff | 20.698 | 20.024 | 0.675 | 0.0330
66917.tiff | 2.299 | 3.437 | 1.138 | 0.0330
68186.tiff | 50.652 | 55.620 | 4.969 | 0.0330
75646.tiff | 6.934 | 11.022 | 4.088 | 0.0330
66911.tiff | 1.824 | 3.597 | 1.773 | 0.0330
71832.tiff | 16.266 | 20.105 | 3.839 | 0.0330
71595.tiff | 0.481 | 4.116 | 3.635 | 0.0330
66134.tiff | 65.326 | 65.642 | 0.316 | 0.0330
71602.tiff | 0.080 | 4.088 | 4.008 | 0.0330
67519.tiff | 8.976 | 10.234 | 1.259 | 0.0330
73078.tiff | 40.523 | 41.694 | 1.171 | 0.0330
66318.tiff | 50.613 | 52.664 | 2.052 | 0.0330
69369.tiff | 9.372 | 9.141 | 0.230 | 0.0330
65122.tiff | 7.317 | 9.571 | 2.254 | 0.0330
73675.tiff | 0.588 | 3.723 | 3.135 | 0.0330
67450.tiff | 3.650 | 5.690 | 2.040 | 0.0330
70171.tiff | 45.010 | 45.342 | 0.333 | 0.0330
71822.tiff | 15.515 | 19.294 | 3.779 | 0.0330
67602.tiff | 14.684 | 15.218 | 0.533 | 0.0330
66523.tiff | 33.870 | 34.393 | 0.522 | 0.0330
71979.tiff | 27.928 | 31.419 | 3.491 | 0.0330
67174.tiff | 17.454 | 15.402 | 2.052 | 0.0330
68284.tiff | 42.463 | 46.726 | 4.264 | 0.0330
69555.tiff | 4.377 | 5.632 | 1.255 | 0.0330
68606.tiff | 16.008 | 15.322 | 0.686 | 0.0330
73474.tiff | 16.456 | 17.056 | 0.599 | 0.0330
71157.tiff | 34.197 | 35.252 | 1.055 | 0.0330
75260.tiff | 37.498 | 41.288 | 3.790 | 0.0330
68769.tiff | 2.466 | 3.927 | 1.461 | 0.0330
72314.tiff | 22.918 | 24.925 | 2.007 | 0.0330
69039.tiff | 20.205 | 18.128 | 2.076 | 0.0330
68503.tiff | 24.625 | 24.294 | 0.332 | 0.0330
66408.tiff | 43.460 | 46.098 | 2.639 | 0.0330
69632.tiff | 10.182 | 10.474 | 0.291 | 0.0330
70304.tiff | 33.496 | 37.530 | 4.034 | 0.0330
76194.tiff | 31.994 | 69.211 | 37.218 | 0.0330
71253.tiff | 26.842 | 27.185 | 0.343 | 0.0330
67580.tiff | 13.670 | 14.286 | 0.617 | 0.0330
72336.tiff | 21.096 | 23.022 | 1.925 | 0.0330
68270.tiff | 43.588 | 47.912 | 4.324 | 0.0330
75805.tiff | 5.270 | 3.349 | 1.921 | 0.0330
66868.tiff | 2.070 | 5.829 | 3.759 | 0.0330
76203.tiff | 31.993 | 69.141 | 37.148 | 0.0330
72498.tiff | 7.612 | 8.750 | 1.138 | 0.0330
67522.tiff | 9.236 | 10.499 | 1.263 | 0.0330
73651.tiff | 2.438 | 4.678 | 2.240 | 0.0330
66821.tiff | 8.717 | 8.048 | 0.669 | 0.0330
70713.tiff | 0.215 | 3.757 | 3.542 | 0.0330
65052.tiff | 1.436 | 4.560 | 3.124 | 0.0330
68889.tiff | 7.532 | 10.084 | 2.552 | 0.0330
74395.tiff | 11.133 | 7.537 | 3.596 | 0.0330
68578.tiff | 18.313 | 17.449 | 0.865 | 0.0330
69566.tiff | 5.162 | 6.206 | 1.044 | 0.0330
74319.tiff | 18.132 | 14.521 | 3.610 | 0.0330
70453.tiff | 21.460 | 23.508 | 2.048 | 0.0330
66859.tiff | 4.167 | 5.629 | 1.461 | 0.0330
76011.tiff | 21.161 | 14.735 | 6.425 | 0.0330
75781.tiff | 3.382 | 3.420 | 0.037 | 0.0330
75306.tiff | 33.892 | 38.302 | 4.410 | 0.0330
71307.tiff | 22.672 | 23.508 | 0.836 | 0.0330
73070.tiff | 39.850 | 40.779 | 0.929 | 0.0330
75434.tiff | 23.349 | 26.186 | 2.837 | 0.0330
65426.tiff | 11.465 | 12.166 | 0.701 | 0.0330
69285.tiff | 15.785 | 15.256 | 0.528 | 0.0330
75111.tiff | 46.847 | 45.368 | 1.480 | 0.0330
70577.tiff | 11.180 | 12.333 | 1.153 | 0.0330
65229.tiff | 2.677 | 2.804 | 0.126 | 0.0330
73923.tiff | 18.534 | 16.075 | 2.459 | 0.0330
67742.tiff | 25.425 | 30.225 | 4.800 | 0.0330
74892.tiff | 29.966 | 37.294 | 7.329 | 0.0330
70282.tiff | 35.237 | 39.030 | 3.793 | 0.0330
71254.tiff | 26.740 | 27.028 | 0.287 | 0.0330
67922.tiff | 39.126 | 45.221 | 6.096 | 0.0330
74536.tiff | 0.554 | 5.488 | 4.935 | 0.0330
68654.tiff | 12.037 | 11.558 | 0.479 | 0.0330
71687.tiff | 6.705 | 4.748 | 1.957 | 0.0330
71829.tiff | 16.008 | 19.770 | 3.762 | 0.0330
66129.tiff | 64.936 | 65.594 | 0.657 | 0.0330
71501.tiff | 7.726 | 10.078 | 2.351 | 0.0330
67332.tiff | 5.328 | 4.895 | 0.434 | 0.0330
67209.tiff | 14.746 | 13.517 | 1.229 | 0.0330
74271.tiff | 22.134 | 18.516 | 3.618 | 0.0330
75069.tiff | 43.380 | 44.122 | 0.742 | 0.0331
72751.tiff | 13.453 | 13.600 | 0.147 | 0.0330
68154.tiff | 53.332 | 58.156 | 4.824 | 0.0330
70685.tiff | 2.132 | 4.331 | 2.198 | 0.0330
73872.tiff | 14.601 | 12.673 | 1.928 | 0.0330
75398.tiff | 26.438 | 29.596 | 3.158 | 0.0330
75859.tiff | 9.489 | 5.176 | 4.314 | 0.0330
67375.tiff | 2.085 | 3.765 | 1.680 | 0.0330
66633.tiff | 24.596 | 23.339 | 1.258 | 0.0330
71195.tiff | 31.259 | 31.680 | 0.421 | 0.0330
67299.tiff | 7.868 | 7.319 | 0.550 | 0.0330
71450.tiff | 11.670 | 13.570 | 1.901 | 0.0330
69253.tiff | 18.169 | 17.151 | 1.018 | 0.0330
70010.tiff | 39.176 | 39.685 | 0.509 | 0.0330
67722.tiff | 23.859 | 28.291 | 4.433 | 0.0330
75665.tiff | 5.549 | 10.005 | 4.456 | 0.0330
70359.tiff | 28.888 | 32.517 | 3.629 | 0.0330
70372.tiff | 27.781 | 30.892 | 3.112 | 0.0330
72068.tiff | 34.220 | 37.944 | 3.725 | 0.0330
73392.tiff | 22.798 | 22.188 | 0.610 | 0.0330
72249.tiff | 28.361 | 30.832 | 2.471 | 0.0330
70169.tiff | 45.194 | 45.341 | 0.147 | 0.0330
71849.tiff | 17.605 | 21.338 | 3.733 | 0.0330
70406.tiff | 24.972 | 27.422 | 2.450 | 0.0330
71913.tiff | 22.843 | 26.439 | 3.596 | 0.0330
72090.tiff | 35.430 | 39.105 | 3.674 | 0.0330
74203.tiff | 27.778 | 24.099 | 3.679 | 0.0330
67551.tiff | 11.365 | 12.497 | 1.132 | 0.0330
74648.tiff | 9.900 | 14.632 | 4.732 | 0.0330
65939.tiff | 50.360 | 51.628 | 1.268 | 0.0330
76096.tiff | 27.798 | 21.423 | 6.375 | 0.0330
75029.tiff | 41.280 | 45.076 | 3.796 | 0.0330
74936.tiff | 33.716 | 41.004 | 7.289 | 0.0330
75996.tiff | 20.016 | 13.972 | 6.044 | 0.0330
69853.tiff | 27.102 | 26.963 | 0.139 | 0.0330
67645.tiff | 17.634 | 21.989 | 4.355 | 0.0330
74884.tiff | 29.339 | 36.786 | 7.447 | 0.0330
68166.tiff | 52.270 | 57.205 | 4.935 | 0.0330
68640.tiff | 13.166 | 12.591 | 0.575 | 0.0330
74325.tiff | 17.655 | 14.038 | 3.617 | 0.0330
67062.tiff | 14.524 | 12.773 | 1.752 | 0.0330
69646.tiff | 11.237 | 11.331 | 0.094 | 0.0330
76107.tiff | 28.651 | 22.021 | 6.630 | 0.0330
67813.tiff | 30.814 | 36.835 | 6.021 | 0.0330
75615.tiff | 9.331 | 13.329 | 3.998 | 0.0330
74768.tiff | 19.712 | 24.309 | 4.597 | 0.0330
75173.tiff | 44.204 | 44.474 | 0.270 | 0.0330
67550.tiff | 11.372 | 12.324 | 0.952 | 0.0330
72761.tiff | 14.222 | 14.420 | 0.198 | 0.0330
71190.tiff | 31.620 | 31.927 | 0.307 | 0.0330
70495.tiff | 17.955 | 19.731 | 1.776 | 0.0330
69175.tiff | 24.178 | 21.884 | 2.295 | 0.0330
74900.tiff | 30.653 | 38.164 | 7.511 | 0.0330
66025.tiff | 56.938 | 57.689 | 0.751 | 0.0330
69849.tiff | 26.766 | 26.771 | 0.005 | 0.0330
70146.tiff | 47.104 | 47.332 | 0.228 | 0.0330
71917.tiff | 23.147 | 26.914 | 3.767 | 0.0330
66952.tiff | 5.300 | 4.030 | 1.269 | 0.0330
71380.tiff | 17.023 | 18.522 | 1.498 | 0.0330
65352.tiff | 6.754 | 8.042 | 1.288 | 0.0330
75457.tiff | 21.597 | 24.631 | 3.034 | 0.0330
69798.tiff | 22.851 | 22.629 | 0.221 | 0.0330
72483.tiff | 8.828 | 10.108 | 1.280 | 0.0330
68663.tiff | 11.231 | 10.675 | 0.556 | 0.0330
71439.tiff | 12.525 | 14.569 | 2.044 | 0.0330
69658.tiff | 12.193 | 12.311 | 0.117 | 0.0330
70051.tiff | 42.305 | 42.677 | 0.371 | 0.0330
68151.tiff | 53.542 | 58.390 | 4.848 | 0.0330
70502.tiff | 17.399 | 18.876 | 1.477 | 0.0330
69814.tiff | 24.078 | 23.754 | 0.324 | 0.0330
70181.tiff | 44.238 | 44.395 | 0.157 | 0.0330
72752.tiff | 13.516 | 13.911 | 0.396 | 0.0330
67940.tiff | 40.524 | 46.259 | 5.735 | 0.0330
69511.tiff | 1.498 | 4.123 | 2.625 | 0.0330
66341.tiff | 48.704 | 51.085 | 2.381 | 0.0330
75604.tiff | 10.231 | 14.140 | 3.909 | 0.0330
72703.tiff | 9.384 | 9.653 | 0.269 | 0.0330
71487.tiff | 8.790 | 10.998 | 2.208 | 0.0330
70911.tiff | 18.089 | 18.181 | 0.092 | 0.0330
73789.tiff | 8.224 | 6.849 | 1.375 | 0.0330
74552.tiff | 1.937 | 6.614 | 4.677 | 0.0330
66584.tiff | 28.724 | 27.655 | 1.069 | 0.0330
66413.tiff | 43.029 | 45.810 | 2.781 | 0.0330
70269.tiff | 36.356 | 40.150 | 3.793 | 0.0330
74898.tiff | 30.517 | 37.913 | 7.397 | 0.0330
67257.tiff | 11.105 | 10.389 | 0.716 | 0.0330
73696.tiff | 1.035 | 3.512 | 2.478 | 0.0330
67213.tiff | 14.456 | 13.450 | 1.006 | 0.0330
67623.tiff | 15.892 | 20.472 | 4.580 | 0.0330
71795.tiff | 13.460 | 17.021 | 3.562 | 0.0330
69939.tiff | 33.690 | 34.915 | 1.225 | 0.0330
68625.tiff | 14.439 | 13.868 | 0.571 | 0.0330
73995.tiff | 24.020 | 21.681 | 2.338 | 0.0330
69268.tiff | 17.078 | 16.295 | 0.783 | 0.0330
75164.tiff | 44.965 | 44.931 | 0.034 | 0.0330
65464.tiff | 14.369 | 14.941 | 0.572 | 0.0330
66755.tiff | 14.300 | 13.409 | 0.891 | 0.0330
70876.tiff | 15.173 | 15.609 | 0.436 | 0.0330
76274.tiff | 38.289 | 36.406 | 1.882 | 0.0330
71909.tiff | 22.515 | 26.157 | 3.642 | 0.0330
71430.tiff | 13.158 | 14.974 | 1.816 | 0.0330
65379.tiff | 8.737 | 9.783 | 1.046 | 0.0330
68107.tiff | 53.239 | 58.179 | 4.940 | 0.0330
69804.tiff | 23.314 | 23.121 | 0.193 | 0.0330
66336.tiff | 49.113 | 51.369 | 2.256 | 0.0330
75961.tiff | 17.268 | 11.180 | 6.089 | 0.0330
67717.tiff | 23.454 | 27.701 | 4.247 | 0.0330
71399.tiff | 15.575 | 17.343 | 1.768 | 0.0330
72931.tiff | 28.287 | 28.538 | 0.251 | 0.0330
71204.tiff | 30.509 | 30.528 | 0.019 | 0.0330
71525.tiff | 5.910 | 8.320 | 2.410 | 0.0330
66812.tiff | 9.498 | 8.664 | 0.835 | 0.0330
74047.tiff | 28.004 | 25.258 | 2.746 | 0.0330
66895.tiff | 0.553 | 3.919 | 3.366 | 0.0330
76013.tiff | 21.274 | 14.770 | 6.504 | 0.0330
70602.tiff | 9.066 | 10.426 | 1.360 | 0.0330
74771.tiff | 20.019 | 24.659 | 4.640 | 0.0330
66190.tiff | 60.610 | 61.318 | 0.708 | 0.0330
74241.tiff | 24.679 | 20.941 | 3.739 | 0.0330
71024.tiff | 27.546 | 26.975 | 0.571 | 0.0330
70136.tiff | 47.940 | 48.354 | 0.414 | 0.0330
68455.tiff | 28.631 | 28.814 | 0.183 | 0.0330
71782.tiff | 12.411 | 16.276 | 3.865 | 0.0330
70124.tiff | 47.975 | 48.308 | 0.333 | 0.0330
70138.tiff | 47.832 | 48.081 | 0.250 | 0.0330
70160.tiff | 45.979 | 46.242 | 0.263 | 0.0330
74217.tiff | 26.630 | 22.977 | 3.653 | 0.0330
69614.tiff | 8.820 | 9.297 | 0.477 | 0.0330
68993.tiff | 16.442 | 15.055 | 1.387 | 0.0330
75462.tiff | 21.266 | 24.395 | 3.129 | 0.0330
66031.tiff | 57.408 | 58.394 | 0.986 | 0.0330
71596.tiff | 0.396 | 4.099 | 3.703 | 0.0330
67221.tiff | 13.841 | 12.903 | 0.937 | 0.0330
68775.tiff | 1.946 | 3.782 | 1.836 | 0.0330
76277.tiff | 37.711 | 35.467 | 2.244 | 0.0330
73770.tiff | 6.704 | 5.384 | 1.320 | 0.0330
66756.tiff | 14.209 | 13.372 | 0.837 | 0.0330
72040.tiff | 32.572 | 36.445 | 3.873 | 0.0330
73271.tiff | 34.654 | 36.861 | 2.207 | 0.0330
69328.tiff | 12.478 | 12.374 | 0.104 | 0.0330
65111.tiff | 6.404 | 8.816 | 2.412 | 0.0330
71998.tiff | 29.375 | 33.004 | 3.629 | 0.0330
73391.tiff | 22.887 | 22.336 | 0.551 | 0.0330
67918.tiff | 38.821 | 44.894 | 6.073 | 0.0330
66516.tiff | 34.403 | 35.059 | 0.656 | 0.0330
75687.tiff | 3.784 | 8.461 | 4.677 | 0.0330
75423.tiff | 24.461 | 27.557 | 3.096 | 0.0330
75245.tiff | 38.672 | 42.042 | 3.371 | 0.0330
75293.tiff | 34.896 | 39.229 | 4.333 | 0.0330
67264.tiff | 10.560 | 9.799 | 0.760 | 0.0330
72146.tiff | 36.941 | 40.460 | 3.520 | 0.0330
71126.tiff | 35.990 | 37.359 | 1.368 | 0.0330
74604.tiff | 6.227 | 11.269 | 5.041 | 0.0330
74938.tiff | 33.861 | 41.045 | 7.184 | 0.0330
65894.tiff | 46.915 | 48.815 | 1.901 | 0.0330
66491.tiff | 36.463 | 37.834 | 1.371 | 0.0330
66851.tiff | 5.497 | 7.029 | 1.532 | 0.0330
65325.tiff | 4.682 | 5.982 | 1.301 | 0.0330
66216.tiff | 58.391 | 58.693 | 0.301 | 0.0330
67934.tiff | 40.067 | 45.887 | 5.819 | 0.0330
69690.tiff | 14.629 | 14.422 | 0.207 | 0.0330
73372.tiff | 24.438 | 23.762 | 0.675 | 0.0330
73050.tiff | 38.186 | 38.969 | 0.784 | 0.0330
74707.tiff | 14.740 | 19.614 | 4.874 | 0.0330
72883.tiff | 24.307 | 23.975 | 0.332 | 0.0330
75997.tiff | 20.169 | 14.082 | 6.087 | 0.0330
66130.tiff | 64.973 | 65.466 | 0.493 | 0.0330
71135.tiff | 35.871 | 37.195 | 1.325 | 0.0330
67919.tiff | 38.934 | 44.951 | 6.017 | 0.0330
68085.tiff | 51.588 | 57.022 | 5.433 | 0.0330
69589.tiff | 6.870 | 7.544 | 0.674 | 0.0330
69305.tiff | 14.232 | 13.941 | 0.292 | 0.0330
67796.tiff | 29.488 | 35.170 | 5.682 | 0.0330
70100.tiff | 46.124 | 46.634 | 0.510 | 0.0330
65799.tiff | 39.692 | 41.626 | 1.933 | 0.0330
65735.tiff | 34.909 | 35.553 | 0.643 | 0.0330
70418.tiff | 23.990 | 26.513 | 2.524 | 0.0330
67245.tiff | 12.044 | 11.316 | 0.728 | 0.0330
65179.tiff | 6.724 | 5.440 | 1.284 | 0.0330
72468.tiff | 10.053 | 11.397 | 1.344 | 0.0331
73583.tiff | 7.740 | 8.962 | 1.222 | 0.0331
66175.tiff | 61.824 | 62.342 | 0.519 | 0.0330
72488.tiff | 8.450 | 9.636 | 1.187 | 0.0330
66832.tiff | 7.841 | 7.172 | 0.669 | 0.0330
74150.tiff | 32.168 | 29.588 | 2.580 | 0.0330
70503.tiff | 17.275 | 18.721 | 1.446 | 0.0330
74089.tiff | 31.229 | 28.596 | 2.634 | 0.0330
66782.tiff | 12.028 | 11.191 | 0.837 | 0.0330
68202.tiff | 49.262 | 54.205 | 4.943 | 0.0330
65199.tiff | 5.209 | 4.292 | 0.917 | 0.0330
74831.tiff | 25.003 | 30.758 | 5.754 | 0.0330
69088.tiff | 24.250 | 21.797 | 2.453 | 0.0330
65549.tiff | 20.843 | 20.893 | 0.051 | 0.0330
68340.tiff | 38.245 | 40.896 | 2.651 | 0.0330
75671.tiff | 5.117 | 9.693 | 4.576 | 0.0330
70862.tiff | 14.011 | 14.154 | 0.143 | 0.0330
70830.tiff | 11.348 | 11.562 | 0.214 | 0.0330
71086.tiff | 32.692 | 32.804 | 0.112 | 0.0330
67533.tiff | 9.979 | 11.254 | 1.276 | 0.0330
67315.tiff | 6.672 | 6.163 | 0.509 | 0.0330
73360.tiff | 25.280 | 24.563 | 0.718 | 0.0330
72901.tiff | 25.830 | 25.788 | 0.042 | 0.0330
75359.tiff | 29.471 | 33.566 | 4.095 | 0.0330
71757.tiff | 10.441 | 14.304 | 3.863 | 0.0330
65067.tiff | 2.668 | 5.404 | 2.736 | 0.0330
69713.tiff | 16.410 | 16.255 | 0.155 | 0.0330
68261.tiff | 44.291 | 48.674 | 4.383 | 0.0330
70034.tiff | 41.001 | 41.352 | 0.351 | 0.0330
67573.tiff | 13.047 | 13.999 | 0.953 | 0.0330
72290.tiff | 24.914 | 26.976 | 2.062 | 0.0330
73082.tiff | 40.848 | 41.621 | 0.773 | 0.0330
65623.tiff | 26.432 | 26.106 | 0.327 | 0.0330
66682.tiff | 20.431 | 19.062 | 1.369 | 0.0330
65788.tiff | 38.873 | 40.367 | 1.495 | 0.0330
68333.tiff | 38.820 | 41.028 | 2.209 | 0.0330
75682.tiff | 4.237 | 8.773 | 4.536 | 0.0330
72603.tiff | 1.124 | 3.520 | 2.397 | 0.0330
68281.tiff | 42.646 | 47.091 | 4.446 | 0.0330
76110.tiff | 28.894 | 22.773 | 6.122 | 0.0330
72740.tiff | 12.514 | 12.801 | 0.287 | 0.0330
72013.tiff | 30.498 | 34.064 | 3.565 | 0.0330
74782.tiff | 20.892 | 25.382 | 4.490 | 0.0330
75880.tiff | 11.089 | 6.036 | 5.054 | 0.0330
65479.tiff | 15.475 | 15.852 | 0.377 | 0.0330
70468.tiff | 20.271 | 22.409 | 2.139 | 0.0330
72297.tiff | 24.381 | 26.595 | 2.213 | 0.0330
67648.tiff | 17.834 | 22.154 | 4.320 | 0.0330
74280.tiff | 21.410 | 17.666 | 3.744 | 0.0330
74509.tiff | 1.670 | 3.906 | 2.236 | 0.0330
71572.tiff | 2.225 | 5.435 | 3.210 | 0.0330
66034.tiff | 57.613 | 58.371 | 0.758 | 0.0330
71005.tiff | 25.984 | 25.201 | 0.783 | 0.0330
67599.tiff | 14.529 | 15.151 | 0.622 | 0.0330
72202.tiff | 32.231 | 35.315 | 3.084 | 0.0330
72164.tiff | 35.361 | 38.757 | 3.396 | 0.0330
70823.tiff | 10.692 | 10.787 | 0.095 | 0.0330
65345.tiff | 6.231 | 7.516 | 1.285 | 0.0330
70211.tiff | 41.760 | 41.565 | 0.194 | 0.0330
66872.tiff | 1.462 | 5.377 | 3.915 | 0.0330
73720.tiff | 2.941 | 3.373 | 0.431 | 0.0330
71400.tiff | 15.523 | 17.166 | 1.644 | 0.0330
68987.tiff | 15.933 | 14.465 | 1.468 | 0.0330
75861.tiff | 9.583 | 5.169 | 4.414 | 0.0330
67889.tiff | 36.624 | 43.071 | 6.447 | 0.0330
69624.tiff | 9.599 | 9.983 | 0.384 | 0.0330
69819.tiff | 24.469 | 24.391 | 0.077 | 0.0330
65221.tiff | 3.565 | 3.173 | 0.392 | 0.0330
75392.tiff | 26.871 | 30.161 | 3.289 | 0.0330
71170.tiff | 33.135 | 33.722 | 0.586 | 0.0330
74417.tiff | 9.313 | 5.759 | 3.554 | 0.0330
72809.tiff | 18.215 | 18.057 | 0.158 | 0.0330
70225.tiff | 39.992 | 39.658 | 0.334 | 0.0330
74031.tiff | 26.775 | 24.064 | 2.711 | 0.0330
69017.tiff | 18.427 | 16.612 | 1.815 | 0.0330
70267.tiff | 36.508 | 40.352 | 3.843 | 0.0330
69249.tiff | 18.513 | 17.463 | 1.050 | 0.0330
76102.tiff | 28.231 | 21.765 | 6.466 | 0.0330
72625.tiff | 2.956 | 4.021 | 1.065 | 0.0330
74482.tiff | 3.891 | 3.236 | 0.655 | 0.0330
70538.tiff | 14.396 | 15.660 | 1.264 | 0.0330
66265.tiff | 54.229 | 54.012 | 0.217 | 0.0330
69242.tiff | 19.016 | 17.770 | 1.246 | 0.0330
73791.tiff | 8.338 | 7.001 | 1.337 | 0.0330
75282.tiff | 35.743 | 40.016 | 4.273 | 0.0330
76299.tiff | 38.540 | 35.987 | 2.553 | 0.0330
71701.tiff | 7.748 | 5.464 | 2.284 | 0.0330
67882.tiff | 36.045 | 42.721 | 6.676 | 0.0330
66678.tiff | 20.783 | 19.459 | 1.324 | 0.0330
71344.tiff | 19.840 | 20.887 | 1.047 | 0.0330
65902.tiff | 47.548 | 49.135 | 1.587 | 0.0330
73650.tiff | 2.499 | 4.474 | 1.975 | 0.0330
67297.tiff | 8.044 | 7.494 | 0.549 | 0.0330
72978.tiff | 32.179 | 33.049 | 0.871 | 0.0330
70373.tiff | 27.713 | 30.590 | 2.877 | 0.0330
65297.tiff | 2.548 | 4.254 | 1.707 | 0.0330
74935.tiff | 33.625 | 40.973 | 7.347 | 0.0330
69154.tiff | 25.759 | 23.240 | 2.519 | 0.0330
70610.tiff | 8.451 | 9.897 | 1.446 | 0.0330
65028.tiff | 0.601 | 3.027 | 2.425 | 0.0330
70639.tiff | 6.021 | 7.473 | 1.452 | 0.0330
73377.tiff | 23.888 | 23.218 | 0.671 | 0.0330
68830.tiff | 2.623 | 5.480 | 2.857 | 0.0330
75005.tiff | 39.423 | 44.072 | 4.649 | 0.0330
68249.tiff | 45.343 | 49.813 | 4.470 | 0.0330
73962.tiff | 21.460 | 19.010 | 2.450 | 0.0330
71631.tiff | 2.290 | 3.496 | 1.205 | 0.0330
67581.tiff | 13.705 | 14.303 | 0.599 | 0.0330
74778.tiff | 20.554 | 25.137 | 4.583 | 0.0330
74712.tiff | 15.197 | 20.066 | 4.870 | 0.0330
72212.tiff | 31.400 | 34.364 | 2.964 | 0.0330
66371.tiff | 46.223 | 48.864 | 2.641 | 0.0330
76140.tiff | 30.303 | 37.116 | 6.813 | 0.0330
73575.tiff | 8.375 | 9.670 | 1.296 | 0.0330
71628.tiff | 2.114 | 3.370 | 1.256 | 0.0330
75614.tiff | 9.404 | 13.731 | 4.327 | 0.0330
65682.tiff | 30.915 | 30.626 | 0.290 | 0.0330
75529.tiff | 16.017 | 19.840 | 3.823 | 0.0330
69776.tiff | 21.203 | 21.148 | 0.055 | 0.0330
68160.tiff | 52.805 | 57.805 | 5.000 | 0.0330
67988.tiff | 44.198 | 49.333 | 5.135 | 0.0330
69909.tiff | 31.386 | 32.323 | 0.937 | 0.0330
66883.tiff | 0.570 | 4.619 | 4.049 | 0.0330
70688.tiff | 1.912 | 4.324 | 2.412 | 0.0330
72472.tiff | 9.720 | 11.221 | 1.502 | 0.0330
66941.tiff | 4.340 | 3.578 | 0.762 | 0.0330
68297.tiff | 41.350 | 46.169 | 4.818 | 0.0330
68535.tiff | 21.901 | 21.555 | 0.346 | 0.0330
68730.tiff | 5.702 | 5.479 | 0.223 | 0.0330
72949.tiff | 29.788 | 30.149 | 0.361 | 0.0330
66182.tiff | 61.300 | 61.913 | 0.612 | 0.0330
66376.tiff | 45.759 | 48.272 | 2.513 | 0.0330
70015.tiff | 39.552 | 39.860 | 0.308 | 0.0330
74309.tiff | 18.964 | 15.109 | 3.855 | 0.0330
70836.tiff | 11.799 | 11.819 | 0.020 | 0.0330
65627.tiff | 26.770 | 26.160 | 0.610 | 0.0330
69759.tiff | 19.896 | 19.769 | 0.127 | 0.0330
67113.tiff | 18.877 | 16.206 | 2.671 | 0.0330
72435.tiff | 12.877 | 14.462 | 1.585 | 0.0330
72566.tiff | 1.975 | 3.863 | 1.889 | 0.0330
66768.tiff | 13.187 | 12.256 | 0.931 | 0.0330
72935.tiff | 28.610 | 28.775 | 0.165 | 0.0330
69181.tiff | 23.769 | 21.297 | 2.472 | 0.0330
76210.tiff | 32.000 | 69.141 | 37.141 | 0.0330
70332.tiff | 31.123 | 34.891 | 3.769 | 0.0330
66463.tiff | 38.790 | 40.941 | 2.151 | 0.0330
67888.tiff | 36.538 | 42.941 | 6.403 | 0.0330
70640.tiff | 5.882 | 7.125 | 1.243 | 0.0330
65685.tiff | 31.120 | 31.098 | 0.022 | 0.0330
69540.tiff | 3.139 | 4.880 | 1.741 | 0.0330
69515.tiff | 1.771 | 4.261 | 2.490 | 0.0330
73700.tiff | 1.352 | 3.279 | 1.927 | 0.0330
74955.tiff | 35.273 | 41.824 | 6.551 | 0.0330
66367.tiff | 46.552 | 48.934 | 2.382 | 0.0330
68917.tiff | 9.850 | 12.652 | 2.802 | 0.0330
76083.tiff | 26.799 | 20.435 | 6.364 | 0.0330
67640.tiff | 17.199 | 21.850 | 4.651 | 0.0330
75703.tiff | 2.629 | 7.047 | 4.417 | 0.0330
75218.tiff | 40.657 | 42.949 | 2.292 | 0.0330
72455.tiff | 11.253 | 12.714 | 1.461 | 0.0330
67301.tiff | 7.703 | 7.138 | 0.566 | 0.0330
69788.tiff | 22.087 | 21.934 | 0.153 | 0.0330
67939.tiff | 40.426 | 46.261 | 5.834 | 0.0330
72287.tiff | 25.170 | 27.297 | 2.127 | 0.0330
74793.tiff | 21.791 | 26.481 | 4.690 | 0.0330
71428.tiff | 13.358 | 15.350 | 1.992 | 0.0330
66980.tiff | 7.637 | 5.904 | 1.733 | 0.0330
68804.tiff | 0.467 | 4.014 | 3.548 | 0.0330
69535.tiff | 3.066 | 4.869 | 1.802 | 0.0330
70803.tiff | 9.002 | 8.810 | 0.192 | 0.0330
75696.tiff | 3.132 | 7.487 | 4.355 | 0.0330
70850.tiff | 12.976 | 13.226 | 0.250 | 0.0330
74163.tiff | 31.131 | 27.723 | 3.408 | 0.0330
73491.tiff | 15.184 | 15.767 | 0.584 | 0.0330
69801.tiff | 23.127 | 22.896 | 0.231 | 0.0330
67281.tiff | 9.263 | 8.635 | 0.628 | 0.0330
72699.tiff | 9.058 | 9.181 | 0.123 | 0.0330
73465.tiff | 17.173 | 17.793 | 0.620 | 0.0330
69470.tiff | 1.668 | 3.926 | 2.258 | 0.0330
70134.tiff | 48.205 | 48.342 | 0.138 | 0.0330
65999.tiff | 54.968 | 55.673 | 0.705 | 0.0330
69131.tiff | 27.544 | 24.527 | 3.017 | 0.0330
72749.tiff | 13.211 | 13.501 | 0.290 | 0.0330
76087.tiff | 27.086 | 20.450 | 6.636 | 0.0330
66785.tiff | 11.744 | 10.929 | 0.815 | 0.0330
68183.tiff | 50.891 | 55.979 | 5.089 | 0.0330
74802.tiff | 22.567 | 27.607 | 5.040 | 0.0330
65495.tiff | 16.746 | 17.078 | 0.332 | 0.0330
74428.tiff | 8.371 | 4.865 | 3.506 | 0.0330
73787.tiff | 8.056 | 6.673 | 1.382 | 0.0330
70329.tiff | 31.379 | 35.255 | 3.876 | 0.0330
67861.tiff | 34.463 | 40.619 | 6.156 | 0.0330
72720.tiff | 10.789 | 11.083 | 0.293 | 0.0330
69042.tiff | 20.462 | 18.421 | 2.041 | 0.0330
73683.tiff | 0.034 | 3.379 | 3.345 | 0.0330
67898.tiff | 37.291 | 43.699 | 6.408 | 0.0330
65367.tiff | 7.843 | 8.957 | 1.113 | 0.0330
65850.tiff | 43.583 | 45.923 | 2.340 | 0.0330
71652.tiff | 3.974 | 3.525 | 0.449 | 0.0330
74708.tiff | 14.858 | 19.658 | 4.800 | 0.0330
71866.tiff | 18.890 | 22.920 | 4.031 | 0.0330
70504.tiff | 17.192 | 18.653 | 1.461 | 0.0330
67654.tiff | 18.318 | 22.750 | 4.433 | 0.0330
68504.tiff | 24.476 | 23.969 | 0.507 | 0.0330
66542.tiff | 32.299 | 32.526 | 0.227 | 0.0330
70333.tiff | 31.058 | 34.900 | 3.842 | 0.0330
75032.tiff | 41.287 | 45.005 | 3.719 | 0.0330
65323.tiff | 4.511 | 5.832 | 1.320 | 0.0330
67032.tiff | 12.049 | 10.241 | 1.808 | 0.0330
72657.tiff | 5.590 | 5.700 | 0.110 | 0.0330
65814.tiff | 40.870 | 43.070 | 2.200 | 0.0330
67529.tiff | 9.731 | 11.099 | 1.369 | 0.0330
75608.tiff | 9.933 | 14.117 | 4.184 | 0.0330
75603.tiff | 10.271 | 14.228 | 3.957 | 0.0330
75400.tiff | 26.222 | 29.284 | 3.062 | 0.0330
70275.tiff | 35.862 | 39.414 | 3.553 | 0.0330
66080.tiff | 61.151 | 61.897 | 0.746 | 0.0330
67227.tiff | 13.417 | 12.463 | 0.954 | 0.0330
75332.tiff | 31.498 | 35.700 | 4.202 | 0.0330
72151.tiff | 36.450 | 39.944 | 3.494 | 0.0330
67706.tiff | 22.585 | 27.079 | 4.494 | 0.0330
73467.tiff | 17.046 | 17.707 | 0.662 | 0.0330
73508.tiff | 13.878 | 14.910 | 1.032 | 0.0330
66165.tiff | 62.728 | 63.528 | 0.800 | 0.0330
68262.tiff | 44.240 | 48.638 | 4.397 | 0.0330
74470.tiff | 4.897 | 3.341 | 1.556 | 0.0330
66451.tiff | 39.889 | 42.300 | 2.411 | 0.0330
69230.tiff | 19.931 | 18.443 | 1.489 | 0.0330
68863.tiff | 5.341 | 7.727 | 2.386 | 0.0330
72799.tiff | 17.411 | 17.347 | 0.063 | 0.0330
74142.tiff | 32.800 | 30.166 | 2.634 | 0.0330
68918.tiff | 9.953 | 12.734 | 2.781 | 0.0330
73599.tiff | 6.513 | 7.562 | 1.050 | 0.0330
74225.tiff | 26.006 | 22.475 | 3.531 | 0.0330
75497.tiff | 18.521 | 22.061 | 3.540 | 0.0330
73335.tiff | 29.362 | 31.745 | 2.383 | 0.0330
70757.tiff | 3.774 | 4.614 | 0.840 | 0.0330
69057.tiff | 21.702 | 19.515 | 2.188 | 0.0330
75971.tiff | 18.092 | 12.096 | 5.996 | 0.0330
68000.tiff | 45.044 | 50.188 | 5.143 | 0.0330
75205.tiff | 41.700 | 43.528 | 1.828 | 0.0330
66232.tiff | 57.018 | 57.170 | 0.152 | 0.0330
66515.tiff | 34.519 | 35.146 | 0.627 | 0.0330
67314.tiff | 6.717 | 6.051 | 0.665 | 0.0330
66452.tiff | 39.797 | 41.823 | 2.025 | 0.0330
70693.tiff | 1.489 | 4.084 | 2.594 | 0.0330
74308.tiff | 19.102 | 15.307 | 3.796 | 0.0330
74644.tiff | 9.576 | 14.389 | 4.813 | 0.0330
69322.tiff | 12.903 | 12.577 | 0.326 | 0.0330
72172.tiff | 34.687 | 38.150 | 3.463 | 0.0330
65839.tiff | 42.782 | 45.153 | 2.371 | 0.0330
76206.tiff | 32.002 | 69.145 | 37.143 | 0.0330
75908.tiff | 13.195 | 7.767 | 5.428 | 0.0330
74886.tiff | 29.521 | 37.001 | 7.479 | 0.0330
74817.tiff | 23.814 | 28.748 | 4.933 | 0.0330
68568.tiff | 19.171 | 18.501 | 0.670 | 0.0330
75479.tiff | 19.912 | 23.246 | 3.334 | 0.0330
68088.tiff | 51.820 | 57.231 | 5.410 | 0.0330
71907.tiff | 22.378 | 26.014 | 3.636 | 0.0330
74777.tiff | 20.481 | 25.087 | 4.606 | 0.0330
72466.tiff | 10.228 | 11.923 | 1.695 | 0.0330
69693.tiff | 14.859 | 14.576 | 0.283 | 0.0330
66715.tiff | 17.644 | 16.743 | 0.900 | 0.0330
69271.tiff | 16.796 | 15.938 | 0.858 | 0.0330
65340.tiff | 5.823 | 7.258 | 1.435 | 0.0330
74963.tiff | 35.916 | 42.432 | 6.516 | 0.0330
72601.tiff | 0.951 | 3.371 | 2.419 | 0.0330
71561.tiff | 3.076 | 6.076 | 3.000 | 0.0330
74262.tiff | 22.940 | 19.358 | 3.582 | 0.0330
76045.tiff | 23.837 | 17.123 | 6.714 | 0.0330
65589.tiff | 23.818 | 23.619 | 0.198 | 0.0330
68366.tiff | 36.200 | 38.892 | 2.692 | 0.0330
67671.tiff | 19.670 | 24.135 | 4.465 | 0.0330
68590.tiff | 17.305 | 16.466 | 0.839 | 0.0330
65035.tiff | 0.004 | 3.453 | 3.449 | 0.0330
65029.tiff | 0.544 | 3.160 | 2.615 | 0.0330
67396.tiff | 0.485 | 3.730 | 3.245 | 0.0330
70728.tiff | 1.465 | 3.659 | 2.195 | 0.0330
72174.tiff | 34.547 | 37.957 | 3.411 | 0.0330
67171.tiff | 17.667 | 15.659 | 2.008 | 0.0330
73935.tiff | 19.374 | 16.918 | 2.456 | 0.0330
74032.tiff | 26.935 | 23.965 | 2.970 | 0.0330
65890.tiff | 46.610 | 48.541 | 1.931 | 0.0330
68879.tiff | 6.774 | 9.212 | 2.438 | 0.0330
68323.tiff | 39.700 | 42.428 | 2.727 | 0.0330
75629.tiff | 8.263 | 12.246 | 3.983 | 0.0330
68515.tiff | 23.607 | 23.258 | 0.349 | 0.0330
74673.tiff | 11.954 | 16.651 | 4.697 | 0.0330
75669.tiff | 5.226 | 9.488 | 4.262 | 0.0330
71880.tiff | 19.959 | 23.712 | 3.753 | 0.0330
68734.tiff | 5.430 | 5.292 | 0.138 | 0.0330
75215.tiff | 40.956 | 43.184 | 2.227 | 0.0330
75708.tiff | 2.231 | 6.812 | 4.581 | 0.0330
74618.tiff | 7.448 | 12.280 | 4.832 | 0.0330
69529.tiff | 2.881 | 4.714 | 1.833 | 0.0330
66655.tiff | 22.759 | 21.444 | 1.314 | 0.0330
71609.tiff | 0.707 | 3.706 | 2.999 | 0.0330
71448.tiff | 11.773 | 13.878 | 2.105 | 0.0330
65224.tiff | 3.028 | 2.923 | 0.106 | 0.0330
74754.tiff | 18.644 | 23.331 | 4.687 | 0.0330
70677.tiff | 2.824 | 4.786 | 1.962 | 0.0330
69240.tiff | 19.224 | 17.838 | 1.386 | 0.0330
66591.tiff | 28.134 | 27.029 | 1.106 | 0.0330
72648.tiff | 4.864 | 5.242 | 0.378 | 0.0330
68257.tiff | 44.650 | 49.033 | 4.383 | 0.0330
73115.tiff | 43.584 | 43.973 | 0.389 | 0.0330
71113.tiff | 35.043 | 36.491 | 1.448 | 0.0330
67182.tiff | 16.826 | 14.984 | 1.842 | 0.0330
75115.tiff | 47.190 | 45.587 | 1.602 | 0.0330
73456.tiff | 17.893 | 18.227 | 0.334 | 0.0330
74918.tiff | 32.182 | 39.443 | 7.261 | 0.0330
76165.tiff | 32.006 | 69.081 | 37.075 | 0.0330
73977.tiff | 22.648 | 20.033 | 2.615 | 0.0330
74602.tiff | 6.110 | 10.938 | 4.828 | 0.0330
69818.tiff | 24.357 | 23.973 | 0.384 | 0.0330
74133.tiff | 33.557 | 31.145 | 2.412 | 0.0330
73243.tiff | 36.866 | 38.583 | 1.718 | 0.0330
66210.tiff | 58.881 | 59.404 | 0.523 | 0.0330
65422.tiff | 11.556 | 12.389 | 0.832 | 0.0330
74891.tiff | 29.955 | 37.336 | 7.381 | 0.0330
66707.tiff | 18.356 | 17.297 | 1.059 | 0.0330
66159.tiff | 63.210 | 63.911 | 0.701 | 0.0330
67307.tiff | 7.282 | 6.595 | 0.687 | 0.0330
65274.tiff | 0.780 | 3.116 | 2.336 | 0.0330
65172.tiff | 7.249 | 5.847 | 1.402 | 0.0330
68957.tiff | 13.560 | 16.255 | 2.695 | 0.0330
69866.tiff | 28.082 | 28.183 | 0.101 | 0.0330
71228.tiff | 28.705 | 28.841 | 0.136 | 0.0330
68189.tiff | 50.357 | 55.331 | 4.974 | 0.0330
66726.tiff | 16.705 | 15.678 | 1.028 | 0.0330
70501.tiff | 17.492 | 19.152 | 1.659 | 0.0330
72251.tiff | 28.194 | 30.892 | 2.698 | 0.0330
66565.tiff | 30.287 | 29.582 | 0.705 | 0.0330
66783.tiff | 11.952 | 11.080 | 0.872 | 0.0330
65844.tiff | 43.117 | 45.198 | 2.081 | 0.0330
75575.tiff | 12.460 | 16.414 | 3.954 | 0.0330
70717.tiff | 0.516 | 3.599 | 3.083 | 0.0330
65905.tiff | 47.771 | 49.514 | 1.743 | 0.0330
75864.tiff | 9.775 | 5.131 | 4.644 | 0.0330
75938.tiff | 15.544 | 9.692 | 5.851 | 0.0330
71559.tiff | 3.251 | 6.107 | 2.857 | 0.0330
66548.tiff | 31.724 | 31.397 | 0.327 | 0.0330
67081.tiff | 16.159 | 14.220 | 1.939 | 0.0330
72579.tiff | 0.930 | 3.476 | 2.546 | 0.0330
68986.tiff | 15.914 | 14.278 | 1.636 | 0.0330
73160.tiff | 43.375 | 43.800 | 0.425 | 0.0330
71721.tiff | 9.452 | 6.812 | 2.640 | 0.0330
72911.tiff | 26.656 | 26.638 | 0.019 | 0.0330
73297.tiff | 32.640 | 34.895 | 2.255 | 0.0330
74571.tiff | 3.483 | 8.041 | 4.558 | 0.0330
72543.tiff | 3.884 | 4.964 | 1.080 | 0.0330
68821.tiff | 1.861 | 4.787 | 2.927 | 0.0330
72970.tiff | 31.529 | 32.360 | 0.831 | 0.0330
67647.tiff | 17.786 | 22.197 | 4.411 | 0.0330
70704.tiff | 0.542 | 3.880 | 3.339 | 0.0330
73673.tiff | 0.772 | 3.815 | 3.043 | 0.0330
74372.tiff | 13.020 | 9.231 | 3.789 | 0.0330
65257.tiff | 0.565 | 2.691 | 2.127 | 0.0330
75541.tiff | 15.100 | 19.042 | 3.942 | 0.0330
69351.tiff | 10.719 | 10.546 | 0.173 | 0.0330
72763.tiff | 14.400 | 14.595 | 0.195 | 0.0330
67156.tiff | 18.806 | 16.421 | 2.385 | 0.0330
73263.tiff | 35.311 | 37.506 | 2.195 | 0.0330
75294.tiff | 34.823 | 39.132 | 4.309 | 0.0330
68716.tiff | 6.854 | 6.484 | 0.370 | 0.0330
69058.tiff | 21.784 | 19.603 | 2.181 | 0.0330
73277.tiff | 34.203 | 36.357 | 2.154 | 0.0330
74383.tiff | 12.116 | 8.359 | 3.757 | 0.0330
74894.tiff | 30.182 | 37.639 | 7.457 | 0.0330
73611.tiff | 5.558 | 6.863 | 1.305 | 0.0330
68103.tiff | 52.945 | 58.157 | 5.212 | 0.0330
65559.tiff | 21.614 | 21.425 | 0.188 | 0.0330
72413.tiff | 14.651 | 16.105 | 1.454 | 0.0330
70599.tiff | 9.267 | 10.641 | 1.374 | 0.0330
66437.tiff | 41.016 | 43.624 | 2.608 | 0.0330
65508.tiff | 17.726 | 17.706 | 0.019 | 0.0330
70276.tiff | 35.788 | 39.619 | 3.831 | 0.0330
69473.tiff | 1.348 | 3.789 | 2.441 | 0.0330
66870.tiff | 1.567 | 5.307 | 3.741 | 0.0330
70712.tiff | 0.136 | 3.608 | 3.472 | 0.0330
65756.tiff | 36.497 | 38.036 | 1.539 | 0.0330
71953.tiff | 25.901 | 29.427 | 3.526 | 0.0330
69051.tiff | 21.232 | 19.021 | 2.210 | 0.0330
71741.tiff | 9.221 | 13.194 | 3.973 | 0.0330
68837.tiff | 3.267 | 5.781 | 2.514 | 0.0330
69387.tiff | 7.986 | 7.817 | 0.169 | 0.0330
75170.tiff | 44.560 | 44.804 | 0.245 | 0.0330
67119.tiff | 19.349 | 16.963 | 2.386 | 0.0330
72857.tiff | 22.140 | 21.952 | 0.188 | 0.0330
65730.tiff | 34.469 | 35.287 | 0.818 | 0.0330
65502.tiff | 17.219 | 17.309 | 0.091 | 0.0330
74121.tiff | 33.745 | 31.159 | 2.586 | 0.0330
73002.tiff | 34.228 | 35.081 | 0.853 | 0.0330
72368.tiff | 18.429 | 20.222 | 1.793 | 0.0330
66540.tiff | 32.415 | 32.208 | 0.207 | 0.0330
74289.tiff | 20.660 | 16.917 | 3.742 | 0.0330
66212.tiff | 58.738 | 59.262 | 0.524 | 0.0330
75314.tiff | 33.270 | 37.737 | 4.468 | 0.0330
65673.tiff | 30.189 | 29.739 | 0.451 | 0.0330
69916.tiff | 31.926 | 32.692 | 0.766 | 0.0330
75801.tiff | 4.952 | 3.325 | 1.627 | 0.0330
68378.tiff | 35.101 | 37.634 | 2.533 | 0.0330
69477.tiff | 1.103 | 3.761 | 2.658 | 0.0330
74941.tiff | 34.044 | 41.120 | 7.076 | 0.0330
66465.tiff | 38.682 | 40.752 | 2.070 | 0.0330
69746.tiff | 18.880 | 18.673 | 0.207 | 0.0330
75125.tiff | 47.945 | 45.798 | 2.147 | 0.0330
66193.tiff | 60.433 | 60.879 | 0.447 | 0.0330
68794.tiff | 0.375 | 3.811 | 3.436 | 0.0330
66873.tiff | 1.352 | 5.200 | 3.848 | 0.0330
68591.tiff | 17.274 | 16.515 | 0.760 | 0.0330
68159.tiff | 52.970 | 57.774 | 4.804 | 0.0330
74141.tiff | 32.897 | 30.190 | 2.707 | 0.0330
65506.tiff | 17.542 | 17.771 | 0.230 | 0.0330
65244.tiff | 1.471 | 2.585 | 1.113 | 0.0330
65507.tiff | 17.623 | 17.756 | 0.132 | 0.0330
74260.tiff | 23.080 | 19.410 | 3.670 | 0.0330
73387.tiff | 23.166 | 22.738 | 0.427 | 0.0330
72131.tiff | 38.108 | 41.706 | 3.598 | 0.0330
70904.tiff | 17.519 | 17.680 | 0.161 | 0.0330
75289.tiff | 35.243 | 39.678 | 4.436 | 0.0330
73873.tiff | 14.748 | 12.967 | 1.781 | 0.0330
66774.tiff | 12.760 | 12.090 | 0.670 | 0.0330
70517.tiff | 16.158 | 17.374 | 1.216 | 0.0330
75842.tiff | 8.139 | 4.256 | 3.882 | 0.0330
71290.tiff | 23.967 | 24.601 | 0.634 | 0.0330
74250.tiff | 23.915 | 20.214 | 3.702 | 0.0330
65798.tiff | 39.636 | 41.388 | 1.752 | 0.0330
68619.tiff | 14.914 | 14.125 | 0.790 | 0.0330
67382.tiff | 1.534 | 3.606 | 2.072 | 0.0330
67830.tiff | 32.104 | 38.327 | 6.224 | 0.0330
75543.tiff | 14.880 | 18.763 | 3.883 | 0.0330
74887.tiff | 29.621 | 36.702 | 7.081 | 0.0330
69634.tiff | 10.331 | 10.491 | 0.160 | 0.0330
65313.tiff | 3.755 | 5.079 | 1.324 | 0.0330
65747.tiff | 35.771 | 36.987 | 1.217 | 0.0330
68570.tiff | 18.955 | 18.140 | 0.815 | 0.0330
65791.tiff | 39.120 | 40.907 | 1.787 | 0.0330
67477.tiff | 5.799 | 7.362 | 1.563 | 0.0330
75552.tiff | 14.291 | 17.792 | 3.502 | 0.0330
67571.tiff | 12.959 | 13.682 | 0.722 | 0.0330
73402.tiff | 22.060 | 21.764 | 0.296 | 0.0330
75773.tiff | 2.799 | 3.609 | 0.811 | 0.0330
69356.tiff | 10.301 | 9.919 | 0.383 | 0.0330
67164.tiff | 18.152 | 16.014 | 2.138 | 0.0330
73304.tiff | 32.088 | 34.494 | 2.406 | 0.0330
73095.tiff | 41.916 | 42.798 | 0.883 | 0.0330
65381.tiff | 8.925 | 9.806 | 0.882 | 0.0330
72783.tiff | 15.908 | 15.971 | 0.063 | 0.0330
66293.tiff | 52.706 | 54.592 | 1.886 | 0.0330
66913.tiff | 1.966 | 3.567 | 1.601 | 0.0330
70857.tiff | 13.613 | 13.815 | 0.202 | 0.0331
65600.tiff | 24.727 | 24.402 | 0.325 | 0.0330
68893.tiff | 7.871 | 10.441 | 2.570 | 0.0330
69142.tiff | 26.681 | 24.128 | 2.553 | 0.0330
66653.tiff | 22.889 | 21.734 | 1.155 | 0.0330
72865.tiff | 22.759 | 22.440 | 0.319 | 0.0330
66894.tiff | 0.388 | 4.110 | 3.722 | 0.0330
66945.tiff | 4.684 | 3.769 | 0.915 | 0.0330
68396.tiff | 33.581 | 35.796 | 2.215 | 0.0330
72026.tiff | 31.541 | 35.143 | 3.602 | 0.0330
69363.tiff | 9.755 | 9.391 | 0.364 | 0.0330
76046.tiff | 23.920 | 17.551 | 6.370 | 0.0330
65376.tiff | 8.513 | 9.639 | 1.126 | 0.0330
66967.tiff | 6.543 | 4.802 | 1.741 | 0.0330
68958.tiff | 13.358 | 16.043 | 2.685 | 0.0330
74925.tiff | 32.754 | 40.140 | 7.386 | 0.0330
69424.tiff | 5.141 | 5.401 | 0.260 | 0.0330
70352.tiff | 29.424 | 33.178 | 3.754 | 0.0330
66244.tiff | 56.090 | 56.159 | 0.069 | 0.0330
71840.tiff | 16.923 | 20.715 | 3.792 | 0.0330
74928.tiff | 32.948 | 40.215 | 7.267 | 0.0330
70774.tiff | 5.306 | 5.411 | 0.105 | 0.0330
71770.tiff | 11.483 | 15.350 | 3.866 | 0.0330
71793.tiff | 13.258 | 17.006 | 3.748 | 0.0330
66472.tiff | 38.118 | 39.664 | 1.545 | 0.0330
68347.tiff | 37.657 | 40.432 | 2.775 | 0.0330
69523.tiff | 2.297 | 4.460 | 2.163 | 0.0330
72996.tiff | 33.726 | 34.637 | 0.911 | 0.0330
67854.tiff | 33.886 | 40.094 | 6.207 | 0.0330
69507.tiff | 1.212 | 4.132 | 2.920 | 0.0330
75722.tiff | 1.157 | 5.750 | 4.593 | 0.0330
75166.tiff | 44.818 | 44.726 | 0.092 | 0.0330
76052.tiff | 24.394 | 17.730 | 6.664 | 0.0330
69046.tiff | 20.804 | 18.873 | 1.931 | 0.0330
69063.tiff | 22.184 | 19.837 | 2.347 | 0.0330
70327.tiff | 31.562 | 35.278 | 3.716 | 0.0330
71654.tiff | 4.125 | 3.521 | 0.604 | 0.0330
71152.tiff | 34.535 | 36.034 | 1.499 | 0.0330
69307.tiff | 14.027 | 13.802 | 0.225 | 0.0330
70140.tiff | 47.627 | 47.931 | 0.304 | 0.0330
71250.tiff | 26.994 | 27.377 | 0.383 | 0.0330
75443.tiff | 22.659 | 25.823 | 3.164 | 0.0330
71773.tiff | 11.785 | 15.792 | 4.007 | 0.0330
68991.tiff | 16.275 | 14.916 | 1.359 | 0.0330
66050.tiff | 58.908 | 59.752 | 0.845 | 0.0330
72891.tiff | 24.954 | 24.772 | 0.182 | 0.0330
71843.tiff | 17.083 | 20.870 | 3.786 | 0.0330
75308.tiff | 33.764 | 38.256 | 4.492 | 0.0330
67036.tiff | 12.352 | 10.695 | 1.657 | 0.0330
69040.tiff | 20.279 | 18.130 | 2.150 | 0.0330
71715.tiff | 8.784 | 6.297 | 2.487 | 0.0330
75916.tiff | 13.805 | 8.279 | 5.525 | 0.0330
75585.tiff | 11.693 | 15.875 | 4.182 | 0.0330
66973.tiff | 7.024 | 5.393 | 1.630 | 0.0330
71118.tiff | 35.364 | 36.757 | 1.393 | 0.0330
67100.tiff | 17.766 | 15.582 | 2.184 | 0.0330
66500.tiff | 35.702 | 36.862 | 1.160 | 0.0330
70206.tiff | 42.140 | 41.927 | 0.213 | 0.0330
72966.tiff | 31.198 | 32.067 | 0.869 | 0.0330
65653.tiff | 28.713 | 28.211 | 0.502 | 0.0330
65171.tiff | 7.353 | 5.950 | 1.403 | 0.0330
69086.tiff | 24.154 | 21.666 | 2.488 | 0.0330
65243.tiff | 1.582 | 2.641 | 1.059 | 0.0330
72977.tiff | 32.098 | 32.861 | 0.763 | 0.0330
69372.tiff | 9.081 | 8.714 | 0.367 | 0.0330
66645.tiff | 23.561 | 22.280 | 1.281 | 0.0330
67757.tiff | 26.533 | 31.544 | 5.011 | 0.0330
73957.tiff | 21.057 | 18.623 | 2.433 | 0.0330
71984.tiff | 28.374 | 31.754 | 3.379 | 0.0330
70232.tiff | 39.434 | 43.671 | 4.237 | 0.0330
67077.tiff | 15.837 | 13.850 | 1.987 | 0.0330
69104.tiff | 25.624 | 23.015 | 2.609 | 0.0330
75813.tiff | 5.829 | 3.365 | 2.464 | 0.0330
72999.tiff | 33.937 | 35.049 | 1.112 | 0.0330
69802.tiff | 23.173 | 22.740 | 0.434 | 0.0330
71215.tiff | 29.752 | 29.583 | 0.169 | 0.0330
71278.tiff | 24.908 | 25.404 | 0.496 | 0.0330
74718.tiff | 15.701 | 20.707 | 5.006 | 0.0330
72496.tiff | 7.804 | 9.018 | 1.214 | 0.0330
75664.tiff | 5.593 | 10.082 | 4.490 | 0.0330
75606.tiff | 10.022 | 14.016 | 3.994 | 0.0330
71072.tiff | 31.533 | 31.479 | 0.055 | 0.0330
71863.tiff | 18.631 | 22.239 | 3.608 | 0.0330
75270.tiff | 36.635 | 40.879 | 4.245 | 0.0330
75699.tiff | 2.922 | 7.239 | 4.317 | 0.0330
69662.tiff | 12.488 | 12.474 | 0.014 | 0.0330
69079.tiff | 23.469 | 21.225 | 2.244 | 0.0330
74555.tiff | 2.156 | 6.928 | 4.772 | 0.0330
65641.tiff | 27.781 | 27.402 | 0.380 | 0.0330
66271.tiff | 53.703 | 53.638 | 0.065 | 0.0330
67779.tiff | 28.283 | 34.109 | 5.826 | 0.0330
73586.tiff | 7.482 | 8.763 | 1.281 | 0.0330
69933.tiff | 33.232 | 34.249 | 1.017 | 0.0330
66986.tiff | 8.156 | 6.197 | 1.960 | 0.0330
68862.tiff | 5.337 | 7.779 | 2.442 | 0.0330
68481.tiff | 26.445 | 26.426 | 0.019 | 0.0330
66535.tiff | 32.776 | 32.737 | 0.039 | 0.0330
65326.tiff | 4.769 | 6.087 | 1.319 | 0.0330
67339.tiff | 4.841 | 4.542 | 0.300 | 0.0330
68981.tiff | 15.420 | 14.121 | 1.299 | 0.0330
74903.tiff | 30.943 | 38.396 | 7.453 | 0.0330
74526.tiff | 0.234 | 4.932 | 4.699 | 0.0330
69055.tiff | 21.570 | 19.360 | 2.210 | 0.0330
67238.tiff | 12.573 | 11.664 | 0.909 | 0.0330
70230.tiff | 39.561 | 39.296 | 0.265 | 0.0330
73635.tiff | 3.699 | 5.333 | 1.635 | 0.0330
69572.tiff | 5.556 | 6.380 | 0.824 | 0.0330
75935.tiff | 15.292 | 9.443 | 5.849 | 0.0330
70475.tiff | 19.588 | 21.491 | 1.903 | 0.0330
71082.tiff | 32.331 | 32.412 | 0.081 | 0.0330
65865.tiff | 44.737 | 46.901 | 2.164 | 0.0330
72283.tiff | 25.563 | 27.738 | 2.175 | 0.0330
69943.tiff | 33.974 | 35.200 | 1.227 | 0.0330
73472.tiff | 16.653 | 17.153 | 0.500 | 0.0330
76147.tiff | 31.301 | 51.148 | 19.848 | 0.0330
65372.tiff | 8.241 | 9.269 | 1.029 | 0.0330
73048.tiff | 38.013 | 39.066 | 1.053 | 0.0330
72119.tiff | 37.666 | 41.072 | 3.406 | 0.0330
72326.tiff | 21.921 | 23.946 | 2.026 | 0.0330
71061.tiff | 30.625 | 30.435 | 0.190 | 0.0330
74855.tiff | 26.928 | 33.399 | 6.471 | 0.0330
75301.tiff | 34.243 | 38.683 | 4.440 | 0.0330
75503.tiff | 18.030 | 21.733 | 3.703 | 0.0330
73806.tiff | 9.580 | 8.136 | 1.443 | 0.0330
67365.tiff | 2.830 | 3.706 | 0.876 | 0.0330
68214.tiff | 48.272 | 53.093 | 4.820 | 0.0330
70457.tiff | 21.073 | 22.952 | 1.878 | 0.0330
65912.tiff | 48.267 | 50.110 | 1.843 | 0.0330
75229.tiff | 39.854 | 42.662 | 2.808 | 0.0330
74864.tiff | 27.750 | 34.514 | 6.764 | 0.0330
68790.tiff | 0.662 | 3.774 | 3.111 | 0.0331
73275.tiff | 34.409 | 36.657 | 2.248 | 0.0330
74528.tiff | 0.078 | 5.077 | 5.000 | 0.0330
70582.tiff | 10.756 | 11.931 | 1.175 | 0.0330
73279.tiff | 34.094 | 36.284 | 2.190 | 0.0330
72943.tiff | 29.292 | 29.632 | 0.340 | 0.0330
70061.tiff | 43.042 | 43.434 | 0.392 | 0.0330

===========================================================================
FINAL TEST RESULTS
===========================================================================
Test MAE:                 2.471859 µm
Test RMSE:                4.318455 µm
Test R²:                  0.915941
Test Median AE:           1.783149 µm
Test Bias:                1.290384 µm
Mean inference time:      0.034015 s/image
Median inference time:    0.033004 s/image

Prediction file:          test_predictions_fft_final.csv
===========================================================================
