
===========================================================================
HoloNet TEST INFERENCE
===========================================================================
Device:              cuda
Model:               best_model_fft_ss_final.pth
Patch size:          256
Patches/image:      64

Training Z normalization:
  Z mean = 25.51271408
  Z std  = 16.73392059

Number of test images: 2921
Model loaded successfully.

Image | Z_GT | Z_pred | Abs Error | Time(s)
--------------------------------------------------------------------------------
infer_fft_ss_final.py:251: UserWarning: Specified kernel cache directory could not be created! This disables kernel caching. Specified directory is /Home/Users/celachkar/.cache/torch/kernels. This warning will appear only once per process. (Triggered internally at ../aten/src/ATen/native/cuda/jit_utils.cpp:1442.)
  torch.abs(fft)
35968.tiff | 65.011 | 67.351 | 2.339 | 3.5031
39886.tiff | 65.018 | 68.069 | 3.051 | 0.0457
55629.tiff | 65.020 | 67.185 | 2.165 | 0.0436
59556.tiff | 65.030 | 66.997 | 1.967 | 0.0409
62386.tiff | 65.033 | 67.820 | 2.786 | 0.0408
51707.tiff | 65.044 | 68.209 | 3.165 | 0.0408
61858.tiff | 65.048 | 67.990 | 2.941 | 0.0332
64260.tiff | 65.049 | 68.346 | 3.296 | 0.0332
53661.tiff | 65.060 | 67.445 | 2.385 | 0.0330
40034.tiff | 65.062 | 68.098 | 3.035 | 0.0331
52196.tiff | 65.068 | 68.248 | 3.180 | 0.0331
39887.tiff | 65.069 | 68.030 | 2.961 | 0.0331
46098.tiff | 65.079 | 67.946 | 2.867 | 0.0331
42042.tiff | 65.082 | 67.892 | 2.810 | 0.0331
35960.tiff | 65.099 | 67.220 | 2.121 | 0.0331
51708.tiff | 65.103 | 68.217 | 3.114 | 0.0331
54239.tiff | 65.105 | 67.445 | 2.340 | 0.0331
50157.tiff | 65.106 | 68.044 | 2.938 | 0.0330
61859.tiff | 65.112 | 67.900 | 2.789 | 0.0330
44064.tiff | 65.115 | 67.900 | 2.785 | 0.0331
40033.tiff | 65.118 | 68.168 | 3.050 | 0.0331
41876.tiff | 65.119 | 67.773 | 2.654 | 0.0332
55630.tiff | 65.126 | 67.568 | 2.442 | 0.0331
66131.tiff | 65.129 | 67.645 | 2.516 | 0.0331
35967.tiff | 65.132 | 67.234 | 2.102 | 0.0331
42041.tiff | 65.137 | 67.860 | 2.724 | 0.0333
37992.tiff | 65.141 | 67.603 | 2.462 | 0.0331
58306.tiff | 65.143 | 67.167 | 2.024 | 0.0332
35961.tiff | 65.146 | 67.128 | 1.983 | 0.0331
59557.tiff | 65.162 | 67.223 | 2.061 | 0.0331
43851.tiff | 65.165 | 68.074 | 2.909 | 0.0330
47787.tiff | 65.177 | 68.284 | 3.107 | 0.0332
45814.tiff | 65.185 | 67.967 | 2.783 | 0.0332
39888.tiff | 65.188 | 68.134 | 2.946 | 0.0331
49749.tiff | 65.192 | 68.040 | 2.848 | 0.0334
46096.tiff | 65.195 | 67.959 | 2.765 | 0.0331
51709.tiff | 65.200 | 68.270 | 3.071 | 0.0331
62384.tiff | 65.202 | 67.693 | 2.491 | 0.0331
35966.tiff | 65.208 | 67.262 | 2.053 | 0.0330
41877.tiff | 65.209 | 67.732 | 2.523 | 0.0332
35962.tiff | 65.216 | 67.287 | 2.071 | 0.0331
42040.tiff | 65.217 | 67.847 | 2.630 | 0.0332
63982.tiff | 65.218 | 68.178 | 2.960 | 0.0331
37991.tiff | 65.225 | 67.622 | 2.397 | 0.0331
56267.tiff | 65.227 | 67.568 | 2.341 | 0.0331
37933.tiff | 65.230 | 67.676 | 2.447 | 0.0332
45815.tiff | 65.233 | 67.764 | 2.532 | 0.0330
66133.tiff | 65.236 | 67.529 | 2.293 | 0.0331
48120.tiff | 65.239 | 68.368 | 3.129 | 0.0330
59559.tiff | 65.250 | 66.884 | 1.634 | 0.0331
49750.tiff | 65.273 | 67.977 | 2.704 | 0.0332
64258.tiff | 65.275 | 68.404 | 3.129 | 0.0331
55632.tiff | 65.280 | 67.622 | 2.343 | 0.0331
40031.tiff | 65.283 | 68.105 | 2.822 | 0.0331
51710.tiff | 65.290 | 68.280 | 2.990 | 0.0331
43852.tiff | 65.296 | 67.933 | 2.637 | 0.0331
48119.tiff | 65.306 | 68.490 | 3.184 | 0.0332
41878.tiff | 65.309 | 67.917 | 2.608 | 0.0331
56266.tiff | 65.312 | 67.595 | 2.283 | 0.0331
42039.tiff | 65.320 | 67.844 | 2.524 | 0.0332
37934.tiff | 65.321 | 67.599 | 2.278 | 0.0331
47789.tiff | 65.332 | 68.403 | 3.072 | 0.0331
52193.tiff | 65.335 | 68.181 | 2.847 | 0.0331
50154.tiff | 65.339 | 68.039 | 2.700 | 0.0332
61862.tiff | 65.345 | 67.961 | 2.616 | 0.0331
62382.tiff | 65.346 | 67.757 | 2.411 | 0.0332
43853.tiff | 65.349 | 67.878 | 2.529 | 0.0331
55633.tiff | 65.352 | 67.594 | 2.242 | 0.0331
49751.tiff | 65.361 | 68.015 | 2.654 | 0.0331
44061.tiff | 65.368 | 68.120 | 2.752 | 0.0331
53665.tiff | 65.376 | 67.554 | 2.177 | 0.0332
64257.tiff | 65.380 | 68.380 | 3.000 | 0.0333
48118.tiff | 65.387 | 68.420 | 3.033 | 0.0331
56265.tiff | 65.390 | 67.542 | 2.152 | 0.0332
40029.tiff | 65.391 | 68.403 | 3.012 | 0.0332
51711.tiff | 65.396 | 68.305 | 2.909 | 0.0332
57593.tiff | 65.399 | 67.088 | 1.689 | 0.0331
60503.tiff | 65.403 | 67.413 | 2.009 | 0.0332
37989.tiff | 65.410 | 67.763 | 2.353 | 0.0331
49752.tiff | 65.417 | 68.012 | 2.596 | 0.0332
50153.tiff | 65.417 | 68.122 | 2.704 | 0.0331
59560.tiff | 65.420 | 67.144 | 1.724 | 0.0333
46094.tiff | 65.423 | 67.896 | 2.473 | 0.0331
40030.tiff | 65.428 | 68.044 | 2.616 | 0.0332
42037.tiff | 65.446 | 67.816 | 2.370 | 0.0331
56264.tiff | 65.447 | 67.459 | 2.012 | 0.0331
59561.tiff | 65.456 | 66.951 | 1.495 | 0.0332
46093.tiff | 65.459 | 68.026 | 2.568 | 0.0331
45818.tiff | 65.472 | 67.909 | 2.437 | 0.0331
55634.tiff | 65.473 | 67.646 | 2.173 | 0.0331
63986.tiff | 65.479 | 68.343 | 2.864 | 0.0331
48117.tiff | 65.481 | 68.359 | 2.878 | 0.0331
53666.tiff | 65.503 | 67.571 | 2.068 | 0.0332
40028.tiff | 65.507 | 68.165 | 2.658 | 0.0331
58302.tiff | 65.509 | 67.173 | 1.664 | 0.0331
37987.tiff | 65.513 | 67.595 | 2.082 | 0.0333
47791.tiff | 65.516 | 68.267 | 2.751 | 0.0331
44059.tiff | 65.523 | 68.190 | 2.667 | 0.0331
59562.tiff | 65.528 | 67.219 | 1.691 | 0.0331
43855.tiff | 65.536 | 68.077 | 2.542 | 0.0332
42035.tiff | 65.550 | 67.694 | 2.144 | 0.0331
53667.tiff | 65.555 | 67.613 | 2.057 | 0.0332
60502.tiff | 65.557 | 67.391 | 1.834 | 0.0332
43856.tiff | 65.568 | 68.060 | 2.491 | 0.0331
48116.tiff | 65.572 | 68.457 | 2.885 | 0.0331
39893.tiff | 65.581 | 68.129 | 2.548 | 0.0331
60501.tiff | 65.582 | 67.569 | 1.987 | 0.0332
37986.tiff | 65.587 | 67.724 | 2.137 | 0.0331
40027.tiff | 65.593 | 68.164 | 2.570 | 0.0332
59563.tiff | 65.595 | 67.161 | 1.566 | 0.0331
51714.tiff | 65.596 | 68.380 | 2.784 | 0.0331
44058.tiff | 65.598 | 67.832 | 2.234 | 0.0332
41882.tiff | 65.600 | 67.989 | 2.388 | 0.0331
52190.tiff | 65.609 | 68.353 | 2.745 | 0.0332
54232.tiff | 65.613 | 67.617 | 2.004 | 0.0331
58300.tiff | 65.618 | 67.118 | 1.499 | 0.0331
52189.tiff | 65.630 | 68.332 | 2.702 | 0.0330
48115.tiff | 65.634 | 68.487 | 2.853 | 0.0330
50150.tiff | 65.645 | 68.173 | 2.527 | 0.0331
60500.tiff | 65.649 | 67.548 | 1.898 | 0.0331
49755.tiff | 65.657 | 68.046 | 2.389 | 0.0332
63988.tiff | 65.660 | 68.280 | 2.620 | 0.0331
39894.tiff | 65.664 | 68.187 | 2.524 | 0.0332
47793.tiff | 65.668 | 68.204 | 2.535 | 0.0331
42034.tiff | 65.671 | 68.049 | 2.378 | 0.0332
54231.tiff | 65.676 | 67.643 | 1.967 | 0.0332
40026.tiff | 65.681 | 68.071 | 2.390 | 0.0331
37939.tiff | 65.682 | 67.783 | 2.100 | 0.0332
56262.tiff | 65.684 | 67.548 | 1.864 | 0.0332
51715.tiff | 65.694 | 68.372 | 2.678 | 0.0331
56261.tiff | 65.702 | 67.711 | 2.009 | 0.0331
61867.tiff | 65.703 | 67.963 | 2.260 | 0.0331
48114.tiff | 65.711 | 68.600 | 2.888 | 0.0331
52188.tiff | 65.725 | 68.414 | 2.689 | 0.0333
60499.tiff | 65.736 | 67.399 | 1.664 | 0.0332
37984.tiff | 65.747 | 67.701 | 1.954 | 0.0331
54230.tiff | 65.749 | 67.681 | 1.932 | 0.0332
43858.tiff | 65.761 | 68.176 | 2.414 | 0.0333
51716.tiff | 65.764 | 68.372 | 2.608 | 0.0332
40025.tiff | 65.768 | 68.101 | 2.333 | 0.0332
57597.tiff | 65.770 | 67.248 | 1.478 | 0.0333
41884.tiff | 65.773 | 67.847 | 2.074 | 0.0331
64251.tiff | 65.774 | 68.416 | 2.642 | 0.0331
62377.tiff | 65.776 | 67.813 | 2.037 | 0.0332
56260.tiff | 65.792 | 67.262 | 1.470 | 0.0331
42033.tiff | 65.796 | 67.904 | 2.108 | 0.0331
63995.tiff | 65.801 | 68.308 | 2.507 | 0.0332
63990.tiff | 65.802 | 68.182 | 2.380 | 0.0331
45822.tiff | 65.803 | 68.071 | 2.268 | 0.0332
52186.tiff | 65.807 | 68.300 | 2.492 | 0.0331
50148.tiff | 65.816 | 68.221 | 2.405 | 0.0330
37941.tiff | 65.820 | 67.656 | 1.835 | 0.0331
46089.tiff | 65.826 | 68.043 | 2.217 | 0.0332
58297.tiff | 65.831 | 67.514 | 1.682 | 0.0331
47795.tiff | 65.835 | 68.293 | 2.458 | 0.0333
43859.tiff | 65.839 | 67.914 | 2.076 | 0.0331
55639.tiff | 65.847 | 67.704 | 1.858 | 0.0332
57598.tiff | 65.850 | 67.463 | 1.613 | 0.0331
50147.tiff | 65.857 | 68.150 | 2.292 | 0.0332
49758.tiff | 65.868 | 68.112 | 2.244 | 0.0332
51717.tiff | 65.876 | 68.424 | 2.548 | 0.0332
53671.tiff | 65.886 | 67.782 | 1.896 | 0.0333
61869.tiff | 65.891 | 67.838 | 1.947 | 0.0331
43860.tiff | 65.901 | 67.906 | 2.005 | 0.0331
62376.tiff | 65.908 | 67.694 | 1.786 | 0.0331
64250.tiff | 65.912 | 68.508 | 2.596 | 0.0332
55640.tiff | 65.917 | 67.727 | 1.810 | 0.0331
59567.tiff | 65.919 | 67.149 | 1.230 | 0.0332
63991.tiff | 65.925 | 68.203 | 2.278 | 0.0332
52185.tiff | 65.928 | 68.423 | 2.495 | 0.0331
37982.tiff | 65.929 | 67.888 | 1.959 | 0.0333
58296.tiff | 65.931 | 67.181 | 1.250 | 0.0331
39898.tiff | 65.939 | 68.313 | 2.374 | 0.0331
49759.tiff | 65.946 | 68.079 | 2.133 | 0.0331
54228.tiff | 65.950 | 67.600 | 1.651 | 0.0332
48111.tiff | 65.952 | 68.380 | 2.427 | 0.0331
63996.tiff | 65.969 | 68.095 | 2.126 | 0.0332
53672.tiff | 65.972 | 67.811 | 1.839 | 0.0331
51718.tiff | 65.975 | 68.410 | 2.435 | 0.0332
44053.tiff | 65.983 | 68.035 | 2.052 | 0.0332
37981.tiff | 65.986 | 67.888 | 1.902 | 0.0331
43861.tiff | 65.993 | 68.126 | 2.133 | 0.0331
52184.tiff | 65.996 | 68.430 | 2.434 | 0.0330
55641.tiff | 66.004 | 67.845 | 1.840 | 0.0332
62374.tiff | 66.006 | 67.640 | 1.634 | 0.0330
51719.tiff | 66.008 | 68.407 | 2.399 | 0.0332
54227.tiff | 66.013 | 67.830 | 1.817 | 0.0331
45824.tiff | 66.015 | 67.996 | 1.980 | 0.0333
53673.tiff | 66.029 | 67.888 | 1.860 | 0.0331
49760.tiff | 66.034 | 68.085 | 2.052 | 0.0332
48110.tiff | 66.043 | 68.341 | 2.298 | 0.0331
39899.tiff | 66.045 | 68.127 | 2.083 | 0.0332
64248.tiff | 66.045 | 68.418 | 2.373 | 0.0332
42029.tiff | 66.054 | 68.132 | 2.079 | 0.0332
63997.tiff | 66.055 | 68.304 | 2.248 | 0.0332
46086.tiff | 66.060 | 68.082 | 2.023 | 0.0331
57601.tiff | 66.067 | 67.247 | 1.180 | 0.0332
63993.tiff | 66.070 | 68.152 | 2.082 | 0.0332
40021.tiff | 66.074 | 68.287 | 2.212 | 0.0331
41888.tiff | 66.080 | 67.901 | 1.820 | 0.0331
37944.tiff | 66.091 | 67.670 | 1.578 | 0.0332
56256.tiff | 66.102 | 67.876 | 1.774 | 0.0331
50144.tiff | 66.108 | 68.222 | 2.114 | 0.0332
61872.tiff | 66.111 | 67.921 | 1.809 | 0.0332
46085.tiff | 66.122 | 68.117 | 1.996 | 0.0331
64002.tiff | 66.124 | 68.172 | 2.048 | 0.0332
43863.tiff | 66.127 | 68.272 | 2.145 | 0.0331
60495.tiff | 66.136 | 67.523 | 1.386 | 0.0332
64010.tiff | 66.140 | 68.198 | 2.058 | 0.0331
64247.tiff | 66.142 | 68.407 | 2.265 | 0.0332
52182.tiff | 66.153 | 68.421 | 2.268 | 0.0331
61873.tiff | 66.161 | 68.013 | 1.852 | 0.0332
54225.tiff | 66.162 | 67.716 | 1.554 | 0.0331
47799.tiff | 66.166 | 68.461 | 2.295 | 0.0331
60494.tiff | 66.167 | 67.658 | 1.491 | 0.0331
39900.tiff | 66.176 | 68.149 | 1.973 | 0.0332
48108.tiff | 66.180 | 68.455 | 2.275 | 0.0331
58293.tiff | 66.190 | 67.143 | 0.953 | 0.0331
56255.tiff | 66.197 | 67.688 | 1.491 | 0.0332
53675.tiff | 66.201 | 67.752 | 1.551 | 0.0331
37978.tiff | 66.205 | 67.811 | 1.606 | 0.0333
64003.tiff | 66.207 | 68.447 | 2.240 | 0.0331
50143.tiff | 66.217 | 68.189 | 1.971 | 0.0334
45826.tiff | 66.219 | 68.085 | 1.866 | 0.0331
37946.tiff | 66.222 | 67.915 | 1.693 | 0.0331
39901.tiff | 66.226 | 68.352 | 2.126 | 0.0332
44049.tiff | 66.230 | 68.006 | 1.776 | 0.0333
49762.tiff | 66.234 | 68.172 | 1.938 | 0.0332
59571.tiff | 66.243 | 67.108 | 0.865 | 0.0331
45827.tiff | 66.248 | 67.875 | 1.628 | 0.0331
40019.tiff | 66.251 | 68.211 | 1.961 | 0.0331
64001.tiff | 66.267 | 68.214 | 1.947 | 0.0332
42026.tiff | 66.268 | 68.022 | 1.754 | 0.0331
61874.tiff | 66.273 | 67.888 | 1.615 | 0.0331
60493.tiff | 66.283 | 67.545 | 1.262 | 0.0331
52180.tiff | 66.290 | 68.308 | 2.018 | 0.0331
51722.tiff | 66.295 | 68.362 | 2.067 | 0.0331
49763.tiff | 66.313 | 68.233 | 1.920 | 0.0332
64245.tiff | 66.314 | 68.397 | 2.083 | 0.0333
64012.tiff | 66.318 | 68.331 | 2.013 | 0.0331
47801.tiff | 66.323 | 68.304 | 1.981 | 0.0332
50142.tiff | 66.326 | 68.192 | 1.866 | 0.0331
56253.tiff | 66.332 | 67.678 | 1.347 | 0.0332
39902.tiff | 66.332 | 68.229 | 1.897 | 0.0331
59572.tiff | 66.333 | 67.238 | 0.905 | 0.0331
45828.tiff | 66.345 | 67.963 | 1.618 | 0.0332
64013.tiff | 66.350 | 68.381 | 2.031 | 0.0331
44048.tiff | 66.363 | 67.948 | 1.585 | 0.0332
52179.tiff | 66.378 | 68.459 | 2.080 | 0.0331
60491.tiff | 66.379 | 67.598 | 1.219 | 0.0332
53677.tiff | 66.383 | 67.796 | 1.412 | 0.0331
57604.tiff | 66.388 | 67.307 | 0.919 | 0.0332
50141.tiff | 66.392 | 68.179 | 1.787 | 0.0331
57605.tiff | 66.395 | 67.406 | 1.011 | 0.0332
60492.tiff | 66.396 | 67.593 | 1.197 | 0.0331
37948.tiff | 66.407 | 67.935 | 1.527 | 0.0331
43866.tiff | 66.413 | 67.910 | 1.497 | 0.0331
39903.tiff | 66.414 | 68.220 | 1.806 | 0.0331
61876.tiff | 66.423 | 67.806 | 1.382 | 0.0332
55646.tiff | 66.425 | 67.966 | 1.542 | 0.0331
56252.tiff | 66.426 | 67.551 | 1.125 | 0.0332
44047.tiff | 66.431 | 67.977 | 1.545 | 0.0332
41892.tiff | 66.436 | 68.062 | 1.626 | 0.0331
46081.tiff | 66.440 | 68.247 | 1.807 | 0.0331
37976.tiff | 66.449 | 67.831 | 1.382 | 0.0331
50140.tiff | 66.456 | 68.263 | 1.807 | 0.0331
64006.tiff | 66.462 | 68.267 | 1.805 | 0.0331
64014.tiff | 66.464 | 68.368 | 1.904 | 0.0332
43867.tiff | 66.473 | 68.223 | 1.750 | 0.0332
62366.tiff | 66.481 | 67.837 | 1.355 | 0.0331
64015.tiff | 66.489 | 68.148 | 1.660 | 0.0331
57606.tiff | 66.491 | 67.375 | 0.883 | 0.0332
42024.tiff | 66.496 | 68.178 | 1.682 | 0.0331
47803.tiff | 66.497 | 68.411 | 1.914 | 0.0332
54221.tiff | 66.500 | 68.001 | 1.501 | 0.0332
59574.tiff | 66.509 | 66.885 | 0.377 | 0.0331
40016.tiff | 66.515 | 68.205 | 1.690 | 0.0331
48104.tiff | 66.518 | 68.444 | 1.926 | 0.0333
53679.tiff | 66.525 | 67.870 | 1.345 | 0.0332
57607.tiff | 66.528 | 67.223 | 0.695 | 0.0331
58288.tiff | 66.536 | 67.125 | 0.589 | 0.0331
45831.tiff | 66.536 | 68.166 | 1.630 | 0.0331
54220.tiff | 66.540 | 67.786 | 1.246 | 0.0332
64007.tiff | 66.541 | 68.457 | 1.916 | 0.0331
37974.tiff | 66.549 | 67.883 | 1.334 | 0.0331
59575.tiff | 66.550 | 67.170 | 0.620 | 0.0332
50139.tiff | 66.554 | 68.283 | 1.729 | 0.0331
52177.tiff | 66.563 | 68.455 | 1.892 | 0.0331
61878.tiff | 66.569 | 68.109 | 1.540 | 0.0331
64242.tiff | 66.571 | 68.478 | 1.908 | 0.0331
51726.tiff | 66.578 | 68.510 | 1.932 | 0.0331
56250.tiff | 66.581 | 67.601 | 1.021 | 0.0331
48103.tiff | 66.587 | 68.433 | 1.846 | 0.0332
46079.tiff | 66.593 | 68.255 | 1.662 | 0.0331
60489.tiff | 66.615 | 67.347 | 0.732 | 0.0332
62364.tiff | 66.616 | 67.839 | 1.223 | 0.0331
51727.tiff | 66.625 | 68.355 | 1.730 | 0.0332
62363.tiff | 66.630 | 67.687 | 1.057 | 0.0331
53680.tiff | 66.635 | 68.049 | 1.414 | 0.0332
61879.tiff | 66.642 | 67.965 | 1.322 | 0.0331
37973.tiff | 66.647 | 67.851 | 1.205 | 0.0331
47805.tiff | 66.657 | 68.576 | 1.919 | 0.0332
56249.tiff | 66.662 | 67.563 | 0.901 | 0.0331
64017.tiff | 66.665 | 68.273 | 1.608 | 0.0332
45832.tiff | 66.669 | 68.026 | 1.358 | 0.0331
64241.tiff | 66.670 | 68.437 | 1.767 | 0.0332
43869.tiff | 66.674 | 68.009 | 1.335 | 0.0331
54219.tiff | 66.678 | 67.891 | 1.214 | 0.0332
37951.tiff | 66.678 | 68.028 | 1.350 | 0.0331
42021.tiff | 66.694 | 68.090 | 1.396 | 0.0332
58286.tiff | 66.699 | 67.272 | 0.573 | 0.0331
57609.tiff | 66.705 | 67.287 | 0.582 | 0.0331
62370.tiff | 66.719 | 67.901 | 1.182 | 0.0332
43870.tiff | 66.722 | 67.899 | 1.177 | 0.0331
39907.tiff | 66.725 | 68.200 | 1.475 | 0.0333
61880.tiff | 66.727 | 67.817 | 1.089 | 0.0331
44044.tiff | 66.733 | 68.107 | 1.374 | 0.0333
64018.tiff | 66.741 | 68.215 | 1.474 | 0.0331
51728.tiff | 66.747 | 68.504 | 1.757 | 0.0334
40013.tiff | 66.749 | 68.193 | 1.444 | 0.0332
56248.tiff | 66.758 | 67.423 | 0.665 | 0.0331
44043.tiff | 66.770 | 68.162 | 1.392 | 0.0332
42020.tiff | 66.778 | 68.106 | 1.328 | 0.0331
57610.tiff | 66.786 | 67.252 | 0.466 | 0.0332
55650.tiff | 66.787 | 67.644 | 0.857 | 0.0331
58285.tiff | 66.792 | 67.220 | 0.427 | 0.0332
40012.tiff | 66.800 | 68.136 | 1.336 | 0.0332
46077.tiff | 66.802 | 68.275 | 1.474 | 0.0332
39908.tiff | 66.810 | 68.368 | 1.558 | 0.0331
52174.tiff | 66.811 | 68.429 | 1.618 | 0.0332
48100.tiff | 66.814 | 68.417 | 1.603 | 0.0331
52173.tiff | 66.823 | 68.428 | 1.605 | 0.0332
59578.tiff | 66.826 | 67.144 | 0.319 | 0.0332
55651.tiff | 66.827 | 67.759 | 0.931 | 0.0331
50136.tiff | 66.837 | 68.284 | 1.447 | 0.0332
54217.tiff | 66.839 | 67.983 | 1.145 | 0.0331
62368.tiff | 66.848 | 67.927 | 1.079 | 0.0331
54216.tiff | 66.853 | 67.975 | 1.122 | 0.0331
53683.tiff | 66.858 | 68.090 | 1.233 | 0.0332
44042.tiff | 66.863 | 68.071 | 1.207 | 0.0332
50135.tiff | 66.867 | 68.258 | 1.391 | 0.0332
42019.tiff | 66.871 | 68.226 | 1.355 | 0.0331
64020.tiff | 66.872 | 68.250 | 1.378 | 0.0331
64239.tiff | 66.883 | 68.566 | 1.683 | 0.0331
43872.tiff | 66.886 | 68.016 | 1.130 | 0.0331
45835.tiff | 66.890 | 68.067 | 1.177 | 0.0332
51730.tiff | 66.897 | 68.402 | 1.505 | 0.0331
49770.tiff | 66.901 | 68.275 | 1.374 | 0.0331
40011.tiff | 66.903 | 68.057 | 1.154 | 0.0332
59579.tiff | 66.915 | 67.053 | 0.139 | 0.0331
48099.tiff | 66.917 | 68.366 | 1.449 | 0.0333
61883.tiff | 66.922 | 68.074 | 1.153 | 0.0331
57611.tiff | 66.940 | 67.296 | 0.357 | 0.0332
42018.tiff | 66.941 | 68.245 | 1.304 | 0.0333
56245.tiff | 66.947 | 67.948 | 1.002 | 0.0332
39910.tiff | 66.947 | 68.241 | 1.294 | 0.0332
47809.tiff | 66.954 | 68.457 | 1.504 | 0.0332
51731.tiff | 66.962 | 68.424 | 1.461 | 0.0332
47810.tiff | 66.964 | 68.394 | 1.430 | 0.0331
50134.tiff | 66.973 | 68.335 | 1.362 | 0.0332
60484.tiff | 66.991 | 67.767 | 0.775 | 0.0331
41899.tiff | 66.999 | 67.979 | 0.980 | 0.0331
59580.tiff | 67.006 | 67.343 | 0.337 | 0.0331
55653.tiff | 67.007 | 67.759 | 0.753 | 0.0331
49772.tiff | 67.008 | 68.222 | 1.214 | 0.0331
53685.tiff | 67.020 | 67.973 | 0.953 | 0.0333
61884.tiff | 67.023 | 67.890 | 0.867 | 0.0331
64022.tiff | 67.030 | 68.277 | 1.247 | 0.0331
40009.tiff | 67.033 | 68.458 | 1.425 | 0.0331
39911.tiff | 67.034 | 68.190 | 1.155 | 0.0331
64237.tiff | 67.037 | 68.555 | 1.518 | 0.0331
56244.tiff | 67.045 | 67.690 | 0.645 | 0.0331
52171.tiff | 67.050 | 68.325 | 1.275 | 0.0332
55654.tiff | 67.054 | 67.898 | 0.844 | 0.0331
64236.tiff | 67.057 | 68.647 | 1.590 | 0.0331
58281.tiff | 67.064 | 67.313 | 0.249 | 0.0331
51732.tiff | 67.082 | 68.564 | 1.481 | 0.0332
52170.tiff | 67.082 | 68.461 | 1.378 | 0.0332
37956.tiff | 67.088 | 68.136 | 1.048 | 0.0332
61885.tiff | 67.094 | 67.949 | 0.855 | 0.0331
49773.tiff | 67.096 | 68.336 | 1.240 | 0.0331
44039.tiff | 67.102 | 68.078 | 0.977 | 0.0332
37967.tiff | 67.112 | 67.856 | 0.745 | 0.0331
56243.tiff | 67.116 | 67.727 | 0.612 | 0.0332
48096.tiff | 67.128 | 68.414 | 1.286 | 0.0331
60482.tiff | 67.130 | 67.809 | 0.679 | 0.0332
55655.tiff | 67.135 | 67.909 | 0.774 | 0.0331
42016.tiff | 67.141 | 68.166 | 1.025 | 0.0332
60483.tiff | 67.147 | 67.559 | 0.412 | 0.0332
47811.tiff | 67.155 | 68.483 | 1.328 | 0.0331
45838.tiff | 67.160 | 68.104 | 0.944 | 0.0332
51733.tiff | 67.172 | 68.401 | 1.229 | 0.0331
61886.tiff | 67.174 | 67.864 | 0.690 | 0.0331
49774.tiff | 67.177 | 68.338 | 1.161 | 0.0332
48095.tiff | 67.180 | 68.421 | 1.241 | 0.0331
61887.tiff | 67.191 | 67.842 | 0.651 | 0.0331
56242.tiff | 67.194 | 67.726 | 0.532 | 0.0332
58280.tiff | 67.195 | 67.223 | 0.028 | 0.0331
37958.tiff | 67.198 | 67.912 | 0.714 | 0.0331
39913.tiff | 67.203 | 68.247 | 1.044 | 0.0331
44037.tiff | 67.207 | 68.252 | 1.045 | 0.0331
44038.tiff | 67.212 | 68.051 | 0.839 | 0.0331
55656.tiff | 67.213 | 67.878 | 0.665 | 0.0333
54212.tiff | 67.216 | 67.996 | 0.780 | 0.0331
49775.tiff | 67.235 | 68.408 | 1.172 | 0.0331
50130.tiff | 67.253 | 68.348 | 1.095 | 0.0332
52168.tiff | 67.256 | 68.315 | 1.059 | 0.0331
46071.tiff | 67.265 | 68.187 | 0.922 | 0.0331
64234.tiff | 67.266 | 68.533 | 1.266 | 0.0332
42014.tiff | 67.275 | 68.102 | 0.827 | 0.0331
58278.tiff | 67.282 | 67.484 | 0.202 | 0.0332
48094.tiff | 67.286 | 68.381 | 1.095 | 0.0331
40006.tiff | 67.290 | 68.057 | 0.768 | 0.0331
53688.tiff | 67.294 | 68.067 | 0.772 | 0.0331
45839.tiff | 67.306 | 68.114 | 0.808 | 0.0332
53689.tiff | 67.307 | 68.028 | 0.721 | 0.0331
46070.tiff | 67.313 | 68.203 | 0.890 | 0.0332
54211.tiff | 67.317 | 68.182 | 0.866 | 0.0332
57616.tiff | 67.317 | 67.379 | 0.061 | 0.0334
51735.tiff | 67.329 | 68.440 | 1.111 | 0.0331
44036.tiff | 67.334 | 68.130 | 0.796 | 0.0331
62359.tiff | 67.338 | 67.817 | 0.479 | 0.0332
52167.tiff | 67.344 | 68.430 | 1.086 | 0.0331
59584.tiff | 67.356 | 67.087 | 0.269 | 0.0331
43878.tiff | 67.357 | 68.069 | 0.712 | 0.0331
55658.tiff | 67.360 | 67.892 | 0.533 | 0.0332
39915.tiff | 67.360 | 68.353 | 0.993 | 0.0331
50128.tiff | 67.367 | 68.369 | 1.002 | 0.0332
62358.tiff | 67.372 | 67.940 | 0.568 | 0.0332
41904.tiff | 67.375 | 68.236 | 0.860 | 0.0331
47814.tiff | 67.385 | 68.511 | 1.126 | 0.0332
37964.tiff | 67.388 | 68.006 | 0.618 | 0.0331
37960.tiff | 67.391 | 67.956 | 0.565 | 0.0332
44035.tiff | 67.394 | 68.099 | 0.705 | 0.0331
59585.tiff | 67.399 | 67.007 | 0.392 | 0.0332
64027.tiff | 67.403 | 68.283 | 0.880 | 0.0331
58277.tiff | 67.408 | 67.355 | 0.053 | 0.0332
53690.tiff | 67.421 | 68.066 | 0.644 | 0.0331
57617.tiff | 67.423 | 67.425 | 0.002 | 0.0331
56239.tiff | 67.426 | 67.507 | 0.080 | 0.0332
42012.tiff | 67.438 | 68.252 | 0.814 | 0.0331
54209.tiff | 67.441 | 68.060 | 0.618 | 0.0332
37961.tiff | 67.449 | 67.900 | 0.451 | 0.0331
58276.tiff | 67.457 | 67.250 | 0.207 | 0.0332
39916.tiff | 67.466 | 68.447 | 0.981 | 0.0333
49777.tiff | 67.467 | 68.383 | 0.916 | 0.0334
51737.tiff | 67.469 | 68.399 | 0.930 | 0.0331
57618.tiff | 67.482 | 67.650 | 0.169 | 0.0331
46068.tiff | 67.484 | 68.105 | 0.621 | 0.0331
55659.tiff | 67.494 | 67.800 | 0.305 | 0.0331
44034.tiff | 67.503 | 68.066 | 0.563 | 0.0331
50126.tiff | 67.507 | 68.413 | 0.907 | 0.0331
47816.tiff | 67.514 | 68.228 | 0.713 | 0.0332
43880.tiff | 67.515 | 67.898 | 0.384 | 0.0332
41905.tiff | 67.523 | 67.943 | 0.420 | 0.0331
54208.tiff | 67.527 | 68.128 | 0.601 | 0.0332
61891.tiff | 67.528 | 67.912 | 0.385 | 0.0331
42011.tiff | 67.540 | 68.024 | 0.484 | 0.0331
64029.tiff | 67.544 | 68.195 | 0.651 | 0.0331
51738.tiff | 67.557 | 68.321 | 0.764 | 0.0332
57619.tiff | 67.571 | 67.496 | 0.075 | 0.0331
53692.tiff | 67.572 | 68.009 | 0.437 | 0.0332
59587.tiff | 67.576 | 67.207 | 0.369 | 0.0331
49779.tiff | 67.586 | 68.363 | 0.777 | 0.0331
54207.tiff | 67.597 | 68.080 | 0.483 | 0.0331
52164.tiff | 67.605 | 68.385 | 0.780 | 0.0331
42010.tiff | 67.608 | 68.232 | 0.624 | 0.0331
58274.tiff | 67.619 | 67.471 | 0.148 | 0.0331
44032.tiff | 67.623 | 68.114 | 0.491 | 0.0331
39918.tiff | 67.625 | 68.245 | 0.620 | 0.0330
57620.tiff | 67.637 | 67.403 | 0.234 | 0.0330
48089.tiff | 67.643 | 68.384 | 0.741 | 0.0332
59588.tiff | 67.649 | 66.910 | 0.739 | 0.0331
45844.tiff | 67.652 | 68.216 | 0.564 | 0.0332
43881.tiff | 67.654 | 68.045 | 0.391 | 0.0331
51739.tiff | 67.655 | 68.487 | 0.832 | 0.0332
50124.tiff | 67.659 | 68.401 | 0.742 | 0.0332
52163.tiff | 67.674 | 68.528 | 0.854 | 0.0331
41908.tiff | 67.676 | 68.176 | 0.500 | 0.0332
49780.tiff | 67.684 | 68.436 | 0.752 | 0.0331
60476.tiff | 67.693 | 67.837 | 0.144 | 0.0332
45845.tiff | 67.695 | 68.120 | 0.425 | 0.0331
57621.tiff | 67.698 | 67.572 | 0.126 | 0.0332
61893.tiff | 67.703 | 67.917 | 0.214 | 0.0331
64031.tiff | 67.715 | 68.320 | 0.606 | 0.0334
51740.tiff | 67.719 | 68.529 | 0.810 | 0.0332
46065.tiff | 67.724 | 68.165 | 0.440 | 0.0331
55662.tiff | 67.730 | 67.685 | 0.044 | 0.0332
42008.tiff | 67.736 | 68.291 | 0.556 | 0.0333
52162.tiff | 67.737 | 68.484 | 0.747 | 0.0331
40000.tiff | 67.745 | 68.459 | 0.714 | 0.0333
57622.tiff | 67.760 | 67.278 | 0.482 | 0.0332
64228.tiff | 67.767 | 68.544 | 0.777 | 0.0332
48088.tiff | 67.783 | 68.446 | 0.664 | 0.0331
54205.tiff | 67.794 | 68.091 | 0.298 | 0.0331
43883.tiff | 67.797 | 67.990 | 0.193 | 0.0331
39920.tiff | 67.800 | 68.363 | 0.563 | 0.0331
49781.tiff | 67.810 | 68.328 | 0.517 | 0.0331
45846.tiff | 67.827 | 68.164 | 0.338 | 0.0331
55663.tiff | 67.828 | 67.974 | 0.146 | 0.0331
47819.tiff | 67.832 | 68.414 | 0.582 | 0.0334
39999.tiff | 67.841 | 68.312 | 0.471 | 0.0332
54204.tiff | 67.847 | 68.112 | 0.266 | 0.0331
57623.tiff | 67.850 | 67.437 | 0.414 | 0.0332
44030.tiff | 67.857 | 68.020 | 0.163 | 0.0332
42006.tiff | 67.858 | 68.194 | 0.336 | 0.0331
49782.tiff | 67.863 | 68.508 | 0.645 | 0.0331
43885.tiff | 67.865 | 67.963 | 0.098 | 0.0332
64227.tiff | 67.867 | 68.571 | 0.704 | 0.0332
51742.tiff | 67.876 | 68.579 | 0.703 | 0.0331
53695.tiff | 67.878 | 68.101 | 0.223 | 0.0331
44029.tiff | 67.881 | 67.988 | 0.108 | 0.0331
58271.tiff | 67.885 | 67.422 | 0.463 | 0.0333
50122.tiff | 67.891 | 68.404 | 0.513 | 0.0331
55664.tiff | 67.909 | 67.768 | 0.141 | 0.0332
62356.tiff | 67.917 | 67.997 | 0.080 | 0.0331
59591.tiff | 67.926 | 67.009 | 0.916 | 0.0331
52160.tiff | 67.927 | 68.606 | 0.679 | 0.0331
56233.tiff | 67.937 | 67.562 | 0.376 | 0.0331
45848.tiff | 67.939 | 68.117 | 0.178 | 0.0332
53696.tiff | 67.942 | 68.109 | 0.167 | 0.0331
47821.tiff | 67.943 | 68.375 | 0.432 | 0.0332
60473.tiff | 67.948 | 67.584 | 0.364 | 0.0332
60474.tiff | 67.955 | 67.400 | 0.555 | 0.0332
39997.tiff | 67.966 | 68.004 | 0.037 | 0.0332
48085.tiff | 67.977 | 68.438 | 0.461 | 0.0331
46061.tiff | 67.978 | 68.099 | 0.120 | 0.0331
52159.tiff | 67.981 | 68.520 | 0.539 | 0.0331
54202.tiff | 67.986 | 68.082 | 0.096 | 0.0332
42005.tiff | 67.987 | 68.084 | 0.097 | 0.0331
62355.tiff | 67.990 | 67.998 | 0.007 | 0.0331
45849.tiff | 68.005 | 68.228 | 0.223 | 0.0332
43886.tiff | 68.008 | 67.884 | 0.124 | 0.0331
57625.tiff | 68.026 | 67.367 | 0.659 | 0.0332
61897.tiff | 68.028 | 67.898 | 0.130 | 0.0331
59593.tiff | 68.035 | 67.031 | 1.004 | 0.0332
48084.tiff | 68.038 | 68.484 | 0.445 | 0.0331
52158.tiff | 68.046 | 68.519 | 0.473 | 0.0331
55666.tiff | 68.052 | 67.863 | 0.189 | 0.0331
42004.tiff | 68.059 | 68.290 | 0.232 | 0.0332
58269.tiff | 68.059 | 67.318 | 0.741 | 0.0332
60472.tiff | 68.072 | 67.854 | 0.219 | 0.0331
62354.tiff | 68.079 | 67.760 | 0.319 | 0.0331
57626.tiff | 68.084 | 67.536 | 0.548 | 0.0331
39996.tiff | 68.092 | 68.222 | 0.131 | 0.0331
41913.tiff | 68.095 | 68.123 | 0.027 | 0.0332
59594.tiff | 68.107 | 67.245 | 0.863 | 0.0331
47823.tiff | 68.108 | 68.436 | 0.327 | 0.0332
64036.tiff | 68.110 | 68.154 | 0.044 | 0.0331
45850.tiff | 68.114 | 68.238 | 0.125 | 0.0332
46060.tiff | 68.124 | 68.092 | 0.032 | 0.0332
50118.tiff | 68.139 | 68.568 | 0.429 | 0.0333
52157.tiff | 68.139 | 68.467 | 0.328 | 0.0331
58267.tiff | 68.143 | 67.462 | 0.681 | 0.0332
39925.tiff | 68.162 | 68.039 | 0.123 | 0.0332
45851.tiff | 68.165 | 68.162 | 0.003 | 0.0331
55667.tiff | 68.166 | 68.123 | 0.042 | 0.0332
49786.tiff | 68.168 | 68.417 | 0.249 | 0.0331
52156.tiff | 68.173 | 68.514 | 0.341 | 0.0332
44025.tiff | 68.178 | 67.971 | 0.207 | 0.0331
64224.tiff | 68.182 | 68.484 | 0.302 | 0.0331
62352.tiff | 68.189 | 67.805 | 0.384 | 0.0331
60470.tiff | 68.200 | 67.744 | 0.455 | 0.0332
56229.tiff | 68.206 | 68.054 | 0.152 | 0.0331
42002.tiff | 68.214 | 68.275 | 0.062 | 0.0331
55668.tiff | 68.217 | 67.738 | 0.479 | 0.0332
64038.tiff | 68.226 | 68.091 | 0.135 | 0.0331
48082.tiff | 68.227 | 68.196 | 0.031 | 0.0331
39926.tiff | 68.232 | 68.097 | 0.136 | 0.0331
49787.tiff | 68.241 | 68.523 | 0.281 | 0.0331
46058.tiff | 68.245 | 68.115 | 0.130 | 0.0331
53700.tiff | 68.254 | 68.239 | 0.015 | 0.0332
58266.tiff | 68.267 | 67.456 | 0.811 | 0.0331
64222.tiff | 68.278 | 68.473 | 0.196 | 0.0331
43889.tiff | 68.282 | 67.773 | 0.509 | 0.0331
54198.tiff | 68.289 | 68.203 | 0.086 | 0.0331
51747.tiff | 68.293 | 68.577 | 0.285 | 0.0332
61900.tiff | 68.296 | 67.933 | 0.363 | 0.0331
57628.tiff | 68.303 | 67.472 | 0.831 | 0.0332
52155.tiff | 68.311 | 68.441 | 0.129 | 0.0331
62351.tiff | 68.313 | 67.803 | 0.511 | 0.0332
64221.tiff | 68.325 | 68.289 | 0.036 | 0.0332
46057.tiff | 68.332 | 68.267 | 0.065 | 0.0332
61901.tiff | 68.337 | 67.966 | 0.371 | 0.0331
64039.tiff | 68.343 | 68.228 | 0.115 | 0.0332
53701.tiff | 68.351 | 68.350 | 0.001 | 0.0331
42001.tiff | 68.355 | 68.228 | 0.127 | 0.0331
55670.tiff | 68.364 | 67.933 | 0.432 | 0.0332
48080.tiff | 68.368 | 68.348 | 0.020 | 0.0331
49789.tiff | 68.370 | 68.462 | 0.092 | 0.0332
60468.tiff | 68.374 | 67.972 | 0.402 | 0.0331
49788.tiff | 68.381 | 68.493 | 0.113 | 0.0332
45853.tiff | 68.382 | 68.092 | 0.290 | 0.0332
42000.tiff | 68.400 | 68.069 | 0.331 | 0.0331
46056.tiff | 68.409 | 68.129 | 0.280 | 0.0331
52153.tiff | 68.410 | 68.459 | 0.049 | 0.0331
52154.tiff | 68.411 | 68.496 | 0.085 | 0.0332
64041.tiff | 68.412 | 68.422 | 0.010 | 0.0331
39992.tiff | 68.423 | 68.258 | 0.166 | 0.0332
58264.tiff | 68.427 | 67.324 | 1.103 | 0.0331
45854.tiff | 68.432 | 68.176 | 0.255 | 0.0331
51749.tiff | 68.437 | 68.643 | 0.206 | 0.0333
47827.tiff | 68.441 | 68.428 | 0.013 | 0.0332
55671.tiff | 68.446 | 67.841 | 0.606 | 0.0331
41917.tiff | 68.447 | 67.982 | 0.465 | 0.0331
54196.tiff | 68.453 | 68.188 | 0.264 | 0.0331
55672.tiff | 68.476 | 67.716 | 0.759 | 0.0331
41999.tiff | 68.481 | 68.123 | 0.358 | 0.0331
61903.tiff | 68.487 | 68.021 | 0.466 | 0.0331
50114.tiff | 68.497 | 68.389 | 0.108 | 0.0332
53703.tiff | 68.507 | 68.269 | 0.238 | 0.0331
61904.tiff | 68.512 | 67.791 | 0.720 | 0.0332
47828.tiff | 68.514 | 68.334 | 0.180 | 0.0332
53704.tiff | 68.517 | 68.206 | 0.311 | 0.0331
48078.tiff | 68.523 | 68.336 | 0.187 | 0.0332
49790.tiff | 68.526 | 68.469 | 0.057 | 0.0333
57631.tiff | 68.531 | 67.365 | 1.166 | 0.0331
45855.tiff | 68.534 | 67.927 | 0.607 | 0.0332
58263.tiff | 68.536 | 67.492 | 1.044 | 0.0331
41998.tiff | 68.546 | 68.130 | 0.416 | 0.0332
55673.tiff | 68.558 | 67.877 | 0.681 | 0.0331
54195.tiff | 68.562 | 68.145 | 0.417 | 0.0332
64219.tiff | 68.564 | 68.385 | 0.179 | 0.0331
58262.tiff | 68.566 | 67.302 | 1.264 | 0.0331
41918.tiff | 68.581 | 67.937 | 0.644 | 0.0331
45856.tiff | 68.583 | 68.100 | 0.483 | 0.0331
64043.tiff | 68.592 | 68.296 | 0.295 | 0.0332
49791.tiff | 68.597 | 68.410 | 0.187 | 0.0331
46054.tiff | 68.606 | 68.024 | 0.582 | 0.0332
57632.tiff | 68.611 | 67.518 | 1.093 | 0.0331
43893.tiff | 68.618 | 67.940 | 0.678 | 0.0331
41919.tiff | 68.628 | 67.889 | 0.740 | 0.0331
59600.tiff | 68.633 | 67.399 | 1.233 | 0.0331
53705.tiff | 68.635 | 68.293 | 0.342 | 0.0332
62347.tiff | 68.641 | 67.914 | 0.727 | 0.0332
39931.tiff | 68.654 | 68.144 | 0.510 | 0.0331
49792.tiff | 68.656 | 68.521 | 0.134 | 0.0331
46053.tiff | 68.664 | 68.260 | 0.405 | 0.0332
52150.tiff | 68.670 | 68.399 | 0.270 | 0.0331
60464.tiff | 68.682 | 67.608 | 1.074 | 0.0331
41996.tiff | 68.685 | 68.145 | 0.540 | 0.0331
61905.tiff | 68.692 | 68.102 | 0.590 | 0.0332
56223.tiff | 68.694 | 67.973 | 0.721 | 0.0331
54193.tiff | 68.698 | 68.306 | 0.391 | 0.0331
48076.tiff | 68.700 | 68.339 | 0.362 | 0.0332
50111.tiff | 68.706 | 68.534 | 0.171 | 0.0331
64045.tiff | 68.717 | 68.082 | 0.635 | 0.0331
58260.tiff | 68.722 | 67.501 | 1.221 | 0.0331
61907.tiff | 68.725 | 67.905 | 0.821 | 0.0331
39932.tiff | 68.732 | 68.186 | 0.546 | 0.0332
45858.tiff | 68.740 | 68.015 | 0.724 | 0.0331
64044.tiff | 68.745 | 67.908 | 0.837 | 0.0331
62346.tiff | 68.751 | 67.854 | 0.897 | 0.0331
52149.tiff | 68.762 | 68.606 | 0.156 | 0.0331
41994.tiff | 68.776 | 68.231 | 0.545 | 0.0332
64216.tiff | 68.781 | 68.188 | 0.594 | 0.0332
47831.tiff | 68.787 | 68.344 | 0.443 | 0.0332
48075.tiff | 68.792 | 68.255 | 0.537 | 0.0332
41995.tiff | 68.793 | 67.952 | 0.841 | 0.0332
45859.tiff | 68.794 | 68.236 | 0.558 | 0.0333
62345.tiff | 68.795 | 67.779 | 1.015 | 0.0332
59602.tiff | 68.807 | 67.080 | 1.727 | 0.0332
39987.tiff | 68.816 | 68.177 | 0.639 | 0.0331
58259.tiff | 68.818 | 67.619 | 1.200 | 0.0333
39933.tiff | 68.822 | 68.286 | 0.536 | 0.0332
64215.tiff | 68.842 | 68.191 | 0.651 | 0.0331
44017.tiff | 68.849 | 67.919 | 0.930 | 0.0332
56221.tiff | 68.853 | 67.473 | 1.380 | 0.0332
48074.tiff | 68.854 | 68.383 | 0.472 | 0.0331
54191.tiff | 68.862 | 68.241 | 0.621 | 0.0331
41922.tiff | 68.865 | 68.081 | 0.784 | 0.0331
57636.tiff | 68.885 | 67.474 | 1.410 | 0.0332
43897.tiff | 68.886 | 67.752 | 1.134 | 0.0332
52147.tiff | 68.890 | 68.589 | 0.301 | 0.0331
53708.tiff | 68.896 | 68.344 | 0.552 | 0.0332
62344.tiff | 68.899 | 67.787 | 1.112 | 0.0333
56220.tiff | 68.907 | 67.625 | 1.281 | 0.0332
39934.tiff | 68.917 | 68.207 | 0.710 | 0.0331
50109.tiff | 68.918 | 68.531 | 0.387 | 0.0331
58258.tiff | 68.922 | 67.387 | 1.535 | 0.0331
45860.tiff | 68.932 | 68.267 | 0.665 | 0.0332
61909.tiff | 68.942 | 67.767 | 1.175 | 0.0331
55677.tiff | 68.949 | 67.926 | 1.023 | 0.0332
39985.tiff | 68.954 | 67.778 | 1.176 | 0.0332
59604.tiff | 68.955 | 67.255 | 1.699 | 0.0332
60461.tiff | 68.961 | 67.793 | 1.169 | 0.0333
51756.tiff | 68.968 | 68.500 | 0.468 | 0.0331
62343.tiff | 68.980 | 67.865 | 1.115 | 0.0332
57637.tiff | 68.985 | 67.515 | 1.470 | 0.0331
64214.tiff | 68.990 | 68.214 | 0.775 | 0.0332
52146.tiff | 68.994 | 68.378 | 0.616 | 0.0333
41992.tiff | 69.000 | 68.205 | 0.795 | 0.0331
50107.tiff | 69.004 | 68.506 | 0.498 | 0.0333
55678.tiff | 69.015 | 67.751 | 1.264 | 0.0332
56219.tiff | 69.015 | 67.572 | 1.443 | 0.0333
43898.tiff | 69.031 | 67.933 | 1.098 | 0.0331
64213.tiff | 69.038 | 68.281 | 0.758 | 0.0333
61910.tiff | 69.041 | 67.981 | 1.060 | 0.0333
54189.tiff | 69.049 | 68.176 | 0.873 | 0.0331
44014.tiff | 69.052 | 67.766 | 1.286 | 0.0331
39984.tiff | 69.056 | 68.258 | 0.799 | 0.0332
54188.tiff | 69.066 | 68.164 | 0.902 | 0.0333
41991.tiff | 69.074 | 68.171 | 0.903 | 0.0331
55679.tiff | 69.081 | 67.835 | 1.246 | 0.0332
59605.tiff | 69.082 | 67.008 | 2.074 | 0.0331
47835.tiff | 69.092 | 68.264 | 0.829 | 0.0332
46048.tiff | 69.096 | 68.222 | 0.874 | 0.0331
62342.tiff | 69.099 | 67.778 | 1.321 | 0.0331
53710.tiff | 69.099 | 68.333 | 0.767 | 0.0331
39983.tiff | 69.107 | 67.948 | 1.159 | 0.0331
64049.tiff | 69.124 | 68.087 | 1.037 | 0.0332
48071.tiff | 69.128 | 68.302 | 0.826 | 0.0332
60459.tiff | 69.130 | 67.735 | 1.396 | 0.0332
52144.tiff | 69.135 | 68.539 | 0.596 | 0.0332
46047.tiff | 69.137 | 68.165 | 0.972 | 0.0331
39937.tiff | 69.147 | 68.072 | 1.075 | 0.0332
50106.tiff | 69.150 | 68.671 | 0.480 | 0.0331
44013.tiff | 69.164 | 67.918 | 1.246 | 0.0331
51758.tiff | 69.178 | 68.526 | 0.652 | 0.0331
57639.tiff | 69.184 | 67.405 | 1.779 | 0.0331
59606.tiff | 69.185 | 67.009 | 2.177 | 0.0331
49798.tiff | 69.187 | 68.545 | 0.641 | 0.0332
55680.tiff | 69.194 | 68.088 | 1.106 | 0.0332
58254.tiff | 69.200 | 67.363 | 1.837 | 0.0331
39982.tiff | 69.205 | 67.994 | 1.211 | 0.0332
59607.tiff | 69.206 | 67.167 | 2.039 | 0.0331
50105.tiff | 69.218 | 68.571 | 0.647 | 0.0332
44012.tiff | 69.230 | 67.858 | 1.372 | 0.0331
53712.tiff | 69.234 | 68.250 | 0.984 | 0.0331
56216.tiff | 69.243 | 67.675 | 1.568 | 0.0333
46045.tiff | 69.244 | 68.180 | 1.064 | 0.0331
51759.tiff | 69.251 | 68.505 | 0.746 | 0.0332
41927.tiff | 69.257 | 68.142 | 1.115 | 0.0331
41989.tiff | 69.258 | 68.112 | 1.146 | 0.0332
47837.tiff | 69.266 | 68.249 | 1.017 | 0.0333
45865.tiff | 69.273 | 67.952 | 1.321 | 0.0332
64052.tiff | 69.283 | 67.832 | 1.452 | 0.0331
52142.tiff | 69.291 | 68.589 | 0.702 | 0.0331
50104.tiff | 69.301 | 68.507 | 0.795 | 0.0332
41928.tiff | 69.304 | 68.043 | 1.261 | 0.0332
39981.tiff | 69.307 | 68.057 | 1.250 | 0.0331
61914.tiff | 69.316 | 67.614 | 1.702 | 0.0331
39939.tiff | 69.321 | 68.147 | 1.174 | 0.0332
41988.tiff | 69.330 | 68.225 | 1.105 | 0.0331
49800.tiff | 69.334 | 68.553 | 0.781 | 0.0331
52141.tiff | 69.338 | 68.401 | 0.938 | 0.0332
53713.tiff | 69.340 | 68.334 | 1.006 | 0.0331
46044.tiff | 69.348 | 68.150 | 1.198 | 0.0332
62338.tiff | 69.366 | 67.849 | 1.517 | 0.0331
62339.tiff | 69.370 | 67.743 | 1.627 | 0.0331
61915.tiff | 69.371 | 67.602 | 1.770 | 0.0331
43902.tiff | 69.383 | 67.768 | 1.615 | 0.0332
58252.tiff | 69.392 | 67.130 | 2.262 | 0.0332
44010.tiff | 69.394 | 67.814 | 1.580 | 0.0332
50103.tiff | 69.400 | 68.492 | 0.908 | 0.0333
64053.tiff | 69.408 | 67.809 | 1.600 | 0.0331
39940.tiff | 69.414 | 68.112 | 1.302 | 0.0332
64209.tiff | 69.416 | 68.146 | 1.271 | 0.0331
59610.tiff | 69.424 | 66.951 | 2.472 | 0.0331
45866.tiff | 69.429 | 67.941 | 1.488 | 0.0332
64208.tiff | 69.433 | 68.136 | 1.297 | 0.0331
39979.tiff | 69.439 | 68.046 | 1.393 | 0.0331
47839.tiff | 69.443 | 68.185 | 1.258 | 0.0332
60455.tiff | 69.449 | 67.498 | 1.952 | 0.0332
46043.tiff | 69.455 | 68.090 | 1.364 | 0.0332
51761.tiff | 69.463 | 68.467 | 0.996 | 0.0331
44009.tiff | 69.472 | 67.777 | 1.695 | 0.0331
57642.tiff | 69.480 | 67.442 | 2.038 | 0.0332
39941.tiff | 69.482 | 68.142 | 1.340 | 0.0331
49802.tiff | 69.487 | 68.623 | 0.864 | 0.0332
45867.tiff | 69.488 | 68.013 | 1.475 | 0.0331
55684.tiff | 69.496 | 67.670 | 1.825 | 0.0332
41930.tiff | 69.498 | 68.209 | 1.288 | 0.0331
49803.tiff | 69.503 | 68.524 | 0.978 | 0.0331
51762.tiff | 69.510 | 68.477 | 1.033 | 0.0331
46042.tiff | 69.513 | 67.925 | 1.588 | 0.0332
39978.tiff | 69.514 | 67.851 | 1.663 | 0.0331
41986.tiff | 69.519 | 68.168 | 1.351 | 0.0331
43905.tiff | 69.533 | 67.619 | 1.915 | 0.0332
57643.tiff | 69.550 | 67.705 | 1.845 | 0.0332
61917.tiff | 69.554 | 67.578 | 1.976 | 0.0331
45868.tiff | 69.555 | 68.044 | 1.511 | 0.0332
54182.tiff | 69.557 | 68.278 | 1.279 | 0.0331
64055.tiff | 69.564 | 67.665 | 1.899 | 0.0332
50101.tiff | 69.568 | 68.565 | 1.003 | 0.0331
51763.tiff | 69.582 | 68.560 | 1.022 | 0.0332
59612.tiff | 69.587 | 66.952 | 2.635 | 0.0331
58249.tiff | 69.588 | 67.383 | 2.205 | 0.0332
47841.tiff | 69.593 | 68.143 | 1.450 | 0.0331
64056.tiff | 69.608 | 68.084 | 1.524 | 0.0331
39943.tiff | 69.612 | 67.773 | 1.839 | 0.0331
54181.tiff | 69.619 | 68.336 | 1.283 | 0.0332
44007.tiff | 69.622 | 67.808 | 1.814 | 0.0332
50100.tiff | 69.632 | 68.520 | 1.112 | 0.0333
41985.tiff | 69.638 | 68.236 | 1.402 | 0.0331
61918.tiff | 69.644 | 67.604 | 2.040 | 0.0331
39976.tiff | 69.656 | 67.799 | 1.857 | 0.0332
49804.tiff | 69.657 | 68.525 | 1.132 | 0.0331
57645.tiff | 69.671 | 67.576 | 2.095 | 0.0332
52137.tiff | 69.674 | 68.464 | 1.210 | 0.0331
61919.tiff | 69.680 | 67.684 | 1.996 | 0.0332
64205.tiff | 69.684 | 68.071 | 1.613 | 0.0331
51764.tiff | 69.687 | 68.351 | 1.336 | 0.0331
41932.tiff | 69.688 | 67.962 | 1.726 | 0.0332
62335.tiff | 69.693 | 67.904 | 1.789 | 0.0331
50099.tiff | 69.698 | 68.566 | 1.132 | 0.0332
39944.tiff | 69.703 | 67.983 | 1.720 | 0.0332
55687.tiff | 69.704 | 67.545 | 2.159 | 0.0332
48063.tiff | 69.719 | 68.135 | 1.583 | 0.0332
53718.tiff | 69.724 | 68.236 | 1.488 | 0.0331
56210.tiff | 69.730 | 67.950 | 1.780 | 0.0331
45870.tiff | 69.739 | 68.031 | 1.707 | 0.0332
41933.tiff | 69.741 | 68.011 | 1.729 | 0.0332
64058.tiff | 69.745 | 67.888 | 1.856 | 0.0332
51765.tiff | 69.751 | 68.485 | 1.267 | 0.0331
39975.tiff | 69.759 | 67.939 | 1.819 | 0.0331
62333.tiff | 69.775 | 67.856 | 1.920 | 0.0331
54179.tiff | 69.779 | 68.103 | 1.676 | 0.0332
56209.tiff | 69.781 | 67.802 | 1.979 | 0.0331
49806.tiff | 69.793 | 68.589 | 1.203 | 0.0333
44005.tiff | 69.801 | 67.571 | 2.230 | 0.0331
53719.tiff | 69.813 | 68.295 | 1.518 | 0.0331
57647.tiff | 69.816 | 67.222 | 2.594 | 0.0331
47844.tiff | 69.822 | 68.121 | 1.701 | 0.0331
39974.tiff | 69.825 | 67.935 | 1.890 | 0.0331
45871.tiff | 69.827 | 68.036 | 1.791 | 0.0332
51766.tiff | 69.833 | 68.442 | 1.390 | 0.0332
55688.tiff | 69.839 | 67.719 | 2.120 | 0.0331
64204.tiff | 69.845 | 67.803 | 2.041 | 0.0332
64059.tiff | 69.851 | 67.859 | 1.992 | 0.0331
50097.tiff | 69.855 | 68.621 | 1.235 | 0.0332
60450.tiff | 69.865 | 67.654 | 2.211 | 0.0331
48061.tiff | 69.866 | 68.186 | 1.680 | 0.0331
44004.tiff | 69.870 | 67.616 | 2.254 | 0.0331
45872.tiff | 69.878 | 67.993 | 1.885 | 0.0332
52134.tiff | 69.892 | 68.398 | 1.494 | 0.0332
53720.tiff | 69.897 | 68.371 | 1.526 | 0.0331
59616.tiff | 69.910 | 66.895 | 3.016 | 0.0332
58245.tiff | 69.916 | 67.247 | 2.669 | 0.0332
41981.tiff | 69.923 | 68.191 | 1.731 | 0.0332
64060.tiff | 69.927 | 67.738 | 2.189 | 0.0332
56207.tiff | 69.932 | 67.830 | 2.101 | 0.0332
51767.tiff | 69.942 | 68.534 | 1.407 | 0.0332
43910.tiff | 69.948 | 67.590 | 2.358 | 0.0331
49808.tiff | 69.949 | 68.702 | 1.247 | 0.0332
64202.tiff | 69.950 | 68.041 | 1.909 | 0.0333
55689.tiff | 69.951 | 67.736 | 2.215 | 0.0332
62332.tiff | 69.953 | 67.628 | 2.325 | 0.0332
64061.tiff | 69.957 | 67.800 | 2.157 | 0.0331
39972.tiff | 69.980 | 68.016 | 1.964 | 0.0332
61923.tiff | 69.997 | 67.583 | 2.414 | 0.0331
58243.tiff | 70.004 | 67.183 | 2.821 | 0.0332
59617.tiff | 70.008 | 67.133 | 2.875 | 0.0331
41936.tiff | 70.011 | 67.670 | 2.341 | 0.0331
58244.tiff | 70.018 | 67.160 | 2.858 | 0.0331
48059.tiff | 70.025 | 68.120 | 1.905 | 0.0332
45873.tiff | 70.027 | 67.983 | 2.045 | 0.0332
41979.tiff | 70.029 | 67.997 | 2.033 | 0.0332
52133.tiff | 70.035 | 68.428 | 1.608 | 0.0332
49809.tiff | 70.042 | 68.723 | 1.319 | 0.0331
55690.tiff | 70.044 | 67.943 | 2.101 | 0.0332
50095.tiff | 70.046 | 68.562 | 1.484 | 0.0331
53722.tiff | 70.053 | 68.202 | 1.851 | 0.0331
39971.tiff | 70.059 | 67.855 | 2.203 | 0.0332
64201.tiff | 70.063 | 67.874 | 2.189 | 0.0331
51769.tiff | 70.073 | 68.402 | 1.671 | 0.0331
46035.tiff | 70.079 | 67.872 | 2.207 | 0.0331
41937.tiff | 70.087 | 67.717 | 2.371 | 0.0331
60448.tiff | 70.091 | 67.775 | 2.315 | 0.0331
61924.tiff | 70.096 | 67.392 | 2.704 | 0.0331
54175.tiff | 70.099 | 68.227 | 1.872 | 0.0331
39949.tiff | 70.115 | 67.608 | 2.508 | 0.0332
48058.tiff | 70.126 | 67.943 | 2.183 | 0.0331
64200.tiff | 70.128 | 67.787 | 2.341 | 0.0331
52131.tiff | 70.136 | 68.438 | 1.697 | 0.0331
41978.tiff | 70.143 | 68.119 | 2.024 | 0.0332
61925.tiff | 70.144 | 67.649 | 2.495 | 0.0331
64063.tiff | 70.144 | 68.038 | 2.106 | 0.0331
47848.tiff | 70.145 | 67.863 | 2.282 | 0.0332
58242.tiff | 70.153 | 67.441 | 2.712 | 0.0331
57651.tiff | 70.169 | 67.310 | 2.859 | 0.0331
62329.tiff | 70.170 | 67.503 | 2.667 | 0.0332
54174.tiff | 70.176 | 68.453 | 1.723 | 0.0331
39950.tiff | 70.182 | 68.005 | 2.177 | 0.0332
44000.tiff | 70.203 | 67.705 | 2.498 | 0.0331
56204.tiff | 70.208 | 67.327 | 2.881 | 0.0332
47849.tiff | 70.211 | 68.052 | 2.159 | 0.0331
41938.tiff | 70.214 | 68.086 | 2.128 | 0.0333
46033.tiff | 70.225 | 68.024 | 2.201 | 0.0331
58241.tiff | 70.232 | 67.347 | 2.885 | 0.0332
41939.tiff | 70.237 | 67.924 | 2.313 | 0.0332
55693.tiff | 70.246 | 67.611 | 2.635 | 0.0332
39969.tiff | 70.260 | 68.121 | 2.139 | 0.0332
50091.tiff | 70.263 | 68.484 | 1.779 | 0.0331
53725.tiff | 70.271 | 68.136 | 2.134 | 0.0332
56203.tiff | 70.271 | 67.851 | 2.420 | 0.0332
62328.tiff | 70.274 | 67.943 | 2.331 | 0.0332
43999.tiff | 70.275 | 67.577 | 2.698 | 0.0332
47850.tiff | 70.277 | 68.036 | 2.241 | 0.0332
58240.tiff | 70.279 | 67.497 | 2.782 | 0.0331
61926.tiff | 70.282 | 67.439 | 2.843 | 0.0331
48056.tiff | 70.285 | 68.040 | 2.244 | 0.0331
45877.tiff | 70.292 | 67.974 | 2.318 | 0.0332
52129.tiff | 70.302 | 68.504 | 1.798 | 0.0331
39968.tiff | 70.307 | 67.744 | 2.563 | 0.0331
46032.tiff | 70.321 | 67.948 | 2.373 | 0.0331
41940.tiff | 70.330 | 67.991 | 2.339 | 0.0332
43914.tiff | 70.333 | 67.173 | 3.160 | 0.0331
49812.tiff | 70.339 | 68.718 | 1.621 | 0.0331
64066.tiff | 70.342 | 67.638 | 2.704 | 0.0332
39952.tiff | 70.353 | 67.709 | 2.643 | 0.0331
43998.tiff | 70.360 | 67.664 | 2.695 | 0.0332
58239.tiff | 70.366 | 67.227 | 3.138 | 0.0332
47851.tiff | 70.377 | 67.939 | 2.438 | 0.0332
41941.tiff | 70.383 | 68.204 | 2.179 | 0.0332
41975.tiff | 70.390 | 67.782 | 2.609 | 0.0331
43997.tiff | 70.394 | 67.287 | 3.108 | 0.0331
49813.tiff | 70.398 | 68.524 | 1.875 | 0.0331
39967.tiff | 70.407 | 67.772 | 2.635 | 0.0332
56201.tiff | 70.411 | 67.822 | 2.589 | 0.0331
43915.tiff | 70.414 | 67.351 | 3.063 | 0.0332
54171.tiff | 70.418 | 68.270 | 2.149 | 0.0332
57654.tiff | 70.421 | 67.632 | 2.789 | 0.0331
53727.tiff | 70.426 | 68.288 | 2.139 | 0.0331
59622.tiff | 70.435 | 66.926 | 3.509 | 0.0331
41974.tiff | 70.438 | 67.784 | 2.653 | 0.0331
64067.tiff | 70.453 | 67.328 | 3.125 | 0.0332
39953.tiff | 70.457 | 67.665 | 2.793 | 0.0331
48054.tiff | 70.463 | 67.929 | 2.534 | 0.0332
46030.tiff | 70.465 | 67.931 | 2.535 | 0.0331
53728.tiff | 70.470 | 68.180 | 2.290 | 0.0332
54170.tiff | 70.481 | 68.177 | 2.304 | 0.0332
64196.tiff | 70.492 | 67.673 | 2.820 | 0.0331
57655.tiff | 70.498 | 67.196 | 3.302 | 0.0331
48053.tiff | 70.506 | 67.875 | 2.631 | 0.0333
46029.tiff | 70.509 | 67.784 | 2.725 | 0.0332
49815.tiff | 70.512 | 68.575 | 1.937 | 0.0331
39966.tiff | 70.515 | 67.582 | 2.933 | 0.0333
52127.tiff | 70.524 | 68.407 | 2.117 | 0.0331
43917.tiff | 70.536 | 67.538 | 2.997 | 0.0331
41973.tiff | 70.537 | 67.948 | 2.590 | 0.0331
45880.tiff | 70.540 | 67.904 | 2.636 | 0.0331
41943.tiff | 70.545 | 68.080 | 2.465 | 0.0332
43995.tiff | 70.547 | 67.443 | 3.103 | 0.0331
62324.tiff | 70.568 | 67.543 | 3.025 | 0.0331
59624.tiff | 70.575 | 66.784 | 3.791 | 0.0331
46028.tiff | 70.581 | 67.634 | 2.947 | 0.0331
64195.tiff | 70.587 | 67.752 | 2.836 | 0.0332
48052.tiff | 70.592 | 67.912 | 2.680 | 0.0332
55697.tiff | 70.597 | 67.835 | 2.762 | 0.0332
60442.tiff | 70.601 | 67.699 | 2.901 | 0.0331
57656.tiff | 70.603 | 67.520 | 3.083 | 0.0331
52125.tiff | 70.613 | 68.467 | 2.146 | 0.0331
58236.tiff | 70.619 | 67.123 | 3.497 | 0.0332
50087.tiff | 70.626 | 68.425 | 2.201 | 0.0331
56198.tiff | 70.634 | 67.387 | 3.247 | 0.0332
43918.tiff | 70.639 | 67.348 | 3.292 | 0.0331
60441.tiff | 70.643 | 67.667 | 2.975 | 0.0331
39964.tiff | 70.646 | 67.673 | 2.973 | 0.0332
55698.tiff | 70.653 | 67.612 | 3.041 | 0.0331
49817.tiff | 70.654 | 68.582 | 2.073 | 0.0333
62323.tiff | 70.661 | 67.528 | 3.133 | 0.0331
51776.tiff | 70.670 | 68.550 | 2.120 | 0.0333
45882.tiff | 70.676 | 67.720 | 2.956 | 0.0332
39956.tiff | 70.680 | 67.593 | 3.087 | 0.0331
59625.tiff | 70.687 | 66.785 | 3.902 | 0.0332
47855.tiff | 70.689 | 67.771 | 2.918 | 0.0331
43993.tiff | 70.700 | 67.403 | 3.297 | 0.0332
56197.tiff | 70.716 | 67.323 | 3.393 | 0.0332
52124.tiff | 70.719 | 68.298 | 2.421 | 0.0332
57658.tiff | 70.727 | 67.545 | 3.182 | 0.0332
43919.tiff | 70.732 | 67.011 | 3.721 | 0.0331
55699.tiff | 70.738 | 67.766 | 2.972 | 0.0332
64071.tiff | 70.743 | 67.391 | 3.352 | 0.0332
48050.tiff | 70.745 | 67.747 | 2.998 | 0.0332
55700.tiff | 70.748 | 67.722 | 3.026 | 0.0331
58234.tiff | 70.750 | 67.400 | 3.350 | 0.0332
50085.tiff | 70.758 | 68.570 | 2.188 | 0.0331
62322.tiff | 70.761 | 67.664 | 3.098 | 0.0332
39957.tiff | 70.766 | 67.167 | 3.599 | 0.0332
57659.tiff | 70.774 | 67.233 | 3.541 | 0.0332
56196.tiff | 70.782 | 67.706 | 3.075 | 0.0332
52123.tiff | 70.783 | 68.222 | 2.561 | 0.0331
43992.tiff | 70.790 | 67.640 | 3.150 | 0.0332
41946.tiff | 70.797 | 67.981 | 2.816 | 0.0332
46026.tiff | 70.813 | 67.917 | 2.896 | 0.0332
51778.tiff | 70.824 | 68.322 | 2.501 | 0.0332
64072.tiff | 70.824 | 67.521 | 3.303 | 0.0332
47857.tiff | 70.827 | 67.957 | 2.870 | 0.0332
64192.tiff | 70.838 | 67.763 | 3.074 | 0.0331
53732.tiff | 70.841 | 68.395 | 2.446 | 0.0332
49819.tiff | 70.857 | 68.606 | 2.251 | 0.0331
39958.tiff | 70.860 | 67.552 | 3.308 | 0.0331
60439.tiff | 70.867 | 67.262 | 3.605 | 0.0332
50084.tiff | 70.874 | 68.430 | 2.444 | 0.0332
46025.tiff | 70.882 | 67.730 | 3.153 | 0.0332
64073.tiff | 70.883 | 67.646 | 3.237 | 0.0331
60438.tiff | 70.885 | 67.618 | 3.267 | 0.0332
58232.tiff | 70.897 | 67.180 | 3.716 | 0.0331
51779.tiff | 70.902 | 68.379 | 2.523 | 0.0331
57661.tiff | 70.908 | 67.131 | 3.777 | 0.0331
48048.tiff | 70.913 | 67.765 | 3.148 | 0.0331
43991.tiff | 70.913 | 67.537 | 3.376 | 0.0331
43921.tiff | 70.924 | 67.262 | 3.662 | 0.0331
39959.tiff | 70.930 | 67.394 | 3.535 | 0.0332
46024.tiff | 70.934 | 67.703 | 3.231 | 0.0331
59628.tiff | 70.937 | 66.828 | 4.109 | 0.0331
56194.tiff | 70.946 | 67.570 | 3.376 | 0.0331
41968.tiff | 70.948 | 67.583 | 3.365 | 0.0332
47858.tiff | 70.957 | 67.863 | 3.094 | 0.0331
62319.tiff | 70.963 | 67.450 | 3.513 | 0.0332
64074.tiff | 70.981 | 67.199 | 3.781 | 0.0332
64190.tiff | 70.990 | 67.640 | 3.351 | 0.0332
48047.tiff | 70.993 | 67.884 | 3.109 | 0.0332
61936.tiff | 70.998 | 67.258 | 3.740 | 0.0332
43989.tiff | 71.006 | 67.101 | 3.906 | 0.0332
49821.tiff | 71.011 | 68.415 | 2.596 | 0.0331
39960.tiff | 71.020 | 67.786 | 3.233 | 0.0332
52120.tiff | 71.026 | 68.367 | 2.659 | 0.0331
58231.tiff | 71.034 | 67.201 | 3.833 | 0.0331
59629.tiff | 71.037 | 66.805 | 4.232 | 0.0331
60437.tiff | 71.044 | 67.695 | 3.349 | 0.0332
47859.tiff | 71.057 | 67.572 | 3.485 | 0.0332
59630.tiff | 71.061 | 66.748 | 4.313 | 0.0331
45886.tiff | 71.065 | 67.656 | 3.409 | 0.0332
54163.tiff | 71.071 | 68.330 | 2.741 | 0.0332
58230.tiff | 71.076 | 67.208 | 3.868 | 0.0331
50081.tiff | 71.081 | 68.585 | 2.496 | 0.0331
60436.tiff | 71.091 | 67.610 | 3.481 | 0.0331
49822.tiff | 71.097 | 68.541 | 2.556 | 0.0332
43924.tiff | 71.107 | 66.877 | 4.230 | 0.0331
43988.tiff | 71.111 | 67.221 | 3.891 | 0.0332
55703.tiff | 71.121 | 67.561 | 3.560 | 0.0331
47860.tiff | 71.127 | 67.729 | 3.398 | 0.0332
64189.tiff | 71.143 | 67.291 | 3.852 | 0.0332
58229.tiff | 71.149 | 67.287 | 3.862 | 0.0331
57663.tiff | 71.152 | 67.480 | 3.672 | 0.0332
60435.tiff | 71.159 | 67.598 | 3.561 | 0.0331
64076.tiff | 71.162 | 67.418 | 3.744 | 0.0332
51782.tiff | 71.166 | 68.170 | 2.996 | 0.0331
54162.tiff | 71.172 | 68.107 | 3.065 | 0.0332
64077.tiff | 71.179 | 67.121 | 4.058 | 0.0332
56191.tiff | 71.186 | 67.563 | 3.622 | 0.0332
43987.tiff | 71.198 | 66.948 | 4.250 | 0.0331
52118.tiff | 71.200 | 68.213 | 2.986 | 0.0331
49823.tiff | 71.206 | 68.450 | 2.757 | 0.0332
59632.tiff | 71.212 | 66.882 | 4.330 | 0.0331
50079.tiff | 71.224 | 68.427 | 2.797 | 0.0332
43925.tiff | 71.228 | 66.968 | 4.260 | 0.0331
61939.tiff | 71.230 | 67.255 | 3.975 | 0.0332
54161.tiff | 71.239 | 68.255 | 2.983 | 0.0331
62316.tiff | 71.252 | 67.538 | 3.715 | 0.0331
56190.tiff | 71.258 | 67.530 | 3.729 | 0.0331
49824.tiff | 71.260 | 68.673 | 2.587 | 0.0331
51784.tiff | 71.263 | 68.321 | 2.942 | 0.0331
41951.tiff | 71.266 | 67.403 | 3.863 | 0.0332
41964.tiff | 71.267 | 67.643 | 3.625 | 0.0331
60434.tiff | 71.271 | 67.613 | 3.658 | 0.0332
45889.tiff | 71.286 | 67.814 | 3.472 | 0.0331
57665.tiff | 71.300 | 67.228 | 4.072 | 0.0331
58227.tiff | 71.305 | 67.285 | 4.020 | 0.0331
46020.tiff | 71.315 | 67.641 | 3.673 | 0.0331
41963.tiff | 71.326 | 67.831 | 3.495 | 0.0331
50078.tiff | 71.330 | 68.485 | 2.845 | 0.0331
64079.tiff | 71.347 | 67.063 | 4.284 | 0.0332
61941.tiff | 71.348 | 67.710 | 3.638 | 0.0331
62315.tiff | 71.361 | 67.908 | 3.452 | 0.0331
47863.tiff | 71.365 | 67.454 | 3.911 | 0.0332
53738.tiff | 71.368 | 68.361 | 3.006 | 0.0331
43927.tiff | 71.371 | 67.037 | 4.334 | 0.0331
59634.tiff | 71.375 | 66.587 | 4.788 | 0.0331
41953.tiff | 71.378 | 67.634 | 3.744 | 0.0331
56189.tiff | 71.383 | 67.388 | 3.995 | 0.0331
53739.tiff | 71.393 | 68.410 | 2.982 | 0.0333
62314.tiff | 71.395 | 67.777 | 3.618 | 0.0332
60432.tiff | 71.408 | 67.531 | 3.878 | 0.0331
50077.tiff | 71.413 | 68.492 | 2.921 | 0.0334
46018.tiff | 71.425 | 67.778 | 3.647 | 0.0331
64080.tiff | 71.437 | 67.118 | 4.319 | 0.0331
54158.tiff | 71.445 | 68.066 | 3.379 | 0.0331
48041.tiff | 71.451 | 67.655 | 3.796 | 0.0331
47864.tiff | 71.452 | 67.700 | 3.753 | 0.0331
45891.tiff | 71.454 | 67.458 | 3.996 | 0.0331
61942.tiff | 71.458 | 67.283 | 4.175 | 0.0332
51786.tiff | 71.460 | 68.502 | 2.958 | 0.0332
57667.tiff | 71.468 | 67.463 | 4.005 | 0.0331
53740.tiff | 71.475 | 68.352 | 3.123 | 0.0332
60431.tiff | 71.485 | 67.564 | 3.921 | 0.0331
59635.tiff | 71.495 | 66.616 | 4.879 | 0.0332
47865.tiff | 71.500 | 67.571 | 3.928 | 0.0331
46017.tiff | 71.501 | 67.563 | 3.939 | 0.0332
62313.tiff | 71.502 | 67.549 | 3.953 | 0.0332
43983.tiff | 71.517 | 67.153 | 4.364 | 0.0332
64081.tiff | 71.525 | 67.113 | 4.411 | 0.0332
64083.tiff | 71.538 | 67.092 | 4.446 | 0.0331
55709.tiff | 71.543 | 67.612 | 3.931 | 0.0332
43929.tiff | 71.544 | 67.105 | 4.438 | 0.0331
41955.tiff | 71.548 | 67.593 | 3.956 | 0.0331
51787.tiff | 71.550 | 68.452 | 3.098 | 0.0331
48040.tiff | 71.560 | 67.601 | 3.959 | 0.0332
58224.tiff | 71.576 | 67.139 | 4.438 | 0.0332
50075.tiff | 71.584 | 68.455 | 3.130 | 0.0331
61944.tiff | 71.591 | 67.458 | 4.134 | 0.0331
56186.tiff | 71.599 | 67.395 | 4.205 | 0.0331
59636.tiff | 71.602 | 66.873 | 4.729 | 0.0331
64183.tiff | 71.611 | 67.093 | 4.518 | 0.0332
57669.tiff | 71.616 | 67.149 | 4.467 | 0.0332
43982.tiff | 71.620 | 66.967 | 4.653 | 0.0332
41956.tiff | 71.622 | 67.394 | 4.228 | 0.0331
60429.tiff | 71.635 | 67.503 | 4.132 | 0.0332
54156.tiff | 71.639 | 68.251 | 3.388 | 0.0331
60430.tiff | 71.641 | 67.483 | 4.158 | 0.0333
51788.tiff | 71.645 | 68.333 | 3.312 | 0.0331
48039.tiff | 71.649 | 67.417 | 4.232 | 0.0331
46015.tiff | 71.668 | 67.526 | 4.143 | 0.0331
61945.tiff | 71.676 | 67.312 | 4.364 | 0.0332
41959.tiff | 71.681 | 67.428 | 4.253 | 0.0331
43931.tiff | 71.691 | 67.037 | 4.655 | 0.0331
43981.tiff | 71.700 | 66.697 | 5.003 | 0.0333
64182.tiff | 71.707 | 67.137 | 4.570 | 0.0331
58222.tiff | 71.712 | 67.030 | 4.682 | 0.0331
45895.tiff | 71.719 | 67.455 | 4.264 | 0.0332
50073.tiff | 71.731 | 68.399 | 3.332 | 0.0331
41957.tiff | 71.733 | 67.478 | 4.255 | 0.0331
60428.tiff | 71.737 | 67.476 | 4.261 | 0.0332
49830.tiff | 71.739 | 68.430 | 3.309 | 0.0331
46014.tiff | 71.747 | 67.710 | 4.037 | 0.0332
55711.tiff | 71.750 | 67.433 | 4.316 | 0.0331
43980.tiff | 71.755 | 66.827 | 4.928 | 0.0331
61946.tiff | 71.764 | 67.326 | 4.438 | 0.0332
56184.tiff | 71.766 | 67.522 | 4.244 | 0.0332
51790.tiff | 71.788 | 68.200 | 3.588 | 0.0332
64181.tiff | 71.799 | 67.174 | 4.625 | 0.0331
64180.tiff | 71.806 | 67.340 | 4.466 | 0.0332
48037.tiff | 71.807 | 67.498 | 4.309 | 0.0332
50072.tiff | 71.811 | 68.399 | 3.412 | 0.0333
64085.tiff | 71.819 | 66.935 | 4.884 | 0.0331
41958.tiff | 71.821 | 67.541 | 4.280 | 0.0331
53744.tiff | 71.831 | 68.494 | 3.337 | 0.0332
45896.tiff | 71.841 | 67.328 | 4.513 | 0.0331
43979.tiff | 71.844 | 66.933 | 4.911 | 0.0331
64086.tiff | 71.848 | 66.897 | 4.951 | 0.0332
55713.tiff | 71.861 | 67.672 | 4.189 | 0.0332
58220.tiff | 71.874 | 66.973 | 4.901 | 0.0331
48036.tiff | 71.880 | 67.303 | 4.577 | 0.0331
52109.tiff | 71.882 | 68.006 | 3.876 | 0.0332
61948.tiff | 71.883 | 67.189 | 4.694 | 0.0332
50071.tiff | 71.892 | 68.486 | 3.406 | 0.0331
56182.tiff | 71.902 | 67.333 | 4.569 | 0.0331
59640.tiff | 71.913 | 66.564 | 5.349 | 0.0331
57673.tiff | 71.921 | 67.535 | 4.386 | 0.0334
47870.tiff | 71.927 | 67.436 | 4.491 | 0.0331
49832.tiff | 71.929 | 68.582 | 3.347 | 0.0332
45897.tiff | 71.930 | 67.462 | 4.468 | 0.0331
55714.tiff | 71.953 | 67.521 | 4.432 | 0.0332
64087.tiff | 71.957 | 66.968 | 4.989 | 0.0332
64179.tiff | 71.971 | 66.695 | 5.276 | 0.0331
50070.tiff | 71.978 | 68.354 | 3.623 | 0.0332
48035.tiff | 71.986 | 67.351 | 4.635 | 0.0332
62307.tiff | 71.993 | 67.387 | 4.606 | 0.0332
58218.tiff | 72.001 | 67.355 | 4.646 | 0.0332
45898.tiff | 72.005 | 67.558 | 4.447 | 0.0332
62306.tiff | 72.008 | 67.462 | 4.546 | 0.0332
56181.tiff | 72.011 | 67.457 | 4.554 | 0.0331
47871.tiff | 72.014 | 67.251 | 4.763 | 0.0331
49833.tiff | 72.030 | 68.405 | 3.624 | 0.0331
64088.tiff | 72.041 | 67.086 | 4.955 | 0.0331
43935.tiff | 72.048 | 66.928 | 5.120 | 0.0332
53747.tiff | 72.051 | 68.307 | 3.744 | 0.0331
46010.tiff | 72.052 | 67.359 | 4.693 | 0.0331
50069.tiff | 72.064 | 68.405 | 3.659 | 0.0332
59642.tiff | 72.066 | 66.843 | 5.223 | 0.0331
64177.tiff | 72.074 | 66.980 | 5.093 | 0.0333
55716.tiff | 72.081 | 68.125 | 3.955 | 0.0332
43976.tiff | 72.081 | 66.536 | 5.545 | 0.0332
43936.tiff | 72.094 | 66.829 | 5.265 | 0.0333
51794.tiff | 72.096 | 68.176 | 3.920 | 0.0332
60424.tiff | 72.099 | 67.049 | 5.050 | 0.0331
58217.tiff | 72.107 | 67.023 | 5.084 | 0.0332
57676.tiff | 72.111 | 67.165 | 4.946 | 0.0332
61951.tiff | 72.126 | 67.306 | 4.821 | 0.0331
53748.tiff | 72.142 | 68.101 | 4.041 | 0.0332
43937.tiff | 72.152 | 66.752 | 5.400 | 0.0332
43975.tiff | 72.162 | 66.407 | 5.754 | 0.0331
58216.tiff | 72.164 | 66.781 | 5.384 | 0.0331
62305.tiff | 72.173 | 66.900 | 5.273 | 0.0331
64090.tiff | 72.179 | 66.698 | 5.482 | 0.0332
59643.tiff | 72.187 | 66.527 | 5.660 | 0.0331
53749.tiff | 72.195 | 68.220 | 3.974 | 0.0331
47873.tiff | 72.196 | 67.251 | 4.945 | 0.0331
43974.tiff | 72.214 | 66.640 | 5.574 | 0.0332
64091.tiff | 72.224 | 66.294 | 5.930 | 0.0331
50067.tiff | 72.227 | 68.529 | 3.698 | 0.0331
62304.tiff | 72.227 | 67.108 | 5.120 | 0.0331
55717.tiff | 72.233 | 67.300 | 4.933 | 0.0331
60422.tiff | 72.243 | 67.398 | 4.845 | 0.0332
58215.tiff | 72.252 | 67.094 | 5.157 | 0.0331
45901.tiff | 72.260 | 67.386 | 4.874 | 0.0331
43938.tiff | 72.261 | 66.575 | 5.686 | 0.0331
47874.tiff | 72.280 | 67.033 | 5.247 | 0.0333
52104.tiff | 72.287 | 68.051 | 4.236 | 0.0331
53750.tiff | 72.291 | 68.207 | 4.084 | 0.0332
56177.tiff | 72.303 | 67.420 | 4.883 | 0.0331
59645.tiff | 72.312 | 66.304 | 6.008 | 0.0333
51796.tiff | 72.314 | 68.280 | 4.034 | 0.0332
55718.tiff | 72.331 | 67.676 | 4.655 | 0.0331
54147.tiff | 72.342 | 68.113 | 4.229 | 0.0332
47875.tiff | 72.346 | 67.108 | 5.238 | 0.0332
58214.tiff | 72.356 | 67.009 | 5.347 | 0.0332
64092.tiff | 72.359 | 66.608 | 5.752 | 0.0331
56176.tiff | 72.367 | 67.119 | 5.248 | 0.0331
53751.tiff | 72.371 | 68.140 | 4.231 | 0.0332
51797.tiff | 72.376 | 68.158 | 4.218 | 0.0332
64174.tiff | 72.380 | 66.716 | 5.664 | 0.0331
43939.tiff | 72.386 | 66.533 | 5.852 | 0.0332
46006.tiff | 72.396 | 67.132 | 5.265 | 0.0332
48029.tiff | 72.400 | 67.243 | 5.157 | 0.0332
61955.tiff | 72.404 | 67.229 | 5.175 | 0.0332
64093.tiff | 72.410 | 66.288 | 6.122 | 0.0332
47876.tiff | 72.415 | 67.233 | 5.181 | 0.0331
54146.tiff | 72.430 | 67.945 | 4.485 | 0.0331
58213.tiff | 72.436 | 67.104 | 5.332 | 0.0331
50064.tiff | 72.440 | 68.396 | 4.044 | 0.0331
45903.tiff | 72.442 | 67.254 | 5.188 | 0.0332
60420.tiff | 72.461 | 66.981 | 5.479 | 0.0331
53752.tiff | 72.472 | 68.111 | 4.361 | 0.0332
58212.tiff | 72.474 | 66.827 | 5.647 | 0.0331
64094.tiff | 72.484 | 66.688 | 5.797 | 0.0331
64172.tiff | 72.503 | 66.906 | 5.597 | 0.0332
45904.tiff | 72.510 | 67.089 | 5.422 | 0.0331
51799.tiff | 72.513 | 68.119 | 4.394 | 0.0331
57679.tiff | 72.513 | 66.960 | 5.553 | 0.0333
50063.tiff | 72.518 | 68.443 | 4.075 | 0.0332
64095.tiff | 72.524 | 66.476 | 6.048 | 0.0332
43941.tiff | 72.528 | 66.061 | 6.466 | 0.0331
53753.tiff | 72.544 | 68.241 | 4.303 | 0.0332
57680.tiff | 72.550 | 66.969 | 5.581 | 0.0331
61957.tiff | 72.552 | 66.736 | 5.816 | 0.0332
58211.tiff | 72.556 | 66.772 | 5.784 | 0.0331
52100.tiff | 72.575 | 68.051 | 4.525 | 0.0331
49840.tiff | 72.583 | 68.348 | 4.235 | 0.0331
45905.tiff | 72.590 | 67.098 | 5.493 | 0.0331
62300.tiff | 72.596 | 67.180 | 5.416 | 0.0331
43970.tiff | 72.599 | 66.553 | 6.046 | 0.0331
55722.tiff | 72.602 | 67.545 | 5.057 | 0.0331
56173.tiff | 72.604 | 66.977 | 5.627 | 0.0332
50062.tiff | 72.611 | 68.187 | 4.424 | 0.0332
51800.tiff | 72.614 | 68.209 | 4.406 | 0.0332
57681.tiff | 72.626 | 67.173 | 5.453 | 0.0332
51801.tiff | 72.637 | 68.071 | 4.566 | 0.0332
43969.tiff | 72.641 | 66.350 | 6.291 | 0.0331
45906.tiff | 72.651 | 67.049 | 5.602 | 0.0331
60417.tiff | 72.660 | 66.898 | 5.762 | 0.0332
43943.tiff | 72.667 | 66.505 | 6.162 | 0.0332
61959.tiff | 72.680 | 67.117 | 5.563 | 0.0332
61958.tiff | 72.682 | 67.056 | 5.625 | 0.0332
47879.tiff | 72.685 | 66.958 | 5.727 | 0.0331
64170.tiff | 72.687 | 66.524 | 6.163 | 0.0331
56172.tiff | 72.690 | 67.240 | 5.450 | 0.0331
62298.tiff | 72.694 | 67.350 | 5.344 | 0.0331
59650.tiff | 72.706 | 66.443 | 6.263 | 0.0331
48025.tiff | 72.711 | 66.906 | 5.806 | 0.0331
43944.tiff | 72.729 | 66.208 | 6.521 | 0.0331
60416.tiff | 72.742 | 66.986 | 5.757 | 0.0331
50060.tiff | 72.755 | 68.195 | 4.561 | 0.0332
53756.tiff | 72.761 | 68.360 | 4.401 | 0.0331
57683.tiff | 72.769 | 67.125 | 5.644 | 0.0332
55724.tiff | 72.771 | 67.429 | 5.341 | 0.0332
54141.tiff | 72.774 | 68.262 | 4.512 | 0.0332
47880.tiff | 72.777 | 66.875 | 5.902 | 0.0332
52097.tiff | 72.786 | 67.771 | 5.015 | 0.0331
48024.tiff | 72.808 | 66.916 | 5.892 | 0.0331
45908.tiff | 72.815 | 66.979 | 5.836 | 0.0331
49843.tiff | 72.825 | 68.185 | 4.640 | 0.0332
47881.tiff | 72.829 | 66.919 | 5.910 | 0.0332
55725.tiff | 72.835 | 67.060 | 5.775 | 0.0333
59651.tiff | 72.848 | 66.325 | 6.522 | 0.0331
43945.tiff | 72.852 | 66.201 | 6.651 | 0.0332
57684.tiff | 72.854 | 66.980 | 5.874 | 0.0333
53757.tiff | 72.859 | 68.292 | 4.567 | 0.0331
46000.tiff | 72.862 | 67.062 | 5.800 | 0.0331
64168.tiff | 72.877 | 66.181 | 6.697 | 0.0332
54140.tiff | 72.884 | 68.123 | 4.761 | 0.0332
56169.tiff | 72.889 | 67.300 | 5.590 | 0.0332
62296.tiff | 72.895 | 67.333 | 5.562 | 0.0331
60415.tiff | 72.902 | 67.252 | 5.651 | 0.0332
43946.tiff | 72.919 | 66.187 | 6.732 | 0.0331
50058.tiff | 72.922 | 68.303 | 4.620 | 0.0332
64100.tiff | 72.924 | 66.785 | 6.139 | 0.0332
49844.tiff | 72.930 | 68.307 | 4.623 | 0.0331
53758.tiff | 72.941 | 68.290 | 4.651 | 0.0332
50057.tiff | 72.946 | 68.250 | 4.696 | 0.0332
51804.tiff | 72.952 | 67.982 | 4.970 | 0.0332
57685.tiff | 72.955 | 67.441 | 5.514 | 0.0332
60414.tiff | 72.969 | 66.863 | 6.105 | 0.0331
64167.tiff | 72.977 | 66.246 | 6.731 | 0.0332
45910.tiff | 72.990 | 67.158 | 5.832 | 0.0332
52095.tiff | 72.999 | 68.001 | 4.998 | 0.0333
59654.tiff | 73.002 | 66.428 | 6.574 | 0.0331
58206.tiff | 73.007 | 66.896 | 6.111 | 0.0332
60413.tiff | 73.022 | 67.539 | 5.483 | 0.0331
54138.tiff | 73.028 | 68.115 | 4.913 | 0.0332
51805.tiff | 73.030 | 68.256 | 4.774 | 0.0332
48021.tiff | 73.032 | 66.607 | 6.425 | 0.0332
53759.tiff | 73.051 | 68.320 | 4.731 | 0.0331
43964.tiff | 73.056 | 65.890 | 7.166 | 0.0331
64166.tiff | 73.061 | 66.007 | 7.054 | 0.0332
55728.tiff | 73.066 | 67.291 | 5.774 | 0.0331
57686.tiff | 73.071 | 66.856 | 6.216 | 0.0332
45911.tiff | 73.077 | 66.858 | 6.219 | 0.0331
57687.tiff | 73.083 | 66.688 | 6.395 | 0.0333
54137.tiff | 73.094 | 68.058 | 5.036 | 0.0333
49846.tiff | 73.097 | 68.429 | 4.668 | 0.0332
64103.tiff | 73.102 | 66.270 | 6.832 | 0.0332
43948.tiff | 73.115 | 66.011 | 7.104 | 0.0331
51806.tiff | 73.122 | 68.186 | 4.936 | 0.0332
64165.tiff | 73.141 | 66.257 | 6.884 | 0.0331
53760.tiff | 73.150 | 68.365 | 4.785 | 0.0332
45996.tiff | 73.152 | 67.092 | 6.060 | 0.0331
62293.tiff | 73.153 | 67.320 | 5.832 | 0.0331
49847.tiff | 73.157 | 68.231 | 4.926 | 0.0331
57688.tiff | 73.168 | 66.861 | 6.307 | 0.0332
43962.tiff | 73.175 | 65.488 | 7.687 | 0.0331
58204.tiff | 73.185 | 66.724 | 6.461 | 0.0333
53761.tiff | 73.187 | 68.238 | 4.949 | 0.0331
48019.tiff | 73.192 | 66.735 | 6.458 | 0.0331
62292.tiff | 73.201 | 67.147 | 6.054 | 0.0332
45913.tiff | 73.221 | 66.881 | 6.341 | 0.0332
49848.tiff | 73.227 | 68.281 | 4.946 | 0.0331
45995.tiff | 73.233 | 66.731 | 6.502 | 0.0331
55729.tiff | 73.235 | 67.105 | 6.131 | 0.0332
56165.tiff | 73.240 | 66.977 | 6.263 | 0.0332
64164.tiff | 73.252 | 66.481 | 6.772 | 0.0332
60410.tiff | 73.256 | 66.960 | 6.297 | 0.0332
53762.tiff | 73.265 | 68.272 | 4.993 | 0.0332
54135.tiff | 73.270 | 68.205 | 5.065 | 0.0331
48018.tiff | 73.279 | 66.645 | 6.633 | 0.0331
49849.tiff | 73.286 | 68.237 | 5.049 | 0.0331
43961.tiff | 73.294 | 65.599 | 7.695 | 0.0332
64105.tiff | 73.303 | 65.546 | 7.756 | 0.0332
58202.tiff | 73.310 | 66.737 | 6.574 | 0.0332
64163.tiff | 73.315 | 65.992 | 7.324 | 0.0332
45994.tiff | 73.323 | 66.987 | 6.336 | 0.0331
52091.tiff | 73.346 | 67.953 | 5.393 | 0.0332
57690.tiff | 73.355 | 66.974 | 6.381 | 0.0331
53763.tiff | 73.357 | 68.136 | 5.221 | 0.0332
51809.tiff | 73.361 | 67.957 | 5.403 | 0.0333
59658.tiff | 73.364 | 66.073 | 7.291 | 0.0332
58201.tiff | 73.373 | 66.809 | 6.564 | 0.0331
49850.tiff | 73.375 | 68.169 | 5.206 | 0.0331
48017.tiff | 73.380 | 66.407 | 6.973 | 0.0332
52090.tiff | 73.397 | 67.844 | 5.553 | 0.0331
56163.tiff | 73.401 | 66.507 | 6.894 | 0.0332
51810.tiff | 73.405 | 67.880 | 5.525 | 0.0333
62290.tiff | 73.414 | 66.962 | 6.453 | 0.0331
64107.tiff | 73.421 | 66.399 | 7.022 | 0.0332
43952.tiff | 73.424 | 65.704 | 7.720 | 0.0332
48016.tiff | 73.430 | 66.632 | 6.798 | 0.0332
59659.tiff | 73.452 | 66.123 | 7.329 | 0.0331
57691.tiff | 73.455 | 66.982 | 6.473 | 0.0331
52089.tiff | 73.471 | 67.625 | 5.845 | 0.0331
43953.tiff | 73.478 | 65.872 | 7.605 | 0.0332
58200.tiff | 73.479 | 66.426 | 7.053 | 0.0332
45916.tiff | 73.481 | 66.750 | 6.730 | 0.0331
64161.tiff | 73.487 | 66.008 | 7.479 | 0.0332
54132.tiff | 73.494 | 67.984 | 5.510 | 0.0332
53765.tiff | 73.501 | 68.314 | 5.188 | 0.0332
51811.tiff | 73.509 | 67.809 | 5.700 | 0.0331
49852.tiff | 73.532 | 68.319 | 5.213 | 0.0332
64160.tiff | 73.533 | 66.169 | 7.363 | 0.0331
57692.tiff | 73.542 | 66.899 | 6.643 | 0.0332
47890.tiff | 73.557 | 66.242 | 7.315 | 0.0332
60407.tiff | 73.560 | 67.047 | 6.513 | 0.0332
43954.tiff | 73.566 | 66.063 | 7.503 | 0.0331
55733.tiff | 73.570 | 67.024 | 6.546 | 0.0331
43957.tiff | 73.578 | 65.908 | 7.670 | 0.0332
54131.tiff | 73.586 | 67.826 | 5.760 | 0.0332
45917.tiff | 73.593 | 66.834 | 6.758 | 0.0332
48015.tiff | 73.602 | 66.493 | 7.109 | 0.0332
55734.tiff | 73.606 | 67.288 | 6.318 | 0.0334
50049.tiff | 73.611 | 68.075 | 5.536 | 0.0331
45990.tiff | 73.615 | 66.757 | 6.857 | 0.0331
62287.tiff | 73.629 | 66.735 | 6.895 | 0.0332
56160.tiff | 73.633 | 67.288 | 6.345 | 0.0332
61971.tiff | 73.639 | 66.643 | 6.997 | 0.0332
52087.tiff | 73.642 | 67.892 | 5.750 | 0.0332
45918.tiff | 73.652 | 66.456 | 7.195 | 0.0333
51813.tiff | 73.654 | 67.736 | 5.918 | 0.0333
54130.tiff | 73.660 | 67.782 | 5.878 | 0.0332
43955.tiff | 73.664 | 65.418 | 8.245 | 0.0331
47891.tiff | 73.672 | 65.923 | 7.749 | 0.0334
48013.tiff | 73.702 | 66.348 | 7.354 | 0.0331
57694.tiff | 73.707 | 66.810 | 6.897 | 0.0331
53767.tiff | 73.717 | 68.039 | 5.678 | 0.0332
45919.tiff | 73.723 | 66.512 | 7.211 | 0.0332
64158.tiff | 73.727 | 65.649 | 8.079 | 0.0331
45989.tiff | 73.732 | 66.594 | 7.138 | 0.0332
48012.tiff | 73.735 | 66.167 | 7.568 | 0.0331
53768.tiff | 73.752 | 68.069 | 5.682 | 0.0331
47892.tiff | 73.754 | 66.178 | 7.576 | 0.0332
56159.tiff | 73.765 | 67.036 | 6.729 | 0.0332
62286.tiff | 73.775 | 66.433 | 7.342 | 0.0332
56158.tiff | 73.778 | 66.992 | 6.785 | 0.0331
50047.tiff | 73.785 | 68.022 | 5.763 | 0.0331
61973.tiff | 73.791 | 66.638 | 7.153 | 0.0332
52085.tiff | 73.798 | 67.605 | 6.193 | 0.0332
64157.tiff | 73.812 | 66.060 | 7.752 | 0.0331
50046.tiff | 73.824 | 68.193 | 5.631 | 0.0331
59663.tiff | 73.830 | 66.133 | 7.697 | 0.0331
55737.tiff | 73.832 | 66.757 | 7.075 | 0.0331
45920.tiff | 73.835 | 66.549 | 7.286 | 0.0332
59664.tiff | 73.843 | 65.802 | 8.040 | 0.0331
64112.tiff | 73.852 | 65.582 | 8.270 | 0.0332
52084.tiff | 73.866 | 67.547 | 6.319 | 0.0331
55738.tiff | 73.867 | 67.417 | 6.451 | 0.0332
56157.tiff | 73.870 | 66.987 | 6.883 | 0.0331
45987.tiff | 73.888 | 66.352 | 7.536 | 0.0331
62284.tiff | 73.892 | 66.657 | 7.235 | 0.0332
48011.tiff | 73.893 | 66.207 | 7.686 | 0.0332
51816.tiff | 73.908 | 67.656 | 6.252 | 0.0331
61974.tiff | 73.910 | 66.464 | 7.446 | 0.0331
57697.tiff | 73.935 | 66.785 | 7.149 | 0.0331
53770.tiff | 73.938 | 68.221 | 5.717 | 0.0331
53771.tiff | 73.950 | 68.202 | 5.747 | 0.0332
49857.tiff | 73.952 | 68.150 | 5.802 | 0.0332
48010.tiff | 73.960 | 66.281 | 7.680 | 0.0332
47895.tiff | 73.963 | 66.329 | 7.634 | 0.0332
64114.tiff | 73.967 | 65.813 | 8.155 | 0.0331
56156.tiff | 73.983 | 66.920 | 7.063 | 0.0331
57698.tiff | 73.988 | 66.687 | 7.301 | 0.0331
50044.tiff | 74.009 | 68.117 | 5.892 | 0.0332
45986.tiff | 74.014 | 66.452 | 7.562 | 0.0331
48009.tiff | 74.018 | 65.917 | 8.101 | 0.0332
49858.tiff | 74.032 | 68.099 | 5.933 | 0.0331
55740.tiff | 74.038 | 67.101 | 6.937 | 0.0331
45985.tiff | 74.042 | 66.280 | 7.762 | 0.0332
54125.tiff | 74.051 | 67.486 | 6.564 | 0.0332
61977.tiff | 74.054 | 66.319 | 7.735 | 0.0332
64115.tiff | 74.067 | 65.179 | 8.888 | 0.0331
56155.tiff | 74.070 | 66.912 | 7.158 | 0.0331
64116.tiff | 74.081 | 65.483 | 8.598 | 0.0332
48008.tiff | 74.091 | 66.348 | 7.744 | 0.0332
53772.tiff | 74.095 | 67.989 | 6.106 | 0.0332
45984.tiff | 74.097 | 66.312 | 7.784 | 0.0332
60401.tiff | 74.099 | 67.147 | 6.952 | 0.0332
64154.tiff | 74.107 | 65.735 | 8.372 | 0.0331
47897.tiff | 74.117 | 66.184 | 7.934 | 0.0332
59667.tiff | 74.123 | 65.717 | 8.406 | 0.0331
51819.tiff | 74.140 | 67.662 | 6.478 | 0.0334
50042.tiff | 74.159 | 68.000 | 6.159 | 0.0332
45983.tiff | 74.170 | 66.286 | 7.884 | 0.0332
57700.tiff | 74.171 | 66.684 | 7.487 | 0.0332
61978.tiff | 74.173 | 66.347 | 7.826 | 0.0332
55741.tiff | 74.192 | 66.983 | 7.208 | 0.0332
58191.tiff | 74.193 | 66.810 | 7.382 | 0.0332
45925.tiff | 74.203 | 66.172 | 8.031 | 0.0332
53773.tiff | 74.214 | 68.138 | 6.076 | 0.0331
47898.tiff | 74.223 | 66.006 | 8.216 | 0.0332
61979.tiff | 74.230 | 66.226 | 8.004 | 0.0331
58190.tiff | 74.239 | 66.369 | 7.869 | 0.0332
59669.tiff | 74.239 | 66.114 | 8.126 | 0.0332
51820.tiff | 74.243 | 67.566 | 6.677 | 0.0331
48006.tiff | 74.256 | 65.824 | 8.432 | 0.0332
45926.tiff | 74.262 | 66.332 | 7.929 | 0.0331
64152.tiff | 74.273 | 64.972 | 9.301 | 0.0331
47899.tiff | 74.280 | 66.055 | 8.225 | 0.0331
50040.tiff | 74.287 | 67.895 | 6.392 | 0.0332
64118.tiff | 74.292 | 65.038 | 9.254 | 0.0332
62280.tiff | 74.303 | 66.250 | 8.053 | 0.0332
52079.tiff | 74.304 | 67.350 | 6.955 | 0.0332
54122.tiff | 74.313 | 68.135 | 6.178 | 0.0331
57702.tiff | 74.316 | 66.485 | 7.830 | 0.0331
51821.tiff | 74.340 | 67.476 | 6.864 | 0.0332
59670.tiff | 74.345 | 65.959 | 8.386 | 0.0333
64119.tiff | 74.349 | 64.943 | 9.407 | 0.0331
53775.tiff | 74.353 | 68.059 | 6.294 | 0.0331
49862.tiff | 74.358 | 67.940 | 6.417 | 0.0332
62279.tiff | 74.367 | 66.586 | 7.781 | 0.0331
54121.tiff | 74.372 | 68.049 | 6.323 | 0.0331
58188.tiff | 74.389 | 66.503 | 7.886 | 0.0331
60397.tiff | 74.394 | 66.677 | 7.717 | 0.0332
53776.tiff | 74.399 | 67.923 | 6.476 | 0.0331
45927.tiff | 74.416 | 66.398 | 8.018 | 0.0332
59671.tiff | 74.426 | 65.756 | 8.670 | 0.0332
56150.tiff | 74.432 | 67.187 | 7.245 | 0.0332
54120.tiff | 74.437 | 68.082 | 6.354 | 0.0331
49863.tiff | 74.444 | 67.918 | 6.526 | 0.0331
45980.tiff | 74.449 | 66.199 | 8.251 | 0.0332
56149.tiff | 74.461 | 66.630 | 7.830 | 0.0331
62278.tiff | 74.462 | 66.525 | 7.937 | 0.0332
60396.tiff | 74.472 | 66.810 | 7.663 | 0.0332
47901.tiff | 74.480 | 65.727 | 8.753 | 0.0331
53777.tiff | 74.489 | 68.167 | 6.322 | 0.0332
64121.tiff | 74.494 | 64.940 | 9.554 | 0.0331
61982.tiff | 74.509 | 66.415 | 8.094 | 0.0332
64149.tiff | 74.512 | 65.109 | 9.403 | 0.0331
62277.tiff | 74.523 | 66.844 | 7.679 | 0.0331
54119.tiff | 74.539 | 67.879 | 6.660 | 0.0332
57705.tiff | 74.546 | 66.304 | 8.242 | 0.0332
50037.tiff | 74.551 | 67.884 | 6.667 | 0.0331
52075.tiff | 74.560 | 67.341 | 7.218 | 0.0332
53778.tiff | 74.566 | 67.940 | 6.626 | 0.0331
62276.tiff | 74.577 | 66.467 | 8.111 | 0.0331
45978.tiff | 74.585 | 65.750 | 8.835 | 0.0332
61984.tiff | 74.590 | 66.162 | 8.428 | 0.0334
51824.tiff | 74.594 | 67.617 | 6.977 | 0.0331
56148.tiff | 74.612 | 66.722 | 7.890 | 0.0331
49865.tiff | 74.616 | 67.952 | 6.664 | 0.0332
47903.tiff | 74.618 | 65.973 | 8.645 | 0.0332
54118.tiff | 74.626 | 67.962 | 6.664 | 0.0331
56147.tiff | 74.631 | 67.043 | 7.588 | 0.0332
57706.tiff | 74.641 | 66.730 | 7.911 | 0.0331
51825.tiff | 74.655 | 67.483 | 7.172 | 0.0332
64123.tiff | 74.668 | 65.342 | 9.326 | 0.0334
45977.tiff | 74.679 | 66.104 | 8.575 | 0.0331
55747.tiff | 74.687 | 66.760 | 7.927 | 0.0332
62275.tiff | 74.692 | 66.382 | 8.310 | 0.0332
64147.tiff | 74.704 | 64.869 | 9.835 | 0.0331
48000.tiff | 74.712 | 65.656 | 9.056 | 0.0331
52073.tiff | 74.718 | 67.264 | 7.454 | 0.0332
64124.tiff | 74.723 | 64.576 | 10.147 | 0.0331
58184.tiff | 74.732 | 66.051 | 8.681 | 0.0332
54117.tiff | 74.744 | 67.930 | 6.813 | 0.0332
59675.tiff | 74.752 | 65.302 | 9.450 | 0.0331
56146.tiff | 74.761 | 66.759 | 8.002 | 0.0331
57707.tiff | 74.761 | 66.631 | 8.129 | 0.0332
61986.tiff | 74.768 | 66.208 | 8.561 | 0.0331
64146.tiff | 74.780 | 64.459 | 10.321 | 0.0331
55749.tiff | 74.789 | 66.959 | 7.830 | 0.0331
54116.tiff | 74.802 | 67.662 | 7.140 | 0.0332
49867.tiff | 74.806 | 67.634 | 7.171 | 0.0332
45932.tiff | 74.807 | 65.861 | 8.946 | 0.0332
59676.tiff | 74.827 | 65.918 | 8.909 | 0.0331
56145.tiff | 74.832 | 66.735 | 8.096 | 0.0331
54115.tiff | 74.834 | 68.020 | 6.815 | 0.0331
55750.tiff | 74.855 | 66.960 | 7.895 | 0.0332
47906.tiff | 74.861 | 65.462 | 9.399 | 0.0331
62273.tiff | 74.866 | 66.376 | 8.491 | 0.0331
61987.tiff | 74.874 | 66.326 | 8.548 | 0.0332
58182.tiff | 74.878 | 66.323 | 8.555 | 0.0332
53782.tiff | 74.885 | 68.112 | 6.772 | 0.0332
52071.tiff | 74.890 | 67.379 | 7.511 | 0.0332
60392.tiff | 74.896 | 66.737 | 8.159 | 0.0331
62272.tiff | 74.918 | 66.274 | 8.643 | 0.0331
56144.tiff | 74.923 | 66.307 | 8.616 | 0.0334
49869.tiff | 74.938 | 67.585 | 7.353 | 0.0331
50033.tiff | 74.946 | 67.614 | 7.332 | 0.0332
59678.tiff | 74.949 | 65.928 | 9.021 | 0.0332
45974.tiff | 74.951 | 65.669 | 9.282 | 0.0332
55751.tiff | 74.954 | 66.971 | 7.983 | 0.0331
52070.tiff | 74.957 | 66.985 | 7.973 | 0.0331
58181.tiff | 74.964 | 66.323 | 8.641 | 0.0331
53783.tiff | 74.973 | 67.862 | 7.110 | 0.0331
56143.tiff | 74.973 | 66.408 | 8.565 | 0.0332
64127.tiff | 74.986 | 64.556 | 10.430 | 0.0331
45973.tiff | 75.001 | 65.731 | 9.270 | 0.0331
52069.tiff | 75.008 | 67.101 | 7.908 | 0.0332
64128.tiff | 75.012 | 64.770 | 10.242 | 0.0332
53784.tiff | 75.015 | 67.823 | 7.192 | 0.0332
58180.tiff | 75.022 | 66.344 | 8.679 | 0.0331
50031.tiff | 75.034 | 67.694 | 7.340 | 0.0332
57711.tiff | 75.037 | 66.654 | 8.383 | 0.0331
47908.tiff | 75.038 | 65.268 | 9.769 | 0.0331
51830.tiff | 75.049 | 67.510 | 7.538 | 0.0331
45972.tiff | 75.068 | 65.986 | 9.081 | 0.0332
49871.tiff | 75.080 | 67.594 | 7.486 | 0.0331
61990.tiff | 75.093 | 65.947 | 9.146 | 0.0333
62270.tiff | 75.104 | 66.149 | 8.955 | 0.0332
47909.tiff | 75.109 | 65.346 | 9.763 | 0.0331
45936.tiff | 75.113 | 65.760 | 9.353 | 0.0331
64142.tiff | 75.120 | 64.925 | 10.194 | 0.0331
54112.tiff | 75.128 | 67.578 | 7.551 | 0.0332
47910.tiff | 75.136 | 65.115 | 10.021 | 0.0332
56141.tiff | 75.139 | 66.041 | 9.098 | 0.0332
53785.tiff | 75.143 | 68.011 | 7.132 | 0.0331
62269.tiff | 75.163 | 66.397 | 8.766 | 0.0332
45937.tiff | 75.167 | 65.652 | 9.515 | 0.0332
60388.tiff | 75.169 | 66.266 | 8.903 | 0.0332
54111.tiff | 75.182 | 67.683 | 7.498 | 0.0332
49872.tiff | 75.186 | 67.645 | 7.541 | 0.0331
58178.tiff | 75.199 | 66.286 | 8.913 | 0.0332
62268.tiff | 75.204 | 65.999 | 9.205 | 0.0331
64141.tiff | 75.205 | 64.840 | 10.366 | 0.0332
61992.tiff | 75.219 | 65.858 | 9.362 | 0.0331
59681.tiff | 75.240 | 65.547 | 9.693 | 0.0331
57713.tiff | 75.242 | 66.056 | 9.185 | 0.0332
49873.tiff | 75.245 | 67.545 | 7.700 | 0.0331
58177.tiff | 75.251 | 65.607 | 9.644 | 0.0331
64131.tiff | 75.268 | 64.790 | 10.478 | 0.0331
52066.tiff | 75.275 | 66.993 | 8.282 | 0.0332
51833.tiff | 75.284 | 67.269 | 8.015 | 0.0332
45938.tiff | 75.291 | 65.471 | 9.820 | 0.0332
59682.tiff | 75.303 | 65.252 | 10.051 | 0.0332
54109.tiff | 75.308 | 67.498 | 7.810 | 0.0332
45939.tiff | 75.323 | 65.453 | 9.870 | 0.0332
55755.tiff | 75.326 | 66.280 | 9.046 | 0.0331
50028.tiff | 75.333 | 67.348 | 7.985 | 0.0332
64132.tiff | 75.338 | 64.012 | 11.326 | 0.0331
52065.tiff | 75.359 | 67.300 | 8.059 | 0.0333
60386.tiff | 75.366 | 66.634 | 8.732 | 0.0332
51834.tiff | 75.376 | 67.118 | 8.259 | 0.0331
49874.tiff | 75.380 | 67.709 | 7.671 | 0.0331
64139.tiff | 75.392 | 64.336 | 11.056 | 0.0331
53788.tiff | 75.398 | 67.880 | 7.518 | 0.0332
60385.tiff | 75.399 | 66.544 | 8.855 | 0.0332
55756.tiff | 75.403 | 66.935 | 8.467 | 0.0332
57715.tiff | 75.406 | 66.644 | 8.762 | 0.0332
47913.tiff | 75.423 | 65.114 | 10.309 | 0.0332
49875.tiff | 75.428 | 67.565 | 7.863 | 0.0331
62266.tiff | 75.434 | 66.253 | 9.180 | 0.0331
45967.tiff | 75.441 | 65.319 | 10.122 | 0.0332
53789.tiff | 75.450 | 68.218 | 7.232 | 0.0331
64138.tiff | 75.453 | 64.495 | 10.958 | 0.0332
59684.tiff | 75.459 | 65.479 | 9.980 | 0.0332
56137.tiff | 75.470 | 66.361 | 9.108 | 0.0331
60384.tiff | 75.488 | 66.968 | 8.520 | 0.0334
52063.tiff | 75.492 | 66.949 | 8.543 | 0.0331
57716.tiff | 75.496 | 66.517 | 8.979 | 0.0331
47990.tiff | 75.498 | 64.877 | 10.621 | 0.0331
64134.tiff | 75.500 | 64.094 | 11.406 | 0.0332
53790.tiff | 75.531 | 67.835 | 7.696 | 0.0331
45941.tiff | 75.537 | 65.316 | 10.221 | 0.0332
64135.tiff | 75.539 | 64.862 | 10.677 | 0.0332
64137.tiff | 75.552 | 64.291 | 11.261 | 0.0331
57717.tiff | 75.559 | 66.514 | 9.046 | 0.0332
62264.tiff | 75.576 | 66.227 | 9.349 | 0.0332
49877.tiff | 75.584 | 67.567 | 8.017 | 0.0332
54106.tiff | 75.588 | 67.505 | 8.083 | 0.0334
61997.tiff | 75.591 | 65.786 | 9.805 | 0.0331
47989.tiff | 75.593 | 64.809 | 10.784 | 0.0331
50025.tiff | 75.598 | 67.443 | 8.156 | 0.0331
53791.tiff | 75.601 | 67.753 | 7.848 | 0.0331
60382.tiff | 75.612 | 66.667 | 8.945 | 0.0332
47915.tiff | 75.620 | 64.809 | 10.811 | 0.0332
60383.tiff | 75.624 | 66.389 | 9.236 | 0.0331
51837.tiff | 75.633 | 67.060 | 8.573 | 0.0332
49878.tiff | 75.642 | 67.511 | 8.132 | 0.0331
55759.tiff | 75.649 | 66.625 | 9.024 | 0.0331
45943.tiff | 75.655 | 65.078 | 10.576 | 0.0332
59686.tiff | 75.665 | 65.326 | 10.340 | 0.0332
62263.tiff | 75.670 | 66.138 | 9.532 | 0.0332
45964.tiff | 75.697 | 65.252 | 10.446 | 0.0331
54104.tiff | 75.707 | 67.657 | 8.050 | 0.0332
59687.tiff | 75.723 | 65.465 | 10.258 | 0.0331
55760.tiff | 75.740 | 66.528 | 9.212 | 0.0331
61999.tiff | 75.746 | 65.749 | 9.997 | 0.0331
56134.tiff | 75.747 | 66.321 | 9.425 | 0.0331
49879.tiff | 75.755 | 67.462 | 8.293 | 0.0332
57720.tiff | 75.758 | 66.394 | 9.364 | 0.0331
45944.tiff | 75.762 | 65.155 | 10.607 | 0.0331
60381.tiff | 75.785 | 65.957 | 9.828 | 0.0331
54103.tiff | 75.791 | 67.335 | 8.456 | 0.0332
62000.tiff | 75.808 | 65.571 | 10.237 | 0.0332
56133.tiff | 75.815 | 66.232 | 9.582 | 0.0332
45963.tiff | 75.820 | 64.832 | 10.988 | 0.0332
62260.tiff | 75.828 | 65.916 | 9.912 | 0.0332
51840.tiff | 75.836 | 66.761 | 9.075 | 0.0331
47986.tiff | 75.840 | 64.745 | 11.095 | 0.0334
59688.tiff | 75.841 | 65.132 | 10.709 | 0.0332
54102.tiff | 75.852 | 67.334 | 8.518 | 0.0331
62261.tiff | 75.859 | 65.932 | 9.926 | 0.0332
56132.tiff | 75.868 | 65.891 | 9.976 | 0.0331
53794.tiff | 75.873 | 68.153 | 7.720 | 0.0331
55762.tiff | 75.897 | 66.674 | 9.223 | 0.0332
45962.tiff | 75.902 | 64.844 | 11.058 | 0.0332
58169.tiff | 75.908 | 65.867 | 10.041 | 0.0333
47985.tiff | 75.919 | 64.439 | 11.480 | 0.0331
47919.tiff | 75.936 | 64.482 | 11.454 | 0.0332
49881.tiff | 75.940 | 67.331 | 8.610 | 0.0331
58168.tiff | 75.958 | 65.835 | 10.123 | 0.0332
47984.tiff | 75.970 | 64.297 | 11.673 | 0.0332
45961.tiff | 75.973 | 64.848 | 11.125 | 0.0332
55763.tiff | 75.976 | 66.592 | 9.384 | 0.0331
56130.tiff | 75.991 | 65.946 | 10.045 | 0.0332
49882.tiff | 75.994 | 67.321 | 8.673 | 0.0332
45947.tiff | 76.006 | 64.933 | 11.072 | 0.0331
53795.tiff | 76.009 | 67.559 | 8.450 | 0.0332
59690.tiff | 76.017 | 65.094 | 10.923 | 0.0331
62259.tiff | 76.019 | 66.074 | 9.945 | 0.0332
62003.tiff | 76.037 | 65.330 | 10.707 | 0.0331
58167.tiff | 76.047 | 65.711 | 10.336 | 0.0332
59691.tiff | 76.064 | 65.346 | 10.719 | 0.0331
53796.tiff | 76.080 | 67.831 | 8.249 | 0.0331
47983.tiff | 76.102 | 64.384 | 11.719 | 0.0331
51843.tiff | 76.105 | 66.414 | 9.691 | 0.0331
58166.tiff | 76.106 | 65.778 | 10.328 | 0.0331
55765.tiff | 76.111 | 66.827 | 9.284 | 0.0331
50018.tiff | 76.116 | 67.157 | 8.958 | 0.0331
57724.tiff | 76.123 | 66.168 | 9.955 | 0.0332
62004.tiff | 76.126 | 65.393 | 10.733 | 0.0331
49884.tiff | 76.130 | 67.044 | 9.086 | 0.0332
52055.tiff | 76.140 | 66.717 | 9.423 | 0.0331
47922.tiff | 76.162 | 64.244 | 11.919 | 0.0332
62005.tiff | 76.173 | 65.211 | 10.961 | 0.0331
62257.tiff | 76.175 | 65.478 | 10.697 | 0.0332
45959.tiff | 76.192 | 64.831 | 11.361 | 0.0332
51844.tiff | 76.198 | 66.774 | 9.424 | 0.0332
55766.tiff | 76.200 | 66.452 | 9.748 | 0.0332
57725.tiff | 76.212 | 66.222 | 9.989 | 0.0331
52054.tiff | 76.226 | 66.413 | 9.813 | 0.0333
54097.tiff | 76.233 | 67.597 | 8.636 | 0.0331
59693.tiff | 76.243 | 64.978 | 11.265 | 0.0332
57726.tiff | 76.256 | 65.790 | 10.466 | 0.0332
45950.tiff | 76.262 | 64.628 | 11.634 | 0.0332
50016.tiff | 76.269 | 67.108 | 9.161 | 0.0331
60375.tiff | 76.273 | 65.913 | 10.361 | 0.0332
47923.tiff | 76.281 | 64.160 | 12.120 | 0.0332
58164.tiff | 76.296 | 65.721 | 10.575 | 0.0331
59694.tiff | 76.303 | 64.912 | 11.391 | 0.0332
47924.tiff | 76.311 | 63.779 | 12.532 | 0.0333
58163.tiff | 76.320 | 65.642 | 10.678 | 0.0331
62255.tiff | 76.326 | 65.459 | 10.867 | 0.0332
49886.tiff | 76.331 | 66.986 | 9.345 | 0.0332
45951.tiff | 76.338 | 64.422 | 11.915 | 0.0331
62007.tiff | 76.349 | 65.194 | 11.155 | 0.0331
52052.tiff | 76.358 | 66.465 | 9.892 | 0.0331
57727.tiff | 76.361 | 66.154 | 10.206 | 0.0332
51846.tiff | 76.370 | 66.285 | 10.085 | 0.0332
59695.tiff | 76.386 | 64.790 | 11.596 | 0.0332
47979.tiff | 76.397 | 63.940 | 12.457 | 0.0331
47925.tiff | 76.402 | 63.965 | 12.438 | 0.0331
54095.tiff | 76.420 | 67.508 | 8.912 | 0.0332
58162.tiff | 76.425 | 65.348 | 11.077 | 0.0331
52051.tiff | 76.438 | 66.282 | 10.156 | 0.0331
53801.tiff | 76.443 | 67.531 | 8.912 | 0.0331
45955.tiff | 76.452 | 64.227 | 12.225 | 0.0331
47926.tiff | 76.457 | 64.192 | 12.266 | 0.0331
51847.tiff | 76.459 | 66.430 | 10.029 | 0.0332
50013.tiff | 76.479 | 66.920 | 9.559 | 0.0334
62009.tiff | 76.491 | 65.320 | 11.171 | 0.0332
57729.tiff | 76.492 | 65.860 | 10.632 | 0.0331
53802.tiff | 76.502 | 67.182 | 9.320 | 0.0333
59696.tiff | 76.508 | 64.974 | 11.534 | 0.0331
56124.tiff | 76.514 | 66.053 | 10.461 | 0.0331
49888.tiff | 76.520 | 67.260 | 9.260 | 0.0331
50012.tiff | 76.533 | 66.738 | 9.796 | 0.0331
55770.tiff | 76.554 | 66.754 | 9.800 | 0.0332
47977.tiff | 76.565 | 63.451 | 13.114 | 0.0331
45954.tiff | 76.580 | 64.501 | 12.079 | 0.0331
58160.tiff | 76.591 | 65.612 | 10.979 | 0.0331
49889.tiff | 76.601 | 67.083 | 9.519 | 0.0332
57730.tiff | 76.612 | 65.956 | 10.656 | 0.0332
62252.tiff | 76.618 | 65.423 | 11.195 | 0.0331
59698.tiff | 76.625 | 64.839 | 11.787 | 0.0332
47976.tiff | 76.635 | 63.474 | 13.161 | 0.0332
54092.tiff | 76.642 | 67.389 | 9.253 | 0.0331
50011.tiff | 76.657 | 66.682 | 9.975 | 0.0332
62011.tiff | 76.676 | 65.079 | 11.596 | 0.0332
56122.tiff | 76.678 | 65.793 | 10.886 | 0.0331
53804.tiff | 76.692 | 67.701 | 8.991 | 0.0331
50010.tiff | 76.698 | 66.938 | 9.760 | 0.0331
55772.tiff | 76.702 | 65.831 | 10.871 | 0.0331
59699.tiff | 76.703 | 64.589 | 12.114 | 0.0332
62251.tiff | 76.722 | 65.598 | 11.124 | 0.0332
58158.tiff | 76.725 | 65.703 | 11.022 | 0.0331
52047.tiff | 76.733 | 65.929 | 10.804 | 0.0332
47929.tiff | 76.743 | 63.918 | 12.825 | 0.0331
53805.tiff | 76.757 | 67.417 | 9.340 | 0.0331
59700.tiff | 76.760 | 64.870 | 11.890 | 0.0331
60369.tiff | 76.777 | 65.895 | 10.881 | 0.0331
62250.tiff | 76.795 | 65.328 | 11.466 | 0.0332
50009.tiff | 76.803 | 66.611 | 10.192 | 0.0332
56120.tiff | 76.810 | 66.189 | 10.621 | 0.0332
62013.tiff | 76.816 | 64.963 | 11.853 | 0.0332
58157.tiff | 76.824 | 65.582 | 11.242 | 0.0332
57733.tiff | 76.841 | 65.702 | 11.138 | 0.0332
62249.tiff | 76.847 | 65.320 | 11.527 | 0.0334
55774.tiff | 76.853 | 65.863 | 10.989 | 0.0332
59701.tiff | 76.863 | 64.714 | 12.149 | 0.0331
52046.tiff | 76.873 | 66.111 | 10.762 | 0.0332
49893.tiff | 76.891 | 66.714 | 10.177 | 0.0332
52045.tiff | 76.894 | 65.986 | 10.908 | 0.0332
54089.tiff | 76.908 | 67.394 | 9.513 | 0.0331
62014.tiff | 76.913 | 64.588 | 12.326 | 0.0333
62248.tiff | 76.927 | 64.666 | 12.261 | 0.0331
50007.tiff | 76.937 | 66.710 | 10.228 | 0.0332
47972.tiff | 76.943 | 63.633 | 13.310 | 0.0332
53807.tiff | 76.954 | 67.099 | 9.854 | 0.0331
62015.tiff | 76.962 | 64.774 | 12.188 | 0.0332
56118.tiff | 76.970 | 65.752 | 11.218 | 0.0333
55775.tiff | 76.983 | 65.745 | 11.238 | 0.0332
55776.tiff | 77.004 | 65.832 | 11.172 | 0.0331
50006.tiff | 77.010 | 67.018 | 9.992 | 0.0332
52044.tiff | 77.016 | 65.975 | 11.042 | 0.0332
47971.tiff | 77.033 | 63.297 | 13.736 | 0.0331
62016.tiff | 77.039 | 64.580 | 12.459 | 0.0332
56117.tiff | 77.051 | 66.099 | 10.952 | 0.0332
51855.tiff | 77.069 | 66.100 | 10.969 | 0.0332
62247.tiff | 77.079 | 65.037 | 12.042 | 0.0331
57736.tiff | 77.100 | 65.589 | 11.510 | 0.0332
54087.tiff | 77.102 | 66.775 | 10.327 | 0.0332
56116.tiff | 77.109 | 65.699 | 11.410 | 0.0332
53809.tiff | 77.118 | 67.253 | 9.865 | 0.0332
50005.tiff | 77.122 | 66.585 | 10.537 | 0.0332
47934.tiff | 77.128 | 63.244 | 13.884 | 0.0333
49896.tiff | 77.149 | 66.523 | 10.626 | 0.0331
62246.tiff | 77.159 | 64.768 | 12.391 | 0.0332
55778.tiff | 77.178 | 66.192 | 10.986 | 0.0331
50004.tiff | 77.188 | 66.356 | 10.832 | 0.0332
53810.tiff | 77.194 | 67.191 | 10.003 | 0.0332
58152.tiff | 77.201 | 65.137 | 12.064 | 0.0332
60364.tiff | 77.204 | 65.916 | 11.288 | 0.0331
62245.tiff | 77.211 | 64.588 | 12.622 | 0.0332
51857.tiff | 77.238 | 66.019 | 11.219 | 0.0331
56114.tiff | 77.245 | 65.410 | 11.835 | 0.0331
47968.tiff | 77.250 | 63.208 | 14.042 | 0.0332
53811.tiff | 77.255 | 67.438 | 9.817 | 0.0331
62018.tiff | 77.272 | 64.754 | 12.518 | 0.0332
60363.tiff | 77.279 | 65.521 | 11.758 | 0.0332
62244.tiff | 77.286 | 64.655 | 12.631 | 0.0331
47936.tiff | 77.295 | 62.933 | 14.363 | 0.0331
53812.tiff | 77.308 | 67.269 | 10.039 | 0.0331
62020.tiff | 77.316 | 64.421 | 12.896 | 0.0332
51858.tiff | 77.321 | 65.667 | 11.654 | 0.0332
59707.tiff | 77.332 | 64.685 | 12.647 | 0.0331
55780.tiff | 77.342 | 66.055 | 11.288 | 0.0331
56113.tiff | 77.349 | 66.095 | 11.254 | 0.0331
50002.tiff | 77.355 | 66.355 | 11.001 | 0.0334
62243.tiff | 77.381 | 65.007 | 12.374 | 0.0331
52039.tiff | 77.387 | 65.828 | 11.559 | 0.0331
47937.tiff | 77.396 | 62.941 | 14.455 | 0.0331
49899.tiff | 77.416 | 66.415 | 11.001 | 0.0331
55781.tiff | 77.418 | 65.148 | 12.270 | 0.0331
62021.tiff | 77.421 | 64.560 | 12.861 | 0.0331
54082.tiff | 77.433 | 67.194 | 10.239 | 0.0332
56112.tiff | 77.439 | 66.070 | 11.370 | 0.0331
57741.tiff | 77.449 | 65.345 | 12.104 | 0.0331
62242.tiff | 77.473 | 64.488 | 12.985 | 0.0331
47965.tiff | 77.479 | 63.059 | 14.420 | 0.0331
62022.tiff | 77.503 | 64.635 | 12.868 | 0.0332
55782.tiff | 77.508 | 65.579 | 11.930 | 0.0333
50000.tiff | 77.513 | 66.387 | 11.125 | 0.0331
54081.tiff | 77.529 | 66.609 | 10.919 | 0.0331
62241.tiff | 77.538 | 64.526 | 13.012 | 0.0331
49901.tiff | 77.544 | 66.610 | 10.934 | 0.0331
47939.tiff | 77.551 | 62.704 | 14.847 | 0.0332
52037.tiff | 77.563 | 65.371 | 12.192 | 0.0332
56110.tiff | 77.581 | 65.574 | 12.007 | 0.0332
62024.tiff | 77.589 | 64.595 | 12.994 | 0.0331
51861.tiff | 77.591 | 65.564 | 12.027 | 0.0331
59710.tiff | 77.594 | 64.254 | 13.340 | 0.0331
55783.tiff | 77.601 | 65.944 | 11.658 | 0.0332
58147.tiff | 77.610 | 64.432 | 13.178 | 0.0331
56109.tiff | 77.627 | 65.425 | 12.201 | 0.0332
57743.tiff | 77.634 | 65.207 | 12.427 | 0.0331
60360.tiff | 77.643 | 65.392 | 12.251 | 0.0332
47963.tiff | 77.653 | 62.350 | 15.303 | 0.0332
49998.tiff | 77.676 | 66.098 | 11.578 | 0.0332
55784.tiff | 77.686 | 65.784 | 11.902 | 0.0331
49902.tiff | 77.696 | 66.472 | 11.224 | 0.0331
57744.tiff | 77.702 | 65.469 | 12.233 | 0.0331
56108.tiff | 77.710 | 65.573 | 12.137 | 0.0332
58146.tiff | 77.716 | 64.991 | 12.725 | 0.0332
59711.tiff | 77.733 | 64.163 | 13.570 | 0.0332
49903.tiff | 77.743 | 66.249 | 11.494 | 0.0332
52035.tiff | 77.764 | 65.594 | 12.170 | 0.0334
53817.tiff | 77.776 | 66.905 | 10.871 | 0.0332
51863.tiff | 77.777 | 65.604 | 12.173 | 0.0331
62238.tiff | 77.785 | 64.192 | 13.594 | 0.0331
60357.tiff | 77.801 | 65.044 | 12.758 | 0.0331
49904.tiff | 77.803 | 66.187 | 11.615 | 0.0332
47961.tiff | 77.816 | 62.345 | 15.471 | 0.0332
53818.tiff | 77.821 | 66.935 | 10.885 | 0.0332
57745.tiff | 77.843 | 65.684 | 12.159 | 0.0332
49996.tiff | 77.853 | 65.879 | 11.974 | 0.0332
51864.tiff | 77.857 | 65.410 | 12.447 | 0.0331
47943.tiff | 77.861 | 62.456 | 15.405 | 0.0334
54077.tiff | 77.874 | 66.987 | 10.887 | 0.0331
52033.tiff | 77.884 | 65.273 | 12.611 | 0.0332
56106.tiff | 77.889 | 65.382 | 12.507 | 0.0334
55787.tiff | 77.906 | 65.514 | 12.392 | 0.0332
62028.tiff | 77.917 | 64.054 | 13.863 | 0.0332
51865.tiff | 77.922 | 65.203 | 12.720 | 0.0332
62027.tiff | 77.925 | 63.832 | 14.093 | 0.0332
57746.tiff | 77.928 | 64.985 | 12.943 | 0.0331
47944.tiff | 77.936 | 62.379 | 15.558 | 0.0332
53820.tiff | 77.964 | 67.347 | 10.616 | 0.0331
60355.tiff | 77.974 | 64.990 | 12.984 | 0.0332
62236.tiff | 77.984 | 64.044 | 13.941 | 0.0331
57747.tiff | 78.000 | 64.951 | 13.049 | 0.0332
47945.tiff | 78.003 | 62.222 | 15.781 | 0.0332
51866.tiff | 78.011 | 65.045 | 12.966 | 0.0331
60354.tiff | 78.023 | 65.386 | 12.637 | 0.0331
54075.tiff | 78.034 | 66.156 | 11.878 | 0.0332
52031.tiff | 78.037 | 65.557 | 12.480 | 0.0331
58142.tiff | 78.043 | 64.747 | 13.296 | 0.0333
57748.tiff | 78.070 | 65.055 | 13.015 | 0.0331
47958.tiff | 78.083 | 62.094 | 15.989 | 0.0332
51867.tiff | 78.088 | 65.426 | 12.662 | 0.0333
55789.tiff | 78.089 | 65.183 | 12.906 | 0.0332
54074.tiff | 78.094 | 66.771 | 11.323 | 0.0331
47946.tiff | 78.107 | 62.563 | 15.544 | 0.0332
57749.tiff | 78.113 | 64.825 | 13.288 | 0.0332
62235.tiff | 78.123 | 63.973 | 14.150 | 0.0334
59717.tiff | 78.157 | 64.038 | 14.119 | 0.0332
49992.tiff | 78.163 | 66.020 | 12.144 | 0.0332
53822.tiff | 78.174 | 67.084 | 11.090 | 0.0331
55790.tiff | 78.187 | 65.151 | 13.036 | 0.0331
58140.tiff | 78.197 | 64.849 | 13.348 | 0.0332
62031.tiff | 78.207 | 63.969 | 14.238 | 0.0331
52029.tiff | 78.221 | 64.952 | 13.270 | 0.0331
51869.tiff | 78.224 | 64.974 | 13.250 | 0.0332
55791.tiff | 78.228 | 65.662 | 12.566 | 0.0331
49991.tiff | 78.233 | 65.449 | 12.784 | 0.0332
53823.tiff | 78.251 | 67.103 | 11.148 | 0.0332
57750.tiff | 78.272 | 65.135 | 13.137 | 0.0332
54072.tiff | 78.278 | 67.015 | 11.263 | 0.0332
47948.tiff | 78.286 | 62.075 | 16.212 | 0.0332
56101.tiff | 78.304 | 64.715 | 13.590 | 0.0331
62233.tiff | 78.318 | 64.029 | 14.289 | 0.0331
57751.tiff | 78.323 | 65.481 | 12.842 | 0.0331
55792.tiff | 78.337 | 65.359 | 12.978 | 0.0331
62033.tiff | 78.340 | 63.555 | 14.785 | 0.0332
49911.tiff | 78.348 | 65.745 | 12.603 | 0.0331
58138.tiff | 78.353 | 64.533 | 13.820 | 0.0333
53824.tiff | 78.359 | 66.438 | 11.921 | 0.0332
47949.tiff | 78.372 | 62.004 | 16.368 | 0.0332
55793.tiff | 78.392 | 65.118 | 13.274 | 0.0332
62034.tiff | 78.403 | 63.868 | 14.535 | 0.0332
53825.tiff | 78.410 | 66.613 | 11.797 | 0.0332
59720.tiff | 78.416 | 63.716 | 14.700 | 0.0331
57752.tiff | 78.432 | 64.774 | 13.658 | 0.0332
60350.tiff | 78.443 | 65.228 | 13.214 | 0.0331
47950.tiff | 78.450 | 61.582 | 16.868 | 0.0331
56099.tiff | 78.456 | 64.459 | 13.997 | 0.0332
58137.tiff | 78.464 | 64.548 | 13.916 | 0.0332
62231.tiff | 78.473 | 63.879 | 14.594 | 0.0332
54069.tiff | 78.491 | 66.889 | 11.602 | 0.0331
58136.tiff | 78.495 | 64.792 | 13.703 | 0.0332
59721.tiff | 78.500 | 63.644 | 14.856 | 0.0331
60349.tiff | 78.508 | 65.021 | 13.487 | 0.0332
62036.tiff | 78.516 | 63.401 | 15.114 | 0.0332
47951.tiff | 78.523 | 62.023 | 16.500 | 0.0332
62035.tiff | 78.529 | 63.458 | 15.071 | 0.0332
51873.tiff | 78.550 | 64.892 | 13.658 | 0.0331
59722.tiff | 78.555 | 63.808 | 14.747 | 0.0331
62229.tiff | 78.558 | 63.778 | 14.779 | 0.0331
52024.tiff | 78.559 | 64.625 | 13.934 | 0.0332
62230.tiff | 78.573 | 63.585 | 14.988 | 0.0331
49914.tiff | 78.600 | 65.535 | 13.065 | 0.0331
47952.tiff | 78.603 | 61.780 | 16.823 | 0.0332
52023.tiff | 78.626 | 64.422 | 14.205 | 0.0331
58134.tiff | 78.644 | 64.753 | 13.891 | 0.0332
59723.tiff | 78.659 | 63.672 | 14.987 | 0.0331
51874.tiff | 78.662 | 65.091 | 13.571 | 0.0332
55797.tiff | 78.671 | 64.901 | 13.770 | 0.0331
60347.tiff | 78.675 | 64.860 | 13.815 | 0.0332
62037.tiff | 78.692 | 63.073 | 15.618 | 0.0334
57756.tiff | 78.698 | 64.584 | 14.114 | 0.0332
62038.tiff | 78.713 | 63.509 | 15.203 | 0.0332
60346.tiff | 78.715 | 63.746 | 14.970 | 0.0332
59724.tiff | 78.731 | 63.449 | 15.282 | 0.0332
49984.tiff | 78.734 | 65.196 | 13.537 | 0.0331
54066.tiff | 78.744 | 66.781 | 11.963 | 0.0332
56095.tiff | 78.758 | 65.014 | 13.744 | 0.0331
57757.tiff | 78.781 | 65.107 | 13.674 | 0.0332
59725.tiff | 78.799 | 63.715 | 15.084 | 0.0332
62226.tiff | 78.804 | 63.579 | 15.226 | 0.0332
49916.tiff | 78.817 | 65.428 | 13.389 | 0.0332
58132.tiff | 78.831 | 63.956 | 14.874 | 0.0331
60345.tiff | 78.831 | 64.662 | 14.169 | 0.0331
55798.tiff | 78.846 | 65.196 | 13.650 | 0.0331
57758.tiff | 78.864 | 64.942 | 13.922 | 0.0332
49983.tiff | 78.873 | 64.953 | 13.920 | 0.0331
52020.tiff | 78.890 | 63.742 | 15.148 | 0.0332
62225.tiff | 78.905 | 62.879 | 16.026 | 0.0332
62041.tiff | 78.913 | 63.365 | 15.548 | 0.0332
56093.tiff | 78.932 | 64.599 | 14.333 | 0.0331
60344.tiff | 78.935 | 65.049 | 13.887 | 0.0331
53831.tiff | 78.937 | 66.740 | 12.197 | 0.0332
52019.tiff | 78.941 | 64.815 | 14.126 | 0.0331
58130.tiff | 78.948 | 64.525 | 14.422 | 0.0332
62224.tiff | 78.975 | 63.269 | 15.706 | 0.0331
60343.tiff | 79.002 | 64.794 | 14.208 | 0.0331
62042.tiff | 79.019 | 62.916 | 16.103 | 0.0332
59727.tiff | 79.023 | 63.410 | 15.613 | 0.0331
49919.tiff | 79.026 | 65.072 | 13.954 | 0.0332
60342.tiff | 79.032 | 64.585 | 14.448 | 0.0332
49980.tiff | 79.045 | 65.085 | 13.960 | 0.0332
51879.tiff | 79.056 | 64.380 | 14.676 | 0.0332
62223.tiff | 79.061 | 63.896 | 15.166 | 0.0332
54062.tiff | 79.067 | 66.693 | 12.373 | 0.0331
59728.tiff | 79.077 | 63.472 | 15.605 | 0.0331
62043.tiff | 79.082 | 63.378 | 15.704 | 0.0331
54061.tiff | 79.097 | 66.312 | 12.785 | 0.0332
62222.tiff | 79.115 | 63.155 | 15.960 | 0.0331
59729.tiff | 79.131 | 62.746 | 16.386 | 0.0332
49979.tiff | 79.137 | 64.838 | 14.299 | 0.0331
49921.tiff | 79.144 | 65.172 | 13.972 | 0.0332
56090.tiff | 79.156 | 64.161 | 14.995 | 0.0332
55802.tiff | 79.160 | 64.802 | 14.357 | 0.0331
49978.tiff | 79.198 | 64.795 | 14.403 | 0.0332
58127.tiff | 79.202 | 64.148 | 15.054 | 0.0331
57762.tiff | 79.217 | 63.853 | 15.364 | 0.0331
52016.tiff | 79.224 | 64.190 | 15.034 | 0.0332
62045.tiff | 79.234 | 63.213 | 16.021 | 0.0332
60340.tiff | 79.242 | 64.402 | 14.840 | 0.0331
49922.tiff | 79.268 | 64.940 | 14.329 | 0.0332
57763.tiff | 79.273 | 64.302 | 14.971 | 0.0332
55804.tiff | 79.284 | 65.330 | 13.954 | 0.0331
62046.tiff | 79.298 | 62.632 | 16.666 | 0.0332
62220.tiff | 79.309 | 62.926 | 16.383 | 0.0332
49977.tiff | 79.312 | 64.629 | 14.682 | 0.0331
59731.tiff | 79.331 | 63.062 | 16.269 | 0.0331
51883.tiff | 79.349 | 63.913 | 15.435 | 0.0331
60339.tiff | 79.367 | 63.821 | 15.546 | 0.0332
56087.tiff | 79.373 | 63.724 | 15.649 | 0.0332
59732.tiff | 79.377 | 63.123 | 16.254 | 0.0332
62219.tiff | 79.381 | 62.797 | 16.584 | 0.0332
58124.tiff | 79.392 | 64.269 | 15.123 | 0.0331
52014.tiff | 79.401 | 63.778 | 15.624 | 0.0332
55806.tiff | 79.418 | 64.419 | 14.999 | 0.0331
49924.tiff | 79.433 | 65.175 | 14.259 | 0.0331
57765.tiff | 79.443 | 64.578 | 14.865 | 0.0332
62048.tiff | 79.455 | 62.284 | 17.171 | 0.0332
51884.tiff | 79.457 | 64.199 | 15.258 | 0.0332
58123.tiff | 79.475 | 63.387 | 16.088 | 0.0331
53838.tiff | 79.490 | 66.070 | 13.421 | 0.0331
51885.tiff | 79.497 | 63.683 | 15.814 | 0.0331
52013.tiff | 79.501 | 64.271 | 15.230 | 0.0332
57766.tiff | 79.526 | 64.113 | 15.413 | 0.0331
56085.tiff | 79.529 | 64.308 | 15.221 | 0.0332
49974.tiff | 79.533 | 64.569 | 14.964 | 0.0332
55807.tiff | 79.546 | 64.950 | 14.596 | 0.0332
59734.tiff | 79.570 | 62.937 | 16.633 | 0.0332
49926.tiff | 79.576 | 64.609 | 14.967 | 0.0331
52011.tiff | 79.607 | 63.657 | 15.950 | 0.0332
51886.tiff | 79.609 | 63.667 | 15.942 | 0.0331
49973.tiff | 79.610 | 64.626 | 14.984 | 0.0331
54054.tiff | 79.616 | 65.772 | 13.844 | 0.0331
53840.tiff | 79.627 | 66.017 | 13.610 | 0.0331
62050.tiff | 79.651 | 62.348 | 17.303 | 0.0332
49927.tiff | 79.673 | 64.400 | 15.273 | 0.0331
58121.tiff | 79.686 | 64.203 | 15.483 | 0.0332
55809.tiff | 79.688 | 64.392 | 15.296 | 0.0332
62051.tiff | 79.709 | 62.077 | 17.632 | 0.0331
62215.tiff | 79.712 | 62.226 | 17.486 | 0.0331
57768.tiff | 79.714 | 64.740 | 14.974 | 0.0332
52010.tiff | 79.720 | 63.102 | 16.618 | 0.0332
60334.tiff | 79.730 | 63.816 | 15.914 | 0.0331
49928.tiff | 79.742 | 64.159 | 15.583 | 0.0331
57769.tiff | 79.758 | 64.164 | 15.594 | 0.0331
49971.tiff | 79.780 | 64.414 | 15.365 | 0.0332
52009.tiff | 79.782 | 63.738 | 16.044 | 0.0332
53842.tiff | 79.796 | 66.465 | 13.331 | 0.0332
51888.tiff | 79.808 | 63.416 | 16.392 | 0.0332
56081.tiff | 79.838 | 64.050 | 15.788 | 0.0332
52008.tiff | 79.846 | 64.044 | 15.802 | 0.0332
54052.tiff | 79.851 | 65.813 | 14.038 | 0.0331
62053.tiff | 79.854 | 61.978 | 17.877 | 0.0332
49970.tiff | 79.860 | 63.939 | 15.920 | 0.0332
51889.tiff | 79.879 | 63.323 | 16.556 | 0.0332
58118.tiff | 79.890 | 63.597 | 16.293 | 0.0332
59738.tiff | 79.902 | 62.883 | 17.019 | 0.0331
59739.tiff | 79.908 | 62.787 | 17.122 | 0.0331
56080.tiff | 79.925 | 63.639 | 16.286 | 0.0331
62054.tiff | 79.934 | 61.803 | 18.132 | 0.0332
51890.tiff | 79.949 | 63.290 | 16.659 | 0.0331
54050.tiff | 79.967 | 65.326 | 14.641 | 0.0331
53844.tiff | 79.975 | 66.184 | 13.791 | 0.0331
62055.tiff | 79.992 | 61.778 | 18.214 | 0.0331
57772.tiff | 80.003 | 64.179 | 15.823 | 0.0331
56079.tiff | 80.012 | 64.220 | 15.792 | 0.0332
49968.tiff | 80.021 | 64.257 | 15.765 | 0.0331
54049.tiff | 80.037 | 66.197 | 13.839 | 0.0332
51891.tiff | 80.043 | 63.496 | 16.548 | 0.0332
62211.tiff | 80.059 | 62.512 | 17.547 | 0.0332
62056.tiff | 80.063 | 61.475 | 18.588 | 0.0332
58116.tiff | 80.080 | 63.607 | 16.474 | 0.0331
57773.tiff | 80.094 | 64.064 | 16.030 | 0.0331
60330.tiff | 80.108 | 64.034 | 16.074 | 0.0332
54048.tiff | 80.117 | 65.692 | 14.425 | 0.0332
49967.tiff | 80.137 | 63.975 | 16.162 | 0.0332
59741.tiff | 80.145 | 62.271 | 17.874 | 0.0331
58115.tiff | 80.150 | 63.372 | 16.778 | 0.0331
55814.tiff | 80.155 | 64.276 | 15.879 | 0.0332
55815.tiff | 80.173 | 64.187 | 15.986 | 0.0332
49966.tiff | 80.186 | 64.226 | 15.960 | 0.0332
58114.tiff | 80.202 | 63.892 | 16.310 | 0.0332
53847.tiff | 80.204 | 65.803 | 14.402 | 0.0331
62209.tiff | 80.219 | 61.903 | 18.316 | 0.0331
49934.tiff | 80.229 | 64.695 | 15.535 | 0.0331
62058.tiff | 80.242 | 61.488 | 18.754 | 0.0331
59742.tiff | 80.247 | 62.535 | 17.712 | 0.0332
49965.tiff | 80.280 | 63.320 | 16.960 | 0.0332
59743.tiff | 80.294 | 62.593 | 17.701 | 0.0332
58113.tiff | 80.300 | 63.661 | 16.639 | 0.0332
62059.tiff | 80.303 | 61.711 | 18.592 | 0.0331
60328.tiff | 80.309 | 63.655 | 16.654 | 0.0331
52002.tiff | 80.316 | 62.957 | 17.359 | 0.0332
62208.tiff | 80.335 | 61.942 | 18.393 | 0.0331
49964.tiff | 80.353 | 63.990 | 16.363 | 0.0331
59744.tiff | 80.360 | 62.532 | 17.828 | 0.0331
53849.tiff | 80.375 | 65.679 | 14.696 | 0.0332
55817.tiff | 80.393 | 63.588 | 16.806 | 0.0332
56074.tiff | 80.398 | 63.612 | 16.786 | 0.0332
62207.tiff | 80.409 | 61.914 | 18.495 | 0.0332
51895.tiff | 80.411 | 62.811 | 17.600 | 0.0331
59745.tiff | 80.427 | 62.225 | 18.202 | 0.0331
57777.tiff | 80.437 | 64.057 | 16.380 | 0.0332
58111.tiff | 80.454 | 63.263 | 17.191 | 0.0332
49963.tiff | 80.462 | 64.165 | 16.297 | 0.0332
62061.tiff | 80.464 | 61.041 | 19.423 | 0.0331
49937.tiff | 80.488 | 63.546 | 16.942 | 0.0332
57778.tiff | 80.498 | 63.633 | 16.866 | 0.0331
49962.tiff | 80.513 | 63.668 | 16.845 | 0.0332
59746.tiff | 80.522 | 62.459 | 18.064 | 0.0332
53851.tiff | 80.528 | 65.609 | 14.919 | 0.0332
56072.tiff | 80.543 | 63.227 | 17.317 | 0.0331
58110.tiff | 80.556 | 63.340 | 17.216 | 0.0332
60326.tiff | 80.559 | 64.303 | 16.256 | 0.0332
59747.tiff | 80.587 | 62.151 | 18.436 | 0.0331
51999.tiff | 80.590 | 62.658 | 17.932 | 0.0334
57779.tiff | 80.592 | 63.807 | 16.785 | 0.0331
51898.tiff | 80.596 | 62.428 | 18.168 | 0.0331
62064.tiff | 80.617 | 61.396 | 19.220 | 0.0332
56071.tiff | 80.630 | 63.163 | 17.467 | 0.0332
53852.tiff | 80.649 | 66.153 | 14.496 | 0.0332
51998.tiff | 80.659 | 62.895 | 17.765 | 0.0332
57780.tiff | 80.662 | 63.512 | 17.150 | 0.0332
49940.tiff | 80.682 | 63.919 | 16.763 | 0.0332
56070.tiff | 80.690 | 63.955 | 16.735 | 0.0332
51899.tiff | 80.702 | 62.669 | 18.033 | 0.0332
55821.tiff | 80.705 | 63.737 | 16.968 | 0.0332
51997.tiff | 80.720 | 62.067 | 18.653 | 0.0331
60323.tiff | 80.731 | 63.726 | 17.005 | 0.0331
62203.tiff | 80.748 | 61.254 | 19.495 | 0.0332
55822.tiff | 80.768 | 63.301 | 17.467 | 0.0332
58107.tiff | 80.775 | 63.103 | 17.672 | 0.0331
49959.tiff | 80.778 | 63.490 | 17.288 | 0.0331
57782.tiff | 80.780 | 63.777 | 17.003 | 0.0332
56069.tiff | 80.807 | 63.492 | 17.314 | 0.0332
60322.tiff | 80.812 | 63.443 | 17.368 | 0.0332
59749.tiff | 80.827 | 61.806 | 19.021 | 0.0332
51901.tiff | 80.839 | 61.985 | 18.854 | 0.0332
49958.tiff | 80.850 | 62.985 | 17.865 | 0.0331
49942.tiff | 80.854 | 63.224 | 17.629 | 0.0331
59750.tiff | 80.865 | 62.234 | 18.631 | 0.0331
53856.tiff | 80.908 | 65.723 | 15.185 | 0.0332
62067.tiff | 80.918 | 60.572 | 20.346 | 0.0331
60321.tiff | 80.926 | 63.512 | 17.414 | 0.0331
58105.tiff | 80.931 | 63.134 | 17.797 | 0.0332
62201.tiff | 80.935 | 60.978 | 19.957 | 0.0332
59751.tiff | 80.936 | 61.746 | 19.190 | 0.0332
55824.tiff | 80.939 | 63.073 | 17.867 | 0.0331
53857.tiff | 80.948 | 65.501 | 15.447 | 0.0332
49943.tiff | 80.968 | 63.197 | 17.770 | 0.0331
51994.tiff | 80.985 | 62.063 | 18.922 | 0.0331
54037.tiff | 80.993 | 65.448 | 15.545 | 0.0332
62200.tiff | 81.000 | 60.922 | 20.078 | 0.0332
51903.tiff | 81.012 | 62.427 | 18.585 | 0.0332
58104.tiff | 81.019 | 63.194 | 17.825 | 0.0332
56066.tiff | 81.031 | 62.522 | 18.509 | 0.0332
53858.tiff | 81.059 | 65.170 | 15.889 | 0.0331
58103.tiff | 81.063 | 62.740 | 18.324 | 0.0331
62069.tiff | 81.066 | 60.738 | 20.328 | 0.0332
56065.tiff | 81.073 | 64.113 | 16.961 | 0.0332
49945.tiff | 81.109 | 63.125 | 17.983 | 0.0332
55826.tiff | 81.116 | 63.405 | 17.711 | 0.0332
62070.tiff | 81.123 | 60.832 | 20.291 | 0.0331
60318.tiff | 81.153 | 62.908 | 18.245 | 0.0331
58102.tiff | 81.162 | 63.006 | 18.156 | 0.0332
53859.tiff | 81.172 | 65.158 | 16.014 | 0.0331
51905.tiff | 81.178 | 61.647 | 19.531 | 0.0332
54035.tiff | 81.187 | 64.568 | 16.619 | 0.0332
51991.tiff | 81.191 | 61.594 | 19.597 | 0.0332
60317.tiff | 81.199 | 64.365 | 16.834 | 0.0331
49946.tiff | 81.216 | 62.917 | 18.299 | 0.0331
57787.tiff | 81.217 | 63.262 | 17.956 | 0.0331
62197.tiff | 81.246 | 60.663 | 20.583 | 0.0331
56063.tiff | 81.258 | 62.561 | 18.697 | 0.0331
54034.tiff | 81.266 | 65.243 | 16.023 | 0.0332
51906.tiff | 81.288 | 61.696 | 19.592 | 0.0331
53860.tiff | 81.292 | 64.898 | 16.395 | 0.0332
60316.tiff | 81.312 | 63.650 | 17.662 | 0.0332
58100.tiff | 81.326 | 62.726 | 18.599 | 0.0331
49952.tiff | 81.337 | 63.042 | 18.294 | 0.0331
56062.tiff | 81.343 | 63.152 | 18.191 | 0.0332
55829.tiff | 81.348 | 63.818 | 17.530 | 0.0332
54033.tiff | 81.351 | 65.015 | 16.336 | 0.0332
62073.tiff | 81.368 | 60.267 | 21.101 | 0.0331
49951.tiff | 81.398 | 62.503 | 18.896 | 0.0331
58099.tiff | 81.407 | 63.021 | 18.385 | 0.0332
62195.tiff | 81.413 | 61.260 | 20.154 | 0.0331
60315.tiff | 81.419 | 62.752 | 18.667 | 0.0331
57789.tiff | 81.431 | 62.943 | 18.488 | 0.0332
49949.tiff | 81.449 | 62.803 | 18.646 | 0.0332
58098.tiff | 81.468 | 62.945 | 18.522 | 0.0331
51988.tiff | 81.469 | 61.395 | 20.075 | 0.0332
54031.tiff | 81.482 | 65.129 | 16.353 | 0.0332
53863.tiff | 81.494 | 64.773 | 16.721 | 0.0331
55831.tiff | 81.500 | 63.327 | 18.173 | 0.0331
51987.tiff | 81.502 | 61.126 | 20.376 | 0.0332
62075.tiff | 81.518 | 60.425 | 21.093 | 0.0332
57790.tiff | 81.527 | 63.100 | 18.428 | 0.0332
54030.tiff | 81.547 | 64.661 | 16.886 | 0.0331
60313.tiff | 81.550 | 63.360 | 18.190 | 0.0332
56059.tiff | 81.567 | 62.967 | 18.600 | 0.0331
59759.tiff | 81.570 | 61.273 | 20.297 | 0.0332
51910.tiff | 81.583 | 60.799 | 20.783 | 0.0331
57791.tiff | 81.597 | 63.403 | 18.194 | 0.0332
58096.tiff | 81.625 | 62.570 | 19.055 | 0.0332
57792.tiff | 81.646 | 62.812 | 18.834 | 0.0332
60312.tiff | 81.651 | 62.631 | 19.020 | 0.0331
62077.tiff | 81.664 | 59.647 | 22.017 | 0.0332
56058.tiff | 81.672 | 63.619 | 18.053 | 0.0332
51985.tiff | 81.678 | 60.978 | 20.700 | 0.0332
57793.tiff | 81.717 | 62.697 | 19.019 | 0.0332
62078.tiff | 81.723 | 60.238 | 21.485 | 0.0332
51912.tiff | 81.726 | 60.923 | 20.803 | 0.0331
60310.tiff | 81.759 | 63.595 | 18.164 | 0.0331
59761.tiff | 81.766 | 61.042 | 20.724 | 0.0331
53866.tiff | 81.771 | 65.083 | 16.688 | 0.0332
62079.tiff | 81.790 | 59.995 | 21.795 | 0.0332
51983.tiff | 81.803 | 61.136 | 20.667 | 0.0331
59762.tiff | 81.816 | 61.297 | 20.519 | 0.0331
51913.tiff | 81.823 | 60.780 | 21.043 | 0.0331
55835.tiff | 81.840 | 62.379 | 19.461 | 0.0331
54026.tiff | 81.859 | 64.180 | 17.679 | 0.0331
53868.tiff | 81.870 | 64.493 | 17.376 | 0.0332
51914.tiff | 81.886 | 60.766 | 21.120 | 0.0332
58093.tiff | 81.899 | 62.223 | 19.676 | 0.0332
56055.tiff | 81.908 | 62.962 | 18.946 | 0.0332
51982.tiff | 81.921 | 60.687 | 21.234 | 0.0332
62081.tiff | 81.932 | 59.579 | 22.352 | 0.0331
60308.tiff | 81.952 | 62.849 | 19.103 | 0.0332
56054.tiff | 81.963 | 61.507 | 20.456 | 0.0332
57796.tiff | 81.972 | 62.382 | 19.590 | 0.0332
51981.tiff | 81.976 | 61.166 | 20.809 | 0.0331
62188.tiff | 81.978 | 60.223 | 21.755 | 0.0332
51980.tiff | 82.005 | 60.410 | 21.596 | 0.0331
62082.tiff | 82.033 | 59.454 | 22.579 | 0.0331
53870.tiff | 82.038 | 64.646 | 17.392 | 0.0331
57797.tiff | 82.054 | 62.575 | 19.478 | 0.0332
60307.tiff | 82.066 | 62.356 | 19.710 | 0.0331
62187.tiff | 82.077 | 59.824 | 22.253 | 0.0332
62083.tiff | 82.102 | 59.287 | 22.815 | 0.0331
56053.tiff | 82.114 | 62.531 | 19.583 | 0.0331
51917.tiff | 82.138 | 60.928 | 21.210 | 0.0332
59766.tiff | 82.151 | 61.260 | 20.891 | 0.0332
62084.tiff | 82.156 | 59.326 | 22.830 | 0.0331
62186.tiff | 82.169 | 59.214 | 22.956 | 0.0331
55839.tiff | 82.172 | 63.319 | 18.852 | 0.0331
51978.tiff | 82.196 | 60.854 | 21.343 | 0.0332
57799.tiff | 82.201 | 62.358 | 19.843 | 0.0332
56051.tiff | 82.219 | 61.787 | 20.432 | 0.0332
51918.tiff | 82.222 | 60.913 | 21.309 | 0.0331
55840.tiff | 82.235 | 63.302 | 18.933 | 0.0332
53872.tiff | 82.247 | 64.164 | 18.083 | 0.0331
54021.tiff | 82.256 | 63.717 | 18.538 | 0.0331
60304.tiff | 82.289 | 62.405 | 19.885 | 0.0332
51919.tiff | 82.298 | 60.138 | 22.160 | 0.0331
51977.tiff | 82.308 | 60.600 | 21.708 | 0.0332
59768.tiff | 82.315 | 60.402 | 21.914 | 0.0331
55841.tiff | 82.334 | 62.993 | 19.341 | 0.0332
54020.tiff | 82.354 | 64.276 | 18.078 | 0.0331
62184.tiff | 82.369 | 59.184 | 23.185 | 0.0332
62087.tiff | 82.382 | 59.064 | 23.318 | 0.0331
59769.tiff | 82.404 | 60.659 | 21.746 | 0.0332
60303.tiff | 82.416 | 61.861 | 20.555 | 0.0331
56048.tiff | 82.425 | 61.731 | 20.694 | 0.0331
51920.tiff | 82.430 | 60.369 | 22.061 | 0.0331
54019.tiff | 82.438 | 63.840 | 18.598 | 0.0331
62088.tiff | 82.455 | 59.340 | 23.115 | 0.0331
59770.tiff | 82.463 | 60.966 | 21.497 | 0.0332
60302.tiff | 82.475 | 62.519 | 19.956 | 0.0332
58085.tiff | 82.506 | 61.754 | 20.752 | 0.0332
51974.tiff | 82.519 | 60.093 | 22.426 | 0.0332
62182.tiff | 82.528 | 59.150 | 23.378 | 0.0331
60301.tiff | 82.540 | 62.651 | 19.889 | 0.0331
62089.tiff | 82.544 | 59.114 | 23.430 | 0.0332
55844.tiff | 82.552 | 62.058 | 20.494 | 0.0332
54017.tiff | 82.578 | 63.711 | 18.867 | 0.0331
58084.tiff | 82.599 | 61.852 | 20.747 | 0.0332
56046.tiff | 82.614 | 62.045 | 20.570 | 0.0332
51973.tiff | 82.626 | 60.017 | 22.610 | 0.0332
54016.tiff | 82.659 | 63.488 | 19.172 | 0.0332
51923.tiff | 82.661 | 60.380 | 22.281 | 0.0332
62090.tiff | 82.678 | 59.086 | 23.592 | 0.0332
60300.tiff | 82.682 | 62.352 | 20.330 | 0.0331
56045.tiff | 82.689 | 61.241 | 21.449 | 0.0332
58083.tiff | 82.693 | 61.904 | 20.789 | 0.0331
55846.tiff | 82.710 | 62.089 | 20.620 | 0.0332
59773.tiff | 82.732 | 60.357 | 22.376 | 0.0331
57805.tiff | 82.741 | 61.779 | 20.962 | 0.0332
58082.tiff | 82.771 | 61.755 | 21.016 | 0.0331
53879.tiff | 82.783 | 63.340 | 19.444 | 0.0332
51925.tiff | 82.788 | 60.265 | 22.523 | 0.0332
55847.tiff | 82.791 | 62.047 | 20.744 | 0.0332
59774.tiff | 82.793 | 60.733 | 22.059 | 0.0331
54014.tiff | 82.822 | 62.996 | 19.825 | 0.0332
58081.tiff | 82.832 | 61.741 | 21.091 | 0.0331
62178.tiff | 82.849 | 58.665 | 24.183 | 0.0331
51926.tiff | 82.863 | 60.294 | 22.569 | 0.0331
59775.tiff | 82.870 | 59.991 | 22.879 | 0.0331
55848.tiff | 82.878 | 61.402 | 21.476 | 0.0332
58080.tiff | 82.892 | 61.794 | 21.098 | 0.0332
53880.tiff | 82.911 | 63.440 | 19.472 | 0.0332
57808.tiff | 82.923 | 61.542 | 21.381 | 0.0331
51969.tiff | 82.930 | 60.022 | 22.908 | 0.0331
55849.tiff | 82.965 | 61.023 | 21.942 | 0.0332
53881.tiff | 82.979 | 63.997 | 18.982 | 0.0331
51927.tiff | 82.984 | 59.649 | 23.335 | 0.0332
60296.tiff | 83.001 | 61.667 | 21.335 | 0.0332
62176.tiff | 83.020 | 58.213 | 24.807 | 0.0331
56041.tiff | 83.024 | 61.944 | 21.080 | 0.0331
51968.tiff | 83.036 | 59.560 | 23.476 | 0.0331
58078.tiff | 83.039 | 61.710 | 21.329 | 0.0332
53882.tiff | 83.057 | 63.339 | 19.718 | 0.0332
54010.tiff | 83.085 | 64.107 | 18.978 | 0.0332
51967.tiff | 83.091 | 59.584 | 23.507 | 0.0332
57810.tiff | 83.099 | 61.706 | 21.392 | 0.0331
51929.tiff | 83.113 | 60.037 | 23.076 | 0.0332
62097.tiff | 83.135 | 57.773 | 25.362 | 0.0331
55851.tiff | 83.137 | 61.870 | 21.268 | 0.0331
58077.tiff | 83.146 | 61.432 | 21.714 | 0.0332
53884.tiff | 83.167 | 63.850 | 19.316 | 0.0331
55852.tiff | 83.187 | 61.141 | 22.046 | 0.0332
58076.tiff | 83.194 | 61.085 | 22.109 | 0.0331
54009.tiff | 83.207 | 63.124 | 20.083 | 0.0331
51930.tiff | 83.217 | 59.436 | 23.780 | 0.0331
56038.tiff | 83.226 | 61.700 | 21.526 | 0.0332
53885.tiff | 83.262 | 63.786 | 19.476 | 0.0331
58075.tiff | 83.266 | 61.636 | 21.630 | 0.0332
62099.tiff | 83.286 | 58.011 | 25.274 | 0.0332
57812.tiff | 83.291 | 61.126 | 22.166 | 0.0331
56037.tiff | 83.293 | 61.118 | 22.175 | 0.0331
54008.tiff | 83.324 | 63.215 | 20.109 | 0.0331
59780.tiff | 83.326 | 60.330 | 22.996 | 0.0332
58074.tiff | 83.337 | 61.367 | 21.971 | 0.0332
57813.tiff | 83.369 | 61.858 | 21.511 | 0.0331
51964.tiff | 83.379 | 59.127 | 24.253 | 0.0332
54007.tiff | 83.381 | 62.918 | 20.463 | 0.0332
62100.tiff | 83.392 | 57.766 | 25.625 | 0.0332
56036.tiff | 83.407 | 60.235 | 23.172 | 0.0332
62101.tiff | 83.426 | 57.987 | 25.439 | 0.0331
54006.tiff | 83.438 | 62.731 | 20.707 | 0.0331
53887.tiff | 83.448 | 63.101 | 20.347 | 0.0331
62171.tiff | 83.452 | 57.890 | 25.562 | 0.0331
55855.tiff | 83.474 | 61.734 | 21.739 | 0.0332
60290.tiff | 83.496 | 60.810 | 22.687 | 0.0331
54005.tiff | 83.512 | 62.719 | 20.792 | 0.0331
58072.tiff | 83.529 | 61.094 | 22.435 | 0.0331
59783.tiff | 83.543 | 59.757 | 23.785 | 0.0331
56034.tiff | 83.553 | 60.977 | 22.576 | 0.0332
62102.tiff | 83.573 | 57.316 | 26.257 | 0.0331
58071.tiff | 83.587 | 61.179 | 22.408 | 0.0332
59784.tiff | 83.597 | 59.885 | 23.712 | 0.0332
62169.tiff | 83.601 | 58.224 | 25.377 | 0.0331
60289.tiff | 83.609 | 61.526 | 22.084 | 0.0332
51935.tiff | 83.622 | 58.759 | 24.863 | 0.0331
55857.tiff | 83.650 | 61.189 | 22.462 | 0.0332
53889.tiff | 83.658 | 62.066 | 21.592 | 0.0332
59785.tiff | 83.675 | 59.919 | 23.756 | 0.0332
56032.tiff | 83.685 | 60.987 | 22.698 | 0.0331
60288.tiff | 83.704 | 61.225 | 22.479 | 0.0332
53890.tiff | 83.710 | 62.981 | 20.729 | 0.0331
62105.tiff | 83.732 | 57.947 | 25.785 | 0.0331
55858.tiff | 83.742 | 61.632 | 22.110 | 0.0332
62167.tiff | 83.757 | 57.221 | 26.536 | 0.0332
58069.tiff | 83.761 | 61.424 | 22.337 | 0.0332
54002.tiff | 83.764 | 62.907 | 20.857 | 0.0332
56031.tiff | 83.792 | 60.449 | 23.343 | 0.0331
55859.tiff | 83.795 | 61.938 | 21.857 | 0.0332
51937.tiff | 83.811 | 59.041 | 24.769 | 0.0332
62106.tiff | 83.834 | 57.527 | 26.307 | 0.0332
59787.tiff | 83.843 | 59.435 | 24.409 | 0.0331
54001.tiff | 83.858 | 61.870 | 21.988 | 0.0331
57819.tiff | 83.873 | 60.802 | 23.070 | 0.0332
53892.tiff | 83.876 | 62.559 | 21.317 | 0.0331
51957.tiff | 83.907 | 58.706 | 25.201 | 0.0332
58067.tiff | 83.926 | 60.758 | 23.168 | 0.0332
60285.tiff | 83.941 | 60.620 | 23.320 | 0.0332
56029.tiff | 83.944 | 60.770 | 23.174 | 0.0332
54000.tiff | 83.953 | 62.391 | 21.562 | 0.0331
59788.tiff | 83.959 | 59.120 | 24.838 | 0.0331
51956.tiff | 83.980 | 58.788 | 25.192 | 0.0332
51940.tiff | 83.985 | 58.387 | 25.598 | 0.0332
60284.tiff | 83.988 | 60.719 | 23.269 | 0.0332
58066.tiff | 84.010 | 60.792 | 23.218 | 0.0331
62164.tiff | 84.023 | 57.400 | 26.623 | 0.0332
59789.tiff | 84.039 | 59.689 | 24.351 | 0.0331
62109.tiff | 84.055 | 57.572 | 26.483 | 0.0332
58065.tiff | 84.065 | 60.211 | 23.854 | 0.0331
51955.tiff | 84.075 | 58.214 | 25.861 | 0.0331
56027.tiff | 84.090 | 60.964 | 23.126 | 0.0332
62163.tiff | 84.110 | 57.597 | 26.513 | 0.0331
55863.tiff | 84.145 | 59.662 | 24.483 | 0.0332
57823.tiff | 84.157 | 60.349 | 23.808 | 0.0331
53997.tiff | 84.172 | 62.166 | 22.006 | 0.0332
51954.tiff | 84.172 | 58.017 | 26.155 | 0.0332
58064.tiff | 84.174 | 60.248 | 23.926 | 0.0332
55864.tiff | 84.196 | 59.687 | 24.509 | 0.0332
53896.tiff | 84.218 | 62.356 | 21.862 | 0.0332
60282.tiff | 84.228 | 61.457 | 22.771 | 0.0332
62162.tiff | 84.242 | 57.563 | 26.680 | 0.0331
58063.tiff | 84.249 | 60.697 | 23.551 | 0.0332
60281.tiff | 84.259 | 60.282 | 23.977 | 0.0331
56025.tiff | 84.262 | 59.794 | 24.468 | 0.0332
57825.tiff | 84.281 | 60.561 | 23.720 | 0.0332
62161.tiff | 84.288 | 57.312 | 26.976 | 0.0332
58062.tiff | 84.311 | 60.473 | 23.838 | 0.0332
62113.tiff | 84.335 | 56.553 | 27.782 | 0.0331
51952.tiff | 84.340 | 58.970 | 25.370 | 0.0332
51944.tiff | 84.345 | 57.962 | 26.384 | 0.0332
53898.tiff | 84.360 | 61.552 | 22.809 | 0.0332
62160.tiff | 84.380 | 57.554 | 26.826 | 0.0331
57826.tiff | 84.405 | 60.560 | 23.845 | 0.0331
51945.tiff | 84.416 | 58.201 | 26.215 | 0.0331
55867.tiff | 84.422 | 60.769 | 23.653 | 0.0331
51950.tiff | 84.435 | 58.411 | 26.023 | 0.0332
60279.tiff | 84.451 | 60.870 | 23.580 | 0.0331
59794.tiff | 84.453 | 58.898 | 25.555 | 0.0332
62114.tiff | 84.467 | 57.237 | 27.230 | 0.0332
58060.tiff | 84.495 | 59.920 | 24.575 | 0.0331
60278.tiff | 84.499 | 59.517 | 24.982 | 0.0331
62158.tiff | 84.523 | 57.614 | 26.909 | 0.0331
59795.tiff | 84.527 | 58.841 | 25.686 | 0.0332
56021.tiff | 84.555 | 60.327 | 24.229 | 0.0332
51949.tiff | 84.567 | 58.091 | 26.476 | 0.0332
51947.tiff | 84.571 | 58.425 | 26.146 | 0.0332
62116.tiff | 84.592 | 56.841 | 27.750 | 0.0331
55869.tiff | 84.607 | 59.499 | 25.108 | 0.0332
59796.tiff | 84.631 | 58.659 | 25.972 | 0.0331
57829.tiff | 84.649 | 60.665 | 23.984 | 0.0332
53991.tiff | 84.650 | 61.573 | 23.077 | 0.0331
56020.tiff | 84.656 | 58.974 | 25.682 | 0.0331
51948.tiff | 84.682 | 58.110 | 26.572 | 0.0332
58058.tiff | 84.691 | 59.218 | 25.473 | 0.0331
53902.tiff | 84.708 | 61.206 | 23.502 | 0.0331
60276.tiff | 84.716 | 59.544 | 25.172 | 0.0332
53990.tiff | 84.740 | 62.191 | 22.549 | 0.0332
59798.tiff | 84.747 | 58.065 | 26.682 | 0.0332
62118.tiff | 84.758 | 56.436 | 28.322 | 0.0331
58056.tiff | 84.783 | 59.819 | 24.964 | 0.0332
55871.tiff | 84.803 | 59.449 | 25.354 | 0.0331
53903.tiff | 84.809 | 60.743 | 24.066 | 0.0332
53989.tiff | 84.831 | 61.241 | 23.590 | 0.0332
60274.tiff | 84.862 | 58.749 | 26.113 | 0.0331
62154.tiff | 84.878 | 56.688 | 28.190 | 0.0331
53904.tiff | 84.882 | 61.085 | 23.797 | 0.0332
53988.tiff | 84.903 | 60.917 | 23.985 | 0.0331
59800.tiff | 84.911 | 58.442 | 26.469 | 0.0331
56017.tiff | 84.914 | 59.027 | 25.887 | 0.0332
62153.tiff | 84.933 | 56.910 | 28.023 | 0.0331
62121.tiff | 84.948 | 56.247 | 28.701 | 0.0331
60273.tiff | 84.967 | 59.918 | 25.048 | 0.0331
55874.tiff | 84.977 | 59.081 | 25.897 | 0.0332
59801.tiff | 84.984 | 58.077 | 26.908 | 0.0332
53906.tiff | 85.015 | 61.198 | 23.818 | 0.0332
56015.tiff | 85.026 | 58.682 | 26.344 | 0.0331
62122.tiff | 85.046 | 56.495 | 28.551 | 0.0331
53986.tiff | 85.063 | 61.101 | 23.961 | 0.0332
62123.tiff | 85.071 | 57.457 | 27.614 | 0.0331
53907.tiff | 85.094 | 60.905 | 24.189 | 0.0331
62151.tiff | 85.128 | 56.727 | 28.401 | 0.0331
56014.tiff | 85.133 | 58.723 | 26.410 | 0.0331
57835.tiff | 85.158 | 59.846 | 25.312 | 0.0331
58051.tiff | 85.170 | 59.403 | 25.766 | 0.0332
62124.tiff | 85.194 | 56.664 | 28.530 | 0.0331
59804.tiff | 85.214 | 57.625 | 27.589 | 0.0331
53984.tiff | 85.215 | 60.995 | 24.220 | 0.0331
57836.tiff | 85.218 | 59.358 | 25.861 | 0.0332
62125.tiff | 85.229 | 56.534 | 28.696 | 0.0331
58050.tiff | 85.260 | 59.080 | 26.180 | 0.0331
57837.tiff | 85.274 | 59.114 | 26.159 | 0.0332
56012.tiff | 85.285 | 59.759 | 25.526 | 0.0332
53983.tiff | 85.318 | 60.376 | 24.941 | 0.0331
62149.tiff | 85.331 | 56.498 | 28.833 | 0.0331
55878.tiff | 85.343 | 59.063 | 26.280 | 0.0331
57838.tiff | 85.355 | 59.506 | 25.849 | 0.0332
53910.tiff | 85.363 | 60.959 | 24.405 | 0.0331
56011.tiff | 85.374 | 57.771 | 27.603 | 0.0331
53911.tiff | 85.388 | 60.885 | 24.504 | 0.0331
62126.tiff | 85.394 | 56.346 | 29.048 | 0.0332
59807.tiff | 85.426 | 57.644 | 27.782 | 0.0331
60267.tiff | 85.451 | 59.929 | 25.523 | 0.0332
57839.tiff | 85.454 | 59.590 | 25.864 | 0.0331
58047.tiff | 85.475 | 58.811 | 26.663 | 0.0332
62128.tiff | 85.508 | 55.913 | 29.595 | 0.0332
57840.tiff | 85.514 | 59.234 | 26.279 | 0.0332
58046.tiff | 85.537 | 58.499 | 27.038 | 0.0332
56009.tiff | 85.545 | 58.241 | 27.303 | 0.0331
53913.tiff | 85.559 | 60.579 | 24.981 | 0.0331
60266.tiff | 85.572 | 58.424 | 27.148 | 0.0331
53979.tiff | 85.606 | 59.807 | 25.799 | 0.0332
60265.tiff | 85.642 | 59.433 | 26.210 | 0.0332
58045.tiff | 85.647 | 59.083 | 26.564 | 0.0332
56008.tiff | 85.666 | 57.829 | 27.837 | 0.0332
56007.tiff | 85.675 | 57.795 | 27.881 | 0.0331
59809.tiff | 85.684 | 56.805 | 28.879 | 0.0331
62144.tiff | 85.699 | 55.674 | 30.025 | 0.0332
62131.tiff | 85.707 | 56.684 | 29.023 | 0.0332
57842.tiff | 85.720 | 58.889 | 26.832 | 0.0331
58044.tiff | 85.723 | 58.625 | 27.098 | 0.0331
55883.tiff | 85.754 | 58.942 | 26.812 | 0.0331
58043.tiff | 85.796 | 58.674 | 27.122 | 0.0332
62133.tiff | 85.817 | 55.829 | 29.989 | 0.0331
53976.tiff | 85.826 | 59.287 | 26.539 | 0.0332
59811.tiff | 85.832 | 57.411 | 28.421 | 0.0332
60262.tiff | 85.844 | 57.532 | 28.311 | 0.0331
62143.tiff | 85.853 | 55.600 | 30.253 | 0.0332
62142.tiff | 85.866 | 55.834 | 30.032 | 0.0331
56005.tiff | 85.877 | 58.780 | 27.097 | 0.0332
55885.tiff | 85.930 | 58.169 | 27.761 | 0.0332
53975.tiff | 85.939 | 60.085 | 25.854 | 0.0332
57845.tiff | 85.951 | 59.106 | 26.846 | 0.0331
53974.tiff | 85.971 | 59.385 | 26.586 | 0.0331
53918.tiff | 85.989 | 59.753 | 26.236 | 0.0332
55886.tiff | 86.019 | 57.512 | 28.507 | 0.0331
58041.tiff | 86.034 | 58.351 | 27.683 | 0.0331
58040.tiff | 86.042 | 58.165 | 27.877 | 0.0332
62135.tiff | 86.044 | 55.282 | 30.763 | 0.0332
57846.tiff | 86.055 | 58.388 | 27.667 | 0.0331
53919.tiff | 86.082 | 60.288 | 25.794 | 0.0332
55887.tiff | 86.089 | 58.311 | 27.778 | 0.0332
62136.tiff | 86.097 | 55.930 | 30.167 | 0.0331
59815.tiff | 86.135 | 56.975 | 29.161 | 0.0332
62139.tiff | 86.142 | 56.519 | 29.623 | 0.0331
60259.tiff | 86.156 | 57.918 | 28.238 | 0.0331
53971.tiff | 86.168 | 59.718 | 26.450 | 0.0332
58039.tiff | 86.170 | 58.947 | 27.223 | 0.0332
62137.tiff | 86.177 | 55.445 | 30.732 | 0.0332
59816.tiff | 86.210 | 56.348 | 29.862 | 0.0331
57849.tiff | 86.247 | 58.330 | 27.916 | 0.0331
55890.tiff | 86.262 | 57.733 | 28.530 | 0.0331
53970.tiff | 86.292 | 59.380 | 26.912 | 0.0332
59817.tiff | 86.297 | 56.807 | 29.490 | 0.0332
58037.tiff | 86.303 | 57.797 | 28.506 | 0.0331
53922.tiff | 86.326 | 59.522 | 26.804 | 0.0331
57850.tiff | 86.362 | 59.070 | 27.292 | 0.0332
58036.tiff | 86.383 | 58.230 | 28.153 | 0.0331
57851.tiff | 86.395 | 57.884 | 28.511 | 0.0332
55998.tiff | 86.434 | 57.955 | 28.479 | 0.0332
60256.tiff | 86.455 | 57.455 | 28.999 | 0.0331
59819.tiff | 86.464 | 56.665 | 29.799 | 0.0331
53924.tiff | 86.495 | 58.865 | 27.630 | 0.0332
55892.tiff | 86.498 | 58.052 | 28.447 | 0.0331
53967.tiff | 86.526 | 59.825 | 26.701 | 0.0332
57853.tiff | 86.529 | 57.798 | 28.731 | 0.0331
58034.tiff | 86.550 | 57.863 | 28.686 | 0.0331
55996.tiff | 86.574 | 57.196 | 29.377 | 0.0331
53966.tiff | 86.593 | 59.566 | 27.027 | 0.0332
53926.tiff | 86.632 | 59.166 | 27.466 | 0.0332
58033.tiff | 86.655 | 57.699 | 28.955 | 0.0332
55995.tiff | 86.663 | 57.220 | 29.443 | 0.0332
53927.tiff | 86.674 | 58.518 | 28.156 | 0.0331
60253.tiff | 86.692 | 57.349 | 29.343 | 0.0331
55895.tiff | 86.737 | 57.885 | 28.852 | 0.0332
57855.tiff | 86.758 | 57.884 | 28.874 | 0.0332
53964.tiff | 86.770 | 58.698 | 28.072 | 0.0331
58031.tiff | 86.778 | 57.315 | 29.462 | 0.0332
55896.tiff | 86.790 | 57.189 | 29.601 | 0.0331
55993.tiff | 86.798 | 56.526 | 30.273 | 0.0331
59823.tiff | 86.847 | 56.237 | 30.611 | 0.0332
53963.tiff | 86.847 | 59.839 | 27.008 | 0.0331
53929.tiff | 86.910 | 59.125 | 27.785 | 0.0331
57857.tiff | 86.926 | 57.497 | 29.429 | 0.0331
58029.tiff | 86.952 | 57.207 | 29.745 | 0.0332
55992.tiff | 86.956 | 56.412 | 30.544 | 0.0331
55898.tiff | 86.968 | 55.990 | 30.978 | 0.0331
53961.tiff | 87.022 | 58.426 | 28.596 | 0.0331
59825.tiff | 87.038 | 55.316 | 31.722 | 0.0331
57858.tiff | 87.054 | 57.212 | 29.842 | 0.0332
53931.tiff | 87.068 | 58.827 | 28.241 | 0.0331
53960.tiff | 87.086 | 58.936 | 28.150 | 0.0331
55900.tiff | 87.102 | 56.803 | 30.299 | 0.0331
57859.tiff | 87.118 | 57.299 | 29.820 | 0.0332
59827.tiff | 87.146 | 55.289 | 31.857 | 0.0331
58026.tiff | 87.158 | 56.911 | 30.247 | 0.0332
57860.tiff | 87.163 | 57.205 | 29.958 | 0.0332
53959.tiff | 87.183 | 58.459 | 28.724 | 0.0332
60247.tiff | 87.225 | 56.667 | 30.558 | 0.0331
60246.tiff | 87.243 | 57.892 | 29.351 | 0.0332
53958.tiff | 87.247 | 57.721 | 29.526 | 0.0332
55901.tiff | 87.254 | 56.652 | 30.602 | 0.0331
55902.tiff | 87.293 | 56.594 | 30.700 | 0.0332
59829.tiff | 87.302 | 55.749 | 31.552 | 0.0331
57862.tiff | 87.345 | 57.112 | 30.233 | 0.0331
53957.tiff | 87.353 | 57.961 | 29.392 | 0.0332
55903.tiff | 87.375 | 56.100 | 31.275 | 0.0332
53935.tiff | 87.378 | 57.967 | 29.411 | 0.0331
59831.tiff | 87.422 | 55.477 | 31.945 | 0.0331
57863.tiff | 87.424 | 56.477 | 30.947 | 0.0331
55904.tiff | 87.443 | 56.721 | 30.722 | 0.0331
53936.tiff | 87.471 | 56.948 | 30.523 | 0.0332
60243.tiff | 87.488 | 56.183 | 31.305 | 0.0331
57864.tiff | 87.525 | 56.817 | 30.708 | 0.0332
53937.tiff | 87.537 | 57.776 | 29.761 | 0.0331
55984.tiff | 87.547 | 56.276 | 31.271 | 0.0331
53954.tiff | 87.572 | 58.051 | 29.521 | 0.0332
55983.tiff | 87.617 | 55.986 | 31.631 | 0.0331
57865.tiff | 87.625 | 56.435 | 31.189 | 0.0332
55906.tiff | 87.628 | 56.091 | 31.536 | 0.0332
59833.tiff | 87.666 | 54.784 | 32.881 | 0.0332
58019.tiff | 87.678 | 56.593 | 31.085 | 0.0331
53953.tiff | 87.687 | 58.068 | 29.619 | 0.0331
55907.tiff | 87.710 | 56.018 | 31.693 | 0.0332
59834.tiff | 87.729 | 54.485 | 33.244 | 0.0331
53952.tiff | 87.760 | 58.051 | 29.709 | 0.0332
55981.tiff | 87.778 | 56.006 | 31.771 | 0.0333
53940.tiff | 87.788 | 58.107 | 29.681 | 0.0331
53941.tiff | 87.823 | 58.227 | 29.596 | 0.0331
57868.tiff | 87.844 | 56.667 | 31.177 | 0.0331
58017.tiff | 87.861 | 55.969 | 31.891 | 0.0331
53951.tiff | 87.894 | 57.376 | 30.517 | 0.0332
55979.tiff | 87.917 | 56.179 | 31.738 | 0.0332
53942.tiff | 87.929 | 57.268 | 30.661 | 0.0332
53950.tiff | 87.931 | 57.621 | 30.310 | 0.0331
59837.tiff | 87.961 | 54.955 | 33.006 | 0.0332
57870.tiff | 87.986 | 55.796 | 32.190 | 0.0332
60237.tiff | 87.998 | 55.441 | 32.558 | 0.0332
53943.tiff | 88.012 | 57.993 | 30.019 | 0.0331
55911.tiff | 88.041 | 55.380 | 32.661 | 0.0332
55977.tiff | 88.063 | 55.219 | 32.844 | 0.0332
58014.tiff | 88.089 | 55.410 | 32.679 | 0.0331
55912.tiff | 88.123 | 55.563 | 32.560 | 0.0331
57871.tiff | 88.135 | 56.260 | 31.875 | 0.0331
59839.tiff | 88.150 | 53.785 | 34.365 | 0.0331
57872.tiff | 88.166 | 55.217 | 32.949 | 0.0331
55913.tiff | 88.207 | 54.983 | 33.224 | 0.0331
53947.tiff | 88.215 | 56.495 | 31.720 | 0.0332
55975.tiff | 88.245 | 55.213 | 33.032 | 0.0332
53946.tiff | 88.267 | 57.087 | 31.180 | 0.0332
57873.tiff | 88.273 | 54.585 | 33.688 | 0.0331
55914.tiff | 88.302 | 53.581 | 34.721 | 0.0331
58011.tiff | 88.321 | 55.512 | 32.809 | 0.0332
55974.tiff | 88.346 | 55.877 | 32.469 | 0.0332
57875.tiff | 88.393 | 55.221 | 33.172 | 0.0332
58010.tiff | 88.405 | 55.628 | 32.777 | 0.0332
55973.tiff | 88.414 | 55.491 | 32.923 | 0.0332
57876.tiff | 88.481 | 54.888 | 33.594 | 0.0331
55917.tiff | 88.501 | 53.216 | 35.284 | 0.0332
58009.tiff | 88.511 | 55.182 | 33.329 | 0.0332
55972.tiff | 88.513 | 54.808 | 33.704 | 0.0332
55971.tiff | 88.559 | 55.373 | 33.185 | 0.0332
59845.tiff | 88.577 | 53.680 | 34.897 | 0.0331
60230.tiff | 88.620 | 55.068 | 33.552 | 0.0332
58007.tiff | 88.646 | 55.382 | 33.264 | 0.0332
59846.tiff | 88.652 | 53.597 | 35.055 | 0.0333
55919.tiff | 88.706 | 55.373 | 33.332 | 0.0331
57879.tiff | 88.754 | 55.390 | 33.363 | 0.0332
60229.tiff | 88.772 | 54.945 | 33.827 | 0.0332
55920.tiff | 88.789 | 55.183 | 33.606 | 0.0331
55921.tiff | 88.816 | 54.487 | 34.329 | 0.0332
58005.tiff | 88.839 | 54.324 | 34.515 | 0.0332
55967.tiff | 88.862 | 55.411 | 33.450 | 0.0332
59848.tiff | 88.876 | 53.912 | 34.964 | 0.0332
57882.tiff | 88.917 | 54.593 | 34.325 | 0.0331
55966.tiff | 88.933 | 54.351 | 34.582 | 0.0332
58003.tiff | 88.966 | 55.272 | 33.695 | 0.0332
60225.tiff | 89.006 | 52.706 | 36.300 | 0.0332
58002.tiff | 89.028 | 55.056 | 33.972 | 0.0332
55923.tiff | 89.042 | 55.861 | 33.181 | 0.0331
57883.tiff | 89.063 | 54.364 | 34.699 | 0.0332
55964.tiff | 89.096 | 54.628 | 34.468 | 0.0332
58001.tiff | 89.139 | 54.962 | 34.176 | 0.0332
57884.tiff | 89.158 | 54.434 | 34.725 | 0.0332
55963.tiff | 89.183 | 53.740 | 35.443 | 0.0331
59853.tiff | 89.218 | 53.611 | 35.607 | 0.0332
60223.tiff | 89.250 | 52.704 | 36.546 | 0.0331
55962.tiff | 89.272 | 55.053 | 34.219 | 0.0331
60222.tiff | 89.303 | 53.771 | 35.532 | 0.0332
55961.tiff | 89.336 | 54.928 | 34.408 | 0.0332
55927.tiff | 89.350 | 55.134 | 34.216 | 0.0332
60221.tiff | 89.403 | 54.089 | 35.314 | 0.0331
55928.tiff | 89.421 | 53.930 | 35.491 | 0.0332
59855.tiff | 89.423 | 52.187 | 37.237 | 0.0331
57888.tiff | 89.457 | 54.662 | 34.795 | 0.0331
60220.tiff | 89.511 | 53.276 | 36.235 | 0.0332
59856.tiff | 89.530 | 52.462 | 37.067 | 0.0332
57996.tiff | 89.540 | 54.650 | 34.890 | 0.0331
59857.tiff | 89.583 | 52.513 | 37.070 | 0.0332
57890.tiff | 89.588 | 54.981 | 34.607 | 0.0332
57995.tiff | 89.615 | 54.289 | 35.326 | 0.0331
57994.tiff | 89.658 | 53.381 | 36.277 | 0.0332
55957.tiff | 89.673 | 54.026 | 35.647 | 0.0332
55931.tiff | 89.688 | 54.896 | 34.792 | 0.0332
55932.tiff | 89.729 | 54.897 | 34.832 | 0.0332
57892.tiff | 89.767 | 53.992 | 35.776 | 0.0332
55955.tiff | 89.796 | 54.261 | 35.534 | 0.0331
57992.tiff | 89.820 | 54.189 | 35.631 | 0.0332
59860.tiff | 89.825 | 52.425 | 37.401 | 0.0332
55933.tiff | 89.835 | 54.624 | 35.211 | 0.0331
55934.tiff | 89.898 | 54.904 | 34.995 | 0.0332
60215.tiff | 89.935 | 51.948 | 37.987 | 0.0333
57894.tiff | 89.987 | 53.797 | 36.190 | 0.0331
55953.tiff | 90.012 | 53.994 | 36.018 | 0.0331
59862.tiff | 90.017 | 52.149 | 37.868 | 0.0331
60214.tiff | 90.031 | 52.292 | 37.739 | 0.0332
60213.tiff | 90.076 | 52.594 | 37.482 | 0.0331
55936.tiff | 90.099 | 54.116 | 35.983 | 0.0331
57896.tiff | 90.113 | 54.084 | 36.029 | 0.0332
60212.tiff | 90.150 | 53.859 | 36.291 | 0.0332
59864.tiff | 90.156 | 52.228 | 37.928 | 0.0332
57897.tiff | 90.208 | 53.120 | 37.087 | 0.0332
55950.tiff | 90.235 | 53.936 | 36.299 | 0.0332
59866.tiff | 90.278 | 52.191 | 38.087 | 0.0331
57987.tiff | 90.287 | 53.452 | 36.835 | 0.0331
55939.tiff | 90.295 | 54.384 | 35.911 | 0.0332
57898.tiff | 90.317 | 53.344 | 36.974 | 0.0331
59867.tiff | 90.359 | 51.881 | 38.478 | 0.0334
57899.tiff | 90.380 | 53.557 | 36.824 | 0.0332
55948.tiff | 90.411 | 53.704 | 36.707 | 0.0331
59868.tiff | 90.453 | 52.381 | 38.072 | 0.0332
57900.tiff | 90.467 | 52.665 | 37.802 | 0.0331
59869.tiff | 90.527 | 51.851 | 38.676 | 0.0332
60207.tiff | 90.550 | 52.328 | 38.222 | 0.0332
57983.tiff | 90.558 | 52.599 | 37.958 | 0.0332
55942.tiff | 90.566 | 53.289 | 37.277 | 0.0331
55943.tiff | 90.626 | 54.109 | 36.517 | 0.0332
60206.tiff | 90.638 | 52.444 | 38.193 | 0.0331
59870.tiff | 90.649 | 51.544 | 39.105 | 0.0332
57903.tiff | 90.671 | 53.623 | 37.048 | 0.0332
57981.tiff | 90.728 | 52.603 | 38.124 | 0.0332
57904.tiff | 90.759 | 53.755 | 37.004 | 0.0331
60205.tiff | 90.781 | 52.016 | 38.764 | 0.0331
57980.tiff | 90.815 | 52.940 | 37.875 | 0.0331
59873.tiff | 90.851 | 51.263 | 39.587 | 0.0331
57906.tiff | 90.934 | 53.413 | 37.521 | 0.0332
59874.tiff | 90.959 | 51.095 | 39.864 | 0.0331
57907.tiff | 90.999 | 53.326 | 37.674 | 0.0332
57977.tiff | 91.054 | 52.900 | 38.154 | 0.0331
57908.tiff | 91.086 | 53.098 | 37.989 | 0.0332
60200.tiff | 91.123 | 50.819 | 40.304 | 0.0331
57976.tiff | 91.166 | 52.451 | 38.715 | 0.0332
57975.tiff | 91.212 | 52.532 | 38.680 | 0.0332
57910.tiff | 91.279 | 52.727 | 38.552 | 0.0332
59878.tiff | 91.323 | 50.814 | 40.509 | 0.0331
57974.tiff | 91.336 | 52.594 | 38.742 | 0.0331
57911.tiff | 91.352 | 52.885 | 38.467 | 0.0332
57973.tiff | 91.395 | 52.647 | 38.748 | 0.0332
59880.tiff | 91.434 | 51.297 | 40.138 | 0.0332
59881.tiff | 91.470 | 50.261 | 41.209 | 0.0331
57971.tiff | 91.545 | 53.622 | 37.924 | 0.0332
57970.tiff | 91.574 | 52.184 | 39.390 | 0.0331
59882.tiff | 91.617 | 51.435 | 40.182 | 0.0332
59883.tiff | 91.642 | 50.824 | 40.818 | 0.0331
57969.tiff | 91.678 | 52.416 | 39.262 | 0.0331
59884.tiff | 91.763 | 51.203 | 40.560 | 0.0331
60193.tiff | 91.791 | 51.766 | 40.024 | 0.0331
57917.tiff | 91.821 | 51.051 | 40.770 | 0.0331
57967.tiff | 91.842 | 52.787 | 39.055 | 0.0332
57966.tiff | 91.898 | 52.673 | 39.224 | 0.0331
60191.tiff | 91.917 | 51.895 | 40.022 | 0.0331
59886.tiff | 91.968 | 50.817 | 41.151 | 0.0332
60190.tiff | 92.010 | 52.067 | 39.943 | 0.0332
57964.tiff | 92.049 | 52.349 | 39.699 | 0.0332
59888.tiff | 92.080 | 50.617 | 41.463 | 0.0331
57921.tiff | 92.150 | 52.545 | 39.605 | 0.0332
60188.tiff | 92.185 | 51.373 | 40.813 | 0.0331
57922.tiff | 92.213 | 52.200 | 40.013 | 0.0332
59890.tiff | 92.301 | 50.708 | 41.593 | 0.0332
57923.tiff | 92.323 | 52.336 | 39.987 | 0.0332
59891.tiff | 92.361 | 51.286 | 41.074 | 0.0331
57960.tiff | 92.419 | 51.252 | 41.167 | 0.0331
57924.tiff | 92.457 | 52.333 | 40.124 | 0.0332
59892.tiff | 92.471 | 50.943 | 41.528 | 0.0332
60184.tiff | 92.517 | 50.282 | 42.235 | 0.0331
57958.tiff | 92.556 | 52.633 | 39.923 | 0.0331
59894.tiff | 92.594 | 49.787 | 42.807 | 0.0331
57957.tiff | 92.652 | 51.115 | 41.537 | 0.0332
59895.tiff | 92.673 | 51.072 | 41.600 | 0.0331
57956.tiff | 92.739 | 52.127 | 40.612 | 0.0332
57928.tiff | 92.745 | 51.648 | 41.097 | 0.0332
57955.tiff | 92.801 | 51.511 | 41.291 | 0.0332
57929.tiff | 92.822 | 51.502 | 41.320 | 0.0331
59898.tiff | 92.871 | 50.447 | 42.424 | 0.0331
57930.tiff | 92.883 | 51.464 | 41.419 | 0.0332
59899.tiff | 92.941 | 49.924 | 43.017 | 0.0332
60179.tiff | 92.968 | 50.379 | 42.589 | 0.0332
57952.tiff | 93.041 | 51.412 | 41.629 | 0.0331
57932.tiff | 93.076 | 51.758 | 41.318 | 0.0331
57951.tiff | 93.108 | 52.136 | 40.972 | 0.0332
57950.tiff | 93.172 | 51.889 | 41.283 | 0.0331
60177.tiff | 93.258 | 49.439 | 43.819 | 0.0332
57935.tiff | 93.294 | 51.402 | 41.893 | 0.0332
60176.tiff | 93.306 | 50.296 | 43.009 | 0.0332
57949.tiff | 93.322 | 51.236 | 42.085 | 0.0331
60174.tiff | 93.380 | 50.258 | 43.122 | 0.0331
59904.tiff | 93.416 | 50.704 | 42.712 | 0.0332
57947.tiff | 93.434 | 51.750 | 41.685 | 0.0332
57946.tiff | 93.520 | 51.625 | 41.894 | 0.0332
60173.tiff | 93.564 | 50.583 | 42.980 | 0.0332
57938.tiff | 93.580 | 52.174 | 41.406 | 0.0331
60171.tiff | 93.657 | 49.712 | 43.946 | 0.0332
57944.tiff | 93.674 | 51.502 | 42.172 | 0.0331
59908.tiff | 93.736 | 49.001 | 44.736 | 0.0332
57940.tiff | 93.748 | 50.663 | 43.086 | 0.0332
60169.tiff | 93.754 | 51.001 | 42.753 | 0.0332
59909.tiff | 93.812 | 49.817 | 43.996 | 0.0332
57942.tiff | 93.868 | 51.001 | 42.866 | 0.0331
59911.tiff | 93.907 | 50.178 | 43.729 | 0.0331
59913.tiff | 94.012 | 50.283 | 43.728 | 0.0331
60166.tiff | 94.063 | 48.974 | 45.089 | 0.0332
59914.tiff | 94.156 | 49.606 | 44.549 | 0.0331
60164.tiff | 94.309 | 49.476 | 44.833 | 0.0332
60162.tiff | 94.401 | 48.825 | 45.576 | 0.0332
59917.tiff | 94.496 | 49.220 | 45.276 | 0.0332
59918.tiff | 94.549 | 50.060 | 44.489 | 0.0332
59919.tiff | 94.629 | 49.243 | 45.386 | 0.0332
59920.tiff | 94.752 | 49.984 | 44.767 | 0.0332
59921.tiff | 94.800 | 49.392 | 45.408 | 0.0331
60156.tiff | 94.876 | 48.514 | 46.362 | 0.0331
59923.tiff | 94.988 | 48.826 | 46.163 | 0.0332
60154.tiff | 95.027 | 46.493 | 48.534 | 0.0332
59925.tiff | 95.123 | 49.665 | 45.458 | 0.0332
59926.tiff | 95.168 | 49.850 | 45.318 | 0.0331
60151.tiff | 95.283 | 47.914 | 47.368 | 0.0332
59928.tiff | 95.346 | 49.490 | 45.856 | 0.0331
59929.tiff | 95.420 | 48.068 | 47.352 | 0.0332
59930.tiff | 95.546 | 48.750 | 46.796 | 0.0332
59931.tiff | 95.608 | 48.569 | 47.039 | 0.0332
59932.tiff | 95.698 | 46.505 | 49.193 | 0.0332
59933.tiff | 95.750 | 48.340 | 47.410 | 0.0331
60145.tiff | 95.765 | 47.752 | 48.013 | 0.0332
60144.tiff | 95.869 | 47.589 | 48.281 | 0.0332
60142.tiff | 96.005 | 46.560 | 49.445 | 0.0331
60143.tiff | 96.047 | 46.413 | 49.634 | 0.0331
60141.tiff | 96.155 | 47.586 | 48.569 | 0.0332
60120.tiff | 96.218 | 48.351 | 47.867 | 0.0332
60130.tiff | 96.224 | 46.570 | 49.654 | 0.0331
60127.tiff | 96.228 | 46.382 | 49.846 | 0.0332
60137.tiff | 96.233 | 46.080 | 50.153 | 0.0333
60123.tiff | 96.235 | 47.472 | 48.763 | 0.0331
59938.tiff | 96.241 | 46.730 | 49.511 | 0.0331
60132.tiff | 96.249 | 46.128 | 50.121 | 0.0331
60122.tiff | 96.251 | 46.949 | 49.302 | 0.0331
60112.tiff | 96.255 | 47.389 | 48.867 | 0.0331
60131.tiff | 96.258 | 47.700 | 48.558 | 0.0332
60117.tiff | 96.261 | 46.972 | 49.289 | 0.0331
60113.tiff | 96.264 | 46.401 | 49.863 | 0.0331
60088.tiff | 96.267 | 46.224 | 50.043 | 0.0332
60134.tiff | 96.268 | 48.093 | 48.175 | 0.0332
60119.tiff | 96.270 | 46.503 | 49.766 | 0.0332
60102.tiff | 96.274 | 48.119 | 48.156 | 0.0331
60089.tiff | 96.275 | 45.411 | 50.864 | 0.0332
60064.tiff | 96.280 | 47.347 | 48.933 | 0.0331
59939.tiff | 96.282 | 48.427 | 47.855 | 0.0331
60048.tiff | 96.283 | 46.540 | 49.743 | 0.0332
60070.tiff | 96.284 | 47.473 | 48.811 | 0.0332
60096.tiff | 96.286 | 47.816 | 48.470 | 0.0332
60063.tiff | 96.288 | 46.102 | 50.185 | 0.0331
60094.tiff | 96.290 | 47.295 | 48.995 | 0.0331
60103.tiff | 96.292 | 48.462 | 47.830 | 0.0332
60093.tiff | 96.295 | 48.522 | 47.772 | 0.0332
60105.tiff | 96.296 | 47.807 | 48.489 | 0.0331
60054.tiff | 96.297 | 47.884 | 48.413 | 0.0332
60009.tiff | 96.300 | 47.975 | 48.325 | 0.0332
60056.tiff | 96.302 | 46.183 | 50.120 | 0.0331
60075.tiff | 96.302 | 47.081 | 49.222 | 0.0332
60027.tiff | 96.303 | 48.175 | 48.128 | 0.0331
60079.tiff | 96.304 | 44.336 | 51.968 | 0.0332
60014.tiff | 96.305 | 47.622 | 48.683 | 0.0332
60046.tiff | 96.306 | 47.120 | 49.185 | 0.0332
60074.tiff | 96.307 | 46.211 | 50.096 | 0.0332
59949.tiff | 96.311 | 47.937 | 48.374 | 0.0332
60025.tiff | 96.312 | 47.073 | 49.239 | 0.0331
60085.tiff | 96.312 | 46.562 | 49.750 | 0.0331
60071.tiff | 96.315 | 47.603 | 48.712 | 0.0331
60068.tiff | 96.317 | 47.479 | 48.838 | 0.0332
60005.tiff | 96.318 | 48.627 | 47.691 | 0.0332
60024.tiff | 96.320 | 46.117 | 50.203 | 0.0332
60059.tiff | 96.322 | 47.280 | 49.042 | 0.0332
60052.tiff | 96.322 | 47.255 | 49.067 | 0.0332
60036.tiff | 96.323 | 45.010 | 51.313 | 0.0331
60044.tiff | 96.323 | 45.733 | 50.591 | 0.0331
60021.tiff | 96.324 | 46.827 | 49.496 | 0.0332
60053.tiff | 96.324 | 45.718 | 50.606 | 0.0332
60040.tiff | 96.325 | 45.371 | 50.954 | 0.0331
60004.tiff | 96.325 | 45.478 | 50.848 | 0.0331
60043.tiff | 96.326 | 47.706 | 48.620 | 0.0331
60076.tiff | 96.327 | 47.808 | 48.518 | 0.0332
59945.tiff | 96.328 | 47.005 | 49.322 | 0.0332
60100.tiff | 96.329 | 48.111 | 48.217 | 0.0332
60083.tiff | 96.329 | 47.542 | 48.787 | 0.0332
60055.tiff | 96.331 | 47.316 | 49.014 | 0.0332
60020.tiff | 96.333 | 46.628 | 49.704 | 0.0332
60073.tiff | 96.334 | 47.700 | 48.634 | 0.0332
59943.tiff | 96.334 | 46.637 | 49.697 | 0.0331
60012.tiff | 96.336 | 46.962 | 49.375 | 0.0332
60031.tiff | 96.339 | 47.460 | 48.880 | 0.0331
60006.tiff | 96.341 | 46.573 | 49.768 | 0.0332
59988.tiff | 96.342 | 45.326 | 51.016 | 0.0332
60028.tiff | 96.345 | 47.398 | 48.947 | 0.0332
59941.tiff | 96.347 | 45.093 | 51.254 | 0.0332
60016.tiff | 96.348 | 46.408 | 49.940 | 0.0331
59954.tiff | 96.350 | 46.530 | 49.820 | 0.0331
60042.tiff | 96.351 | 46.177 | 50.174 | 0.0332
59973.tiff | 96.354 | 47.584 | 48.770 | 0.0331
59970.tiff | 96.357 | 47.393 | 48.965 | 0.0331
60058.tiff | 96.358 | 46.758 | 49.600 | 0.0332
59955.tiff | 96.360 | 47.741 | 48.619 | 0.0331
59990.tiff | 96.364 | 47.504 | 48.860 | 0.0331
60034.tiff | 96.365 | 47.348 | 49.017 | 0.0332
59987.tiff | 96.366 | 46.606 | 49.759 | 0.0331
60019.tiff | 96.367 | 45.439 | 50.928 | 0.0332
59984.tiff | 96.370 | 47.697 | 48.673 | 0.0331
60007.tiff | 96.371 | 45.259 | 51.112 | 0.0331
59942.tiff | 96.372 | 47.399 | 48.972 | 0.0332
59999.tiff | 96.376 | 47.379 | 48.997 | 0.0331
59948.tiff | 96.378 | 46.944 | 49.434 | 0.0332
59998.tiff | 96.379 | 46.365 | 50.014 | 0.0331
59944.tiff | 96.381 | 47.099 | 49.281 | 0.0332
59947.tiff | 96.382 | 46.918 | 49.464 | 0.0333
59951.tiff | 96.384 | 47.999 | 48.385 | 0.0331
59958.tiff | 96.386 | 45.637 | 50.748 | 0.0332
59953.tiff | 96.387 | 48.844 | 47.543 | 0.0331
59992.tiff | 96.396 | 46.544 | 49.852 | 0.0331
59975.tiff | 96.398 | 47.567 | 48.831 | 0.0331
59985.tiff | 96.401 | 47.665 | 48.736 | 0.0332
59972.tiff | 96.403 | 47.961 | 48.442 | 0.0331
59963.tiff | 96.408 | 47.989 | 48.418 | 0.0332
59991.tiff | 96.418 | 46.172 | 50.246 | 0.0332
59983.tiff | 96.425 | 46.761 | 49.664 | 0.0332
59974.tiff | 96.428 | 47.747 | 48.681 | 0.0332
59959.tiff | 96.428 | 46.257 | 50.171 | 0.0332
59967.tiff | 96.436 | 46.602 | 49.833 | 0.0332
59957.tiff | 96.437 | 46.641 | 49.796 | 0.0331
59962.tiff | 96.444 | 48.881 | 47.563 | 0.0331
59976.tiff | 96.464 | 47.475 | 48.990 | 0.0331

===========================================================================
FINAL TEST RESULTS
===========================================================================
Test MAE:                 12.534976 µm
Test RMSE:                18.212797 µm
Test R²:                  -3.782846
Test Median AE:           7.518267 µm
Test Bias:                -11.976588 µm
Mean inference time:      0.034351 s/image
Median inference time:    0.033150 s/image

Prediction file:          test_predictions_fft_ss_final.csv
===========================================================================
